// Auto-generated .patchdata for hotpatch dispatch
// Family: attributes-custom-metadata
// Host class: AttributesCustomMetadataSubjects
// Size: 122776 bytes

#include <cstddef>
#include <cstdint>

extern const char* const kPatchDataHostClassName;
extern const char* const kPatchDataHostClassName = "AttributesCustomMetadataSubjects";

extern const uint8_t kPatchData[];
extern const uint8_t kPatchData[] = {
    0x54, 0x58, 0x41, 0x50, 0x02, 0x00, 0x00, 0x00, 0x7C, 0x00, 0x00, 0x00, 0x7C, 0x00, 0x00, 0x00,
    0x72, 0x02, 0x00, 0x00, 0xF0, 0x02, 0x00, 0x00, 0x20, 0x00, 0x00, 0x00, 0x10, 0x03, 0x00, 0x00,
    0x00, 0x00, 0x00, 0x00, 0x10, 0x03, 0x00, 0x00, 0x01, 0x00, 0x00, 0x00, 0x18, 0x03, 0x00, 0x00,
    0x0D, 0x00, 0x00, 0x00, 0xE8, 0x03, 0x00, 0x00, 0x01, 0x00, 0x00, 0x00, 0x00, 0x04, 0x00, 0x00,
    0x01, 0x00, 0x00, 0x00, 0x14, 0x04, 0x00, 0x00, 0x0A, 0x00, 0x00, 0x00, 0x2C, 0x05, 0x00, 0x00,
    0x0B, 0x00, 0x00, 0x00, 0x00, 0x00, 0x00, 0x00, 0x00, 0x00, 0x00, 0x00, 0xDC, 0x05, 0x00, 0x00,
    0x01, 0x01, 0x00, 0x00, 0xE0, 0x06, 0x00, 0x00, 0xB8, 0xD8, 0x01, 0x00, 0x0A, 0x00, 0x00, 0x00,
    0x00, 0x00, 0x00, 0x00, 0x00, 0x00, 0x00, 0x00, 0x00, 0x00, 0x00, 0x00, 0x00, 0x53, 0x79, 0x73,
    0x74, 0x65, 0x6D, 0x2E, 0x52, 0x75, 0x6E, 0x74, 0x69, 0x6D, 0x65, 0x00, 0x43, 0x6F, 0x6D, 0x70,
    0x69, 0x6C, 0x61, 0x74, 0x69, 0x6F, 0x6E, 0x52, 0x65, 0x6C, 0x61, 0x78, 0x61, 0x74, 0x69, 0x6F,
    0x6E, 0x73, 0x41, 0x74, 0x74, 0x72, 0x69, 0x62, 0x75, 0x74, 0x65, 0x00, 0x53, 0x79, 0x73, 0x74,
    0x65, 0x6D, 0x2E, 0x52, 0x75, 0x6E, 0x74, 0x69, 0x6D, 0x65, 0x2E, 0x43, 0x6F, 0x6D, 0x70, 0x69,
    0x6C, 0x65, 0x72, 0x53, 0x65, 0x72, 0x76, 0x69, 0x63, 0x65, 0x73, 0x00, 0x52, 0x75, 0x6E, 0x74,
    0x69, 0x6D, 0x65, 0x43, 0x6F, 0x6D, 0x70, 0x61, 0x74, 0x69, 0x62, 0x69, 0x6C, 0x69, 0x74, 0x79,
    0x41, 0x74, 0x74, 0x72, 0x69, 0x62, 0x75, 0x74, 0x65, 0x00, 0x44, 0x65, 0x62, 0x75, 0x67, 0x67,
    0x61, 0x62, 0x6C, 0x65, 0x41, 0x74, 0x74, 0x72, 0x69, 0x62, 0x75, 0x74, 0x65, 0x00, 0x53, 0x79,
    0x73, 0x74, 0x65, 0x6D, 0x2E, 0x44, 0x69, 0x61, 0x67, 0x6E, 0x6F, 0x73, 0x74, 0x69, 0x63, 0x73,
    0x00, 0x44, 0x65, 0x62, 0x75, 0x67, 0x67, 0x69, 0x6E, 0x67, 0x4D, 0x6F, 0x64, 0x65, 0x73, 0x00,
    0x54, 0x61, 0x72, 0x67, 0x65, 0x74, 0x46, 0x72, 0x61, 0x6D, 0x65, 0x77, 0x6F, 0x72, 0x6B, 0x41,
    0x74, 0x74, 0x72, 0x69, 0x62, 0x75, 0x74, 0x65, 0x00, 0x53, 0x79, 0x73, 0x74, 0x65, 0x6D, 0x2E,
    0x52, 0x75, 0x6E, 0x74, 0x69, 0x6D, 0x65, 0x2E, 0x56, 0x65, 0x72, 0x73, 0x69, 0x6F, 0x6E, 0x69,
    0x6E, 0x67, 0x00, 0x41, 0x73, 0x73, 0x65, 0x6D, 0x62, 0x6C, 0x79, 0x43, 0x6F, 0x6D, 0x70, 0x61,
    0x6E, 0x79, 0x41, 0x74, 0x74, 0x72, 0x69, 0x62, 0x75, 0x74, 0x65, 0x00, 0x53, 0x79, 0x73, 0x74,
    0x65, 0x6D, 0x2E, 0x52, 0x65, 0x66, 0x6C, 0x65, 0x63, 0x74, 0x69, 0x6F, 0x6E, 0x00, 0x41, 0x73,
    0x73, 0x65, 0x6D, 0x62, 0x6C, 0x79, 0x43, 0x6F, 0x6E, 0x66, 0x69, 0x67, 0x75, 0x72, 0x61, 0x74,
    0x69, 0x6F, 0x6E, 0x41, 0x74, 0x74, 0x72, 0x69, 0x62, 0x75, 0x74, 0x65, 0x00, 0x41, 0x73, 0x73,
    0x65, 0x6D, 0x62, 0x6C, 0x79, 0x46, 0x69, 0x6C, 0x65, 0x56, 0x65, 0x72, 0x73, 0x69, 0x6F, 0x6E,
    0x41, 0x74, 0x74, 0x72, 0x69, 0x62, 0x75, 0x74, 0x65, 0x00, 0x41, 0x73, 0x73, 0x65, 0x6D, 0x62,
    0x6C, 0x79, 0x49, 0x6E, 0x66, 0x6F, 0x72, 0x6D, 0x61, 0x74, 0x69, 0x6F, 0x6E, 0x61, 0x6C, 0x56,
    0x65, 0x72, 0x73, 0x69, 0x6F, 0x6E, 0x41, 0x74, 0x74, 0x72, 0x69, 0x62, 0x75, 0x74, 0x65, 0x00,
    0x41, 0x73, 0x73, 0x65, 0x6D, 0x62, 0x6C, 0x79, 0x50, 0x72, 0x6F, 0x64, 0x75, 0x63, 0x74, 0x41,
    0x74, 0x74, 0x72, 0x69, 0x62, 0x75, 0x74, 0x65, 0x00, 0x41, 0x73, 0x73, 0x65, 0x6D, 0x62, 0x6C,
    0x79, 0x54, 0x69, 0x74, 0x6C, 0x65, 0x41, 0x74, 0x74, 0x72, 0x69, 0x62, 0x75, 0x74, 0x65, 0x00,
    0x52, 0x65, 0x66, 0x53, 0x61, 0x66, 0x65, 0x74, 0x79, 0x52, 0x75, 0x6C, 0x65, 0x73, 0x41, 0x74,
    0x74, 0x72, 0x69, 0x62, 0x75, 0x74, 0x65, 0x00, 0x4F, 0x62, 0x6A, 0x65, 0x63, 0x74, 0x00, 0x53,
    0x79, 0x73, 0x74, 0x65, 0x6D, 0x00, 0x41, 0x74, 0x74, 0x72, 0x69, 0x62, 0x75, 0x74, 0x65, 0x73,
    0x43, 0x75, 0x73, 0x74, 0x6F, 0x6D, 0x4D, 0x65, 0x74, 0x61, 0x64, 0x61, 0x74, 0x61, 0x50, 0x61,
    0x74, 0x63, 0x68, 0x45, 0x6E, 0x74, 0x72, 0x79, 0x00, 0x5F, 0x65, 0x78, 0x69, 0x74, 0x43, 0x6F,
    0x64, 0x65, 0x00, 0x53, 0x75, 0x62, 0x6A, 0x65, 0x63, 0x74, 0x5F, 0x30, 0x00, 0x53, 0x75, 0x62,
    0x6A, 0x65, 0x63, 0x74, 0x5F, 0x31, 0x00, 0x53, 0x75, 0x62, 0x6A, 0x65, 0x63, 0x74, 0x5F, 0x32,
    0x00, 0x53, 0x75, 0x62, 0x6A, 0x65, 0x63, 0x74, 0x5F, 0x33, 0x00, 0x53, 0x75, 0x62, 0x6A, 0x65,
    0x63, 0x74, 0x5F, 0x34, 0x00, 0x53, 0x75, 0x62, 0x6A, 0x65, 0x63, 0x74, 0x5F, 0x35, 0x00, 0x53,
    0x75, 0x62, 0x6A, 0x65, 0x63, 0x74, 0x5F, 0x36, 0x00, 0x53, 0x75, 0x62, 0x6A, 0x65, 0x63, 0x74,
    0x5F, 0x37, 0x00, 0x53, 0x75, 0x62, 0x6A, 0x65, 0x63, 0x74, 0x5F, 0x38, 0x00, 0x52, 0x75, 0x6E,
    0x00, 0x2E, 0x63, 0x74, 0x6F, 0x72, 0x00, 0x41, 0x74, 0x74, 0x72, 0x69, 0x62, 0x75, 0x74, 0x65,
    0x73, 0x43, 0x75, 0x73, 0x74, 0x6F, 0x6D, 0x4D, 0x65, 0x74, 0x61, 0x64, 0x61, 0x74, 0x61, 0x50,
    0x61, 0x74, 0x63, 0x68, 0x45, 0x6E, 0x74, 0x72, 0x79, 0x2E, 0x64, 0x6C, 0x6C, 0x00, 0x00, 0x00,
    0x02, 0x06, 0x08, 0x03, 0x00, 0x00, 0x08, 0x04, 0x00, 0x01, 0x01, 0x08, 0x04, 0x20, 0x01, 0x01,
    0x08, 0x03, 0x20, 0x00, 0x01, 0x05, 0x20, 0x01, 0x01, 0x11, 0x11, 0x04, 0x20, 0x01, 0x01, 0x0E,
    0x01, 0x00, 0x00, 0x00, 0x01, 0x00, 0x00, 0x23, 0x10, 0x00, 0x00, 0x00, 0x30, 0x00, 0x00, 0x00,
    0x01, 0x00, 0x00, 0x23, 0x01, 0x00, 0x00, 0x01, 0x50, 0x00, 0x00, 0x00, 0x30, 0x00, 0x00, 0x00,
    0x01, 0x00, 0x00, 0x23, 0x02, 0x00, 0x00, 0x01, 0x6E, 0x00, 0x00, 0x00, 0x82, 0x00, 0x00, 0x00,
    0x01, 0x00, 0x00, 0x23, 0x03, 0x00, 0x00, 0x01, 0x95, 0x00, 0x00, 0x00, 0x00, 0x00, 0x00, 0x00,
    0x03, 0x00, 0x00, 0x01, 0x04, 0x00, 0x00, 0x01, 0xA4, 0x00, 0x00, 0x00, 0xBD, 0x00, 0x00, 0x00,
    0x01, 0x00, 0x00, 0x23, 0x05, 0x00, 0x00, 0x01, 0xD7, 0x00, 0x00, 0x00, 0xF0, 0x00, 0x00, 0x00,
    0x01, 0x00, 0x00, 0x23, 0x06, 0x00, 0x00, 0x01, 0x02, 0x01, 0x00, 0x00, 0xF0, 0x00, 0x00, 0x00,
    0x01, 0x00, 0x00, 0x23, 0x07, 0x00, 0x00, 0x01, 0x21, 0x01, 0x00, 0x00, 0xF0, 0x00, 0x00, 0x00,
    0x01, 0x00, 0x00, 0x23, 0x08, 0x00, 0x00, 0x01, 0x3E, 0x01, 0x00, 0x00, 0xF0, 0x00, 0x00, 0x00,
    0x01, 0x00, 0x00, 0x23, 0x09, 0x00, 0x00, 0x01, 0x64, 0x01, 0x00, 0x00, 0xF0, 0x00, 0x00, 0x00,
    0x01, 0x00, 0x00, 0x23, 0x0A, 0x00, 0x00, 0x01, 0x7D, 0x01, 0x00, 0x00, 0xF0, 0x00, 0x00, 0x00,
    0x01, 0x00, 0x00, 0x23, 0x0B, 0x00, 0x00, 0x01, 0x94, 0x01, 0x00, 0x00, 0x30, 0x00, 0x00, 0x00,
    0x01, 0x00, 0x00, 0x23, 0x0C, 0x00, 0x00, 0x01, 0xAC, 0x01, 0x00, 0x00, 0xB3, 0x01, 0x00, 0x00,
    0x01, 0x00, 0x00, 0x23, 0x0D, 0x00, 0x00, 0x01, 0xBA, 0x01, 0x00, 0x00, 0x00, 0x00, 0x00, 0x00,
    0x00, 0x00, 0x00, 0x02, 0x0D, 0x00, 0x00, 0x01, 0x02, 0x00, 0x00, 0x02, 0x81, 0x01, 0x00, 0x00,
    0xDD, 0x01, 0x00, 0x00, 0x00, 0x00, 0x00, 0x00, 0x02, 0x00, 0x00, 0x02, 0x01, 0x00, 0x00, 0x04,
    0x16, 0x00, 0x00, 0x00, 0xE7, 0x01, 0x00, 0x00, 0x03, 0x00, 0x00, 0x00, 0x00, 0x00, 0x00, 0x00,
    0x0C, 0x00, 0x00, 0x00, 0x02, 0x00, 0x00, 0x02, 0x01, 0x00, 0x00, 0x06, 0x00, 0x00, 0x96, 0x00,
    0xF1, 0x01, 0x00, 0x00, 0x03, 0x00, 0x00, 0x00, 0x0C, 0x00, 0x00, 0x00, 0x0C, 0x00, 0x00, 0x00,
    0x02, 0x00, 0x00, 0x02, 0x02, 0x00, 0x00, 0x06, 0x00, 0x00, 0x96, 0x00, 0xFB, 0x01, 0x00, 0x00,
    0x03, 0x00, 0x00, 0x00, 0x18, 0x00, 0x00, 0x00, 0x0C, 0x00, 0x00, 0x00, 0x02, 0x00, 0x00, 0x02,
    0x03, 0x00, 0x00, 0x06, 0x00, 0x00, 0x96, 0x00, 0x05, 0x02, 0x00, 0x00, 0x03, 0x00, 0x00, 0x00,
    0x24, 0x00, 0x00, 0x00, 0x0C, 0x00, 0x00, 0x00, 0x02, 0x00, 0x00, 0x02, 0x04, 0x00, 0x00, 0x06,
    0x00, 0x00, 0x96, 0x00, 0x0F, 0x02, 0x00, 0x00, 0x03, 0x00, 0x00, 0x00, 0x30, 0x00, 0x00, 0x00,
    0x0C, 0x00, 0x00, 0x00, 0x02, 0x00, 0x00, 0x02, 0x05, 0x00, 0x00, 0x06, 0x00, 0x00, 0x96, 0x00,
    0x19, 0x02, 0x00, 0x00, 0x03, 0x00, 0x00, 0x00, 0x3C, 0x00, 0x00, 0x00, 0x0C, 0x00, 0x00, 0x00,
    0x02, 0x00, 0x00, 0x02, 0x06, 0x00, 0x00, 0x06, 0x00, 0x00, 0x96, 0x00, 0x23, 0x02, 0x00, 0x00,
    0x03, 0x00, 0x00, 0x00, 0x48, 0x00, 0x00, 0x00, 0x0C, 0x00, 0x00, 0x00, 0x02, 0x00, 0x00, 0x02,
    0x07, 0x00, 0x00, 0x06, 0x00, 0x00, 0x96, 0x00, 0x2D, 0x02, 0x00, 0x00, 0x03, 0x00, 0x00, 0x00,
    0x54, 0x00, 0x00, 0x00, 0x0C, 0x00, 0x00, 0x00, 0x02, 0x00, 0x00, 0x02, 0x08, 0x00, 0x00, 0x06,
    0x00, 0x00, 0x96, 0x00, 0x37, 0x02, 0x00, 0x00, 0x03, 0x00, 0x00, 0x00, 0x60, 0x00, 0x00, 0x00,
    0x0C, 0x00, 0x00, 0x00, 0x02, 0x00, 0x00, 0x02, 0x09, 0x00, 0x00, 0x06, 0x00, 0x00, 0x96, 0x00,
    0x41, 0x02, 0x00, 0x00, 0x07, 0x00, 0x00, 0x00, 0x6C, 0x00, 0x00, 0x00, 0x95, 0x00, 0x00, 0x00,
    0x02, 0x00, 0x00, 0x02, 0x0A, 0x00, 0x00, 0x06, 0x00, 0x00, 0x96, 0x00, 0x45, 0x02, 0x00, 0x00,
    0x0C, 0x00, 0x00, 0x00, 0x01, 0x00, 0x00, 0x01, 0x01, 0x00, 0x00, 0x0A, 0x45, 0x02, 0x00, 0x00,
    0x11, 0x00, 0x00, 0x00, 0x02, 0x00, 0x00, 0x01, 0x02, 0x00, 0x00, 0x0A, 0x45, 0x02, 0x00, 0x00,
    0x15, 0x00, 0x00, 0x00, 0x03, 0x00, 0x00, 0x01, 0x03, 0x00, 0x00, 0x0A, 0x45, 0x02, 0x00, 0x00,
    0x1B, 0x00, 0x00, 0x00, 0x05, 0x00, 0x00, 0x01, 0x04, 0x00, 0x00, 0x0A, 0x45, 0x02, 0x00, 0x00,
    0x1B, 0x00, 0x00, 0x00, 0x06, 0x00, 0x00, 0x01, 0x05, 0x00, 0x00, 0x0A, 0x45, 0x02, 0x00, 0x00,
    0x1B, 0x00, 0x00, 0x00, 0x07, 0x00, 0x00, 0x01, 0x06, 0x00, 0x00, 0x0A, 0x45, 0x02, 0x00, 0x00,
    0x1B, 0x00, 0x00, 0x00, 0x08, 0x00, 0x00, 0x01, 0x07, 0x00, 0x00, 0x0A, 0x45, 0x02, 0x00, 0x00,
    0x1B, 0x00, 0x00, 0x00, 0x09, 0x00, 0x00, 0x01, 0x08, 0x00, 0x00, 0x0A, 0x45, 0x02, 0x00, 0x00,
    0x1B, 0x00, 0x00, 0x00, 0x0A, 0x00, 0x00, 0x01, 0x09, 0x00, 0x00, 0x0A, 0x45, 0x02, 0x00, 0x00,
    0x1B, 0x00, 0x00, 0x00, 0x0B, 0x00, 0x00, 0x01, 0x0A, 0x00, 0x00, 0x0A, 0x45, 0x02, 0x00, 0x00,
    0x0C, 0x00, 0x00, 0x00, 0x0C, 0x00, 0x00, 0x01, 0x0B, 0x00, 0x00, 0x0A, 0x2E, 0x00, 0x20, 0x00,
    0x00, 0x00, 0xB0, 0x0A, 0x2B, 0x00, 0x06, 0x2A, 0x2E, 0x00, 0x20, 0x01, 0x00, 0x00, 0xB0, 0x0A,
    0x2B, 0x00, 0x06, 0x2A, 0x2E, 0x00, 0x20, 0x02, 0x00, 0x00, 0xB0, 0x0A, 0x2B, 0x00, 0x06, 0x2A,
    0x2E, 0x00, 0x20, 0x03, 0x00, 0x00, 0xB0, 0x0A, 0x2B, 0x00, 0x06, 0x2A, 0x2E, 0x00, 0x20, 0x04,
    0x00, 0x00, 0xB0, 0x0A, 0x2B, 0x00, 0x06, 0x2A, 0x2E, 0x00, 0x20, 0x05, 0x00, 0x00, 0xB0, 0x0A,
    0x2B, 0x00, 0x06, 0x2A, 0x2E, 0x00, 0x20, 0x06, 0x00, 0x00, 0xB0, 0x0A, 0x2B, 0x00, 0x06, 0x2A,
    0x2E, 0x00, 0x20, 0x07, 0x00, 0x00, 0xB0, 0x0A, 0x2B, 0x00, 0x06, 0x2A, 0x2E, 0x00, 0x20, 0x08,
    0x00, 0x00, 0xB0, 0x0A, 0x2B, 0x00, 0x06, 0x2A, 0x03, 0x00, 0x01, 0x00, 0x89, 0x00, 0x00, 0x00,
    0x02, 0x00, 0x00, 0x11, 0x00, 0x00, 0x02, 0x0B, 0x07, 0x0A, 0x06, 0x45, 0x09, 0x00, 0x00, 0x00,
    0x02, 0x00, 0x00, 0x00, 0x0A, 0x00, 0x00, 0x00, 0x12, 0x00, 0x00, 0x00, 0x1A, 0x00, 0x00, 0x00,
    0x22, 0x00, 0x00, 0x00, 0x2A, 0x00, 0x00, 0x00, 0x32, 0x00, 0x00, 0x00, 0x3A, 0x00, 0x00, 0x00,
    0x42, 0x00, 0x00, 0x00, 0x2B, 0x48, 0x28, 0x01, 0x00, 0x00, 0x06, 0x26, 0x2B, 0x40, 0x28, 0x02,
    0x00, 0x00, 0x06, 0x26, 0x2B, 0x38, 0x28, 0x03, 0x00, 0x00, 0x06, 0x26, 0x2B, 0x30, 0x28, 0x04,
    0x00, 0x00, 0x06, 0x26, 0x2B, 0x28, 0x28, 0x05, 0x00, 0x00, 0x06, 0x26, 0x2B, 0x20, 0x28, 0x06,
    0x00, 0x00, 0x06, 0x26, 0x2B, 0x18, 0x28, 0x07, 0x00, 0x00, 0x06, 0x26, 0x2B, 0x10, 0x28, 0x08,
    0x00, 0x00, 0x06, 0x26, 0x2B, 0x08, 0x28, 0x09, 0x00, 0x00, 0x06, 0x26, 0x2B, 0x00, 0x00, 0xDE,
    0x0B, 0x26, 0x00, 0x17, 0x80, 0x01, 0x00, 0x00, 0x04, 0x00, 0xDE, 0x00, 0x2A, 0x00, 0x00, 0x00,
    0x00, 0x00, 0x00, 0x00, 0x3F, 0x2D, 0x00, 0x00, 0x7E, 0x5A, 0x00, 0x00, 0x1A, 0xA6, 0x00, 0x00,
    0xB6, 0xF1, 0x00, 0x00, 0x14, 0x35, 0x01, 0x00, 0x72, 0x78, 0x01, 0x00, 0xE7, 0xA4, 0x01, 0x00,
    0x5C, 0xD1, 0x01, 0x00, 0x8F, 0xD8, 0x01, 0x00, 0x7B, 0x0D, 0x0A, 0x20, 0x20, 0x20, 0x20, 0x20,
    0x20, 0x22, 0x6D, 0x65, 0x74, 0x68, 0x6F, 0x64, 0x49, 0x64, 0x22, 0x3A, 0x20, 0x22, 0x61, 0x74,
    0x74, 0x72, 0x69, 0x62, 0x75, 0x74, 0x65, 0x73, 0x2D, 0x63, 0x75, 0x73, 0x74, 0x6F, 0x6D, 0x2D,
    0x6D, 0x65, 0x74, 0x61, 0x64, 0x61, 0x74, 0x61, 0x2D, 0x73, 0x75, 0x62, 0x6A, 0x65, 0x63, 0x74,
    0x73, 0x2E, 0x61, 0x74, 0x74, 0x72, 0x69, 0x62, 0x75, 0x74, 0x65, 0x73, 0x2D, 0x63, 0x75, 0x73,
    0x74, 0x6F, 0x6D, 0x2D, 0x6D, 0x65, 0x74, 0x61, 0x64, 0x61, 0x74, 0x61, 0x2D, 0x73, 0x75, 0x62,
    0x6A, 0x65, 0x63, 0x74, 0x73, 0x2E, 0x73, 0x75, 0x62, 0x6A, 0x65, 0x63, 0x74, 0x2D, 0x30, 0x22,
    0x2C, 0x0D, 0x0A, 0x20, 0x20, 0x20, 0x20, 0x20, 0x20, 0x22, 0x73, 0x75, 0x62, 0x6A, 0x65, 0x63,
    0x74, 0x49, 0x64, 0x22, 0x3A, 0x20, 0x22, 0x41, 0x74, 0x74, 0x72, 0x69, 0x62, 0x75, 0x74, 0x65,
    0x73, 0x43, 0x75, 0x73, 0x74, 0x6F, 0x6D, 0x4D, 0x65, 0x74, 0x61, 0x64, 0x61, 0x74, 0x61, 0x53,
    0x75, 0x62, 0x6A, 0x65, 0x63, 0x74, 0x73, 0x2F, 0x41, 0x74, 0x74, 0x72, 0x69, 0x62, 0x75, 0x74,
    0x65, 0x73, 0x43, 0x75, 0x73, 0x74, 0x6F, 0x6D, 0x4D, 0x65, 0x74, 0x61, 0x64, 0x61, 0x74, 0x61,
    0x53, 0x75, 0x62, 0x6A, 0x65, 0x63, 0x74, 0x73, 0x3A, 0x3A, 0x53, 0x75, 0x62, 0x6A, 0x65, 0x63,
    0x74, 0x5F, 0x30, 0x3A, 0x53, 0x79, 0x73, 0x74, 0x65, 0x6D, 0x2E, 0x56, 0x6F, 0x69, 0x64, 0x28,
    0x29, 0x22, 0x2C, 0x0D, 0x0A, 0x20, 0x20, 0x20, 0x20, 0x20, 0x20, 0x22, 0x73, 0x69, 0x67, 0x6E,
    0x61, 0x74, 0x75, 0x72, 0x65, 0x22, 0x3A, 0x20, 0x22, 0x53, 0x79, 0x73, 0x74, 0x65, 0x6D, 0x2E,
    0x56, 0x6F, 0x69, 0x64, 0x20, 0x41, 0x74, 0x74, 0x72, 0x69, 0x62, 0x75, 0x74, 0x65, 0x73, 0x43,
    0x75, 0x73, 0x74, 0x6F, 0x6D, 0x4D, 0x65, 0x74, 0x61, 0x64, 0x61, 0x74, 0x61, 0x53, 0x75, 0x62,
    0x6A, 0x65, 0x63, 0x74, 0x73, 0x3A, 0x3A, 0x53, 0x75, 0x62, 0x6A, 0x65, 0x63, 0x74, 0x5F, 0x30,
    0x28, 0x29, 0x22, 0x2C, 0x0D, 0x0A, 0x20, 0x20, 0x20, 0x20, 0x20, 0x20, 0x22, 0x69, 0x64, 0x65,
    0x6E, 0x74, 0x69, 0x74, 0x79, 0x22, 0x3A, 0x20, 0x7B, 0x0D, 0x0A, 0x20, 0x20, 0x20, 0x20, 0x20,
    0x20, 0x20, 0x20, 0x22, 0x61, 0x73, 0x73, 0x65, 0x6D, 0x62, 0x6C, 0x79, 0x4E, 0x61, 0x6D, 0x65,
    0x22, 0x3A, 0x20, 0x22, 0x41, 0x74, 0x74, 0x72, 0x69, 0x62, 0x75, 0x74, 0x65, 0x73, 0x43, 0x75,
    0x73, 0x74, 0x6F, 0x6D, 0x4D, 0x65, 0x74, 0x61, 0x64, 0x61, 0x74, 0x61, 0x53, 0x75, 0x62, 0x6A,
    0x65, 0x63, 0x74, 0x73, 0x22, 0x2C, 0x0D, 0x0A, 0x20, 0x20, 0x20, 0x20, 0x20, 0x20, 0x20, 0x20,
    0x22, 0x64, 0x65, 0x63, 0x6C, 0x61, 0x72, 0x69, 0x6E, 0x67, 0x54, 0x79, 0x70, 0x65, 0x53, 0x75,
    0x62, 0x6A, 0x65, 0x63, 0x74, 0x49, 0x64, 0x22, 0x3A, 0x20, 0x22, 0x41, 0x74, 0x74, 0x72, 0x69,
    0x62, 0x75, 0x74, 0x65, 0x73, 0x43, 0x75, 0x73, 0x74, 0x6F, 0x6D, 0x4D, 0x65, 0x74, 0x61, 0x64,
    0x61, 0x74, 0x61, 0x53, 0x75, 0x62, 0x6A, 0x65, 0x63, 0x74, 0x73, 0x2F, 0x41, 0x74, 0x74, 0x72,
    0x69, 0x62, 0x75, 0x74, 0x65, 0x73, 0x43, 0x75, 0x73, 0x74, 0x6F, 0x6D, 0x4D, 0x65, 0x74, 0x61,
    0x64, 0x61, 0x74, 0x61, 0x53, 0x75, 0x62, 0x6A, 0x65, 0x63, 0x74, 0x73, 0x22, 0x2C, 0x0D, 0x0A,
    0x20, 0x20, 0x20, 0x20, 0x20, 0x20, 0x20, 0x20, 0x22, 0x64, 0x65, 0x66, 0x69, 0x6E, 0x69, 0x74,
    0x69, 0x6F, 0x6E, 0x53, 0x75, 0x62, 0x6A, 0x65, 0x63, 0x74, 0x49, 0x64, 0x22, 0x3A, 0x20, 0x22,
    0x41, 0x74, 0x74, 0x72, 0x69, 0x62, 0x75, 0x74, 0x65, 0x73, 0x43, 0x75, 0x73, 0x74, 0x6F, 0x6D,
    0x4D, 0x65, 0x74, 0x61, 0x64, 0x61, 0x74, 0x61, 0x53, 0x75, 0x62, 0x6A, 0x65, 0x63, 0x74, 0x73,
    0x2F, 0x41, 0x74, 0x74, 0x72, 0x69, 0x62, 0x75, 0x74, 0x65, 0x73, 0x43, 0x75, 0x73, 0x74, 0x6F,
    0x6D, 0x4D, 0x65, 0x74, 0x61, 0x64, 0x61, 0x74, 0x61, 0x53, 0x75, 0x62, 0x6A, 0x65, 0x63, 0x74,
    0x73, 0x3A, 0x3A, 0x53, 0x75, 0x62, 0x6A, 0x65, 0x63, 0x74, 0x5F, 0x30, 0x3A, 0x53, 0x79, 0x73,
    0x74, 0x65, 0x6D, 0x2E, 0x56, 0x6F, 0x69, 0x64, 0x28, 0x29, 0x22, 0x2C, 0x0D, 0x0A, 0x20, 0x20,
    0x20, 0x20, 0x20, 0x20, 0x20, 0x20, 0x22, 0x73, 0x75, 0x62, 0x6A, 0x65, 0x63, 0x74, 0x49, 0x64,
    0x22, 0x3A, 0x20, 0x22, 0x41, 0x74, 0x74, 0x72, 0x69, 0x62, 0x75, 0x74, 0x65, 0x73, 0x43, 0x75,
    0x73, 0x74, 0x6F, 0x6D, 0x4D, 0x65, 0x74, 0x61, 0x64, 0x61, 0x74, 0x61, 0x53, 0x75, 0x62, 0x6A,
    0x65, 0x63, 0x74, 0x73, 0x2F, 0x41, 0x74, 0x74, 0x72, 0x69, 0x62, 0x75, 0x74, 0x65, 0x73, 0x43,
    0x75, 0x73, 0x74, 0x6F, 0x6D, 0x4D, 0x65, 0x74, 0x61, 0x64, 0x61, 0x74, 0x61, 0x53, 0x75, 0x62,
    0x6A, 0x65, 0x63, 0x74, 0x73, 0x3A, 0x3A, 0x53, 0x75, 0x62, 0x6A, 0x65, 0x63, 0x74, 0x5F, 0x30,
    0x3A, 0x53, 0x79, 0x73, 0x74, 0x65, 0x6D, 0x2E, 0x56, 0x6F, 0x69, 0x64, 0x28, 0x29, 0x22, 0x2C,
    0x0D, 0x0A, 0x20, 0x20, 0x20, 0x20, 0x20, 0x20, 0x20, 0x20, 0x22, 0x6D, 0x65, 0x74, 0x68, 0x6F,
    0x64, 0x49, 0x64, 0x22, 0x3A, 0x20, 0x22, 0x61, 0x74, 0x74, 0x72, 0x69, 0x62, 0x75, 0x74, 0x65,
    0x73, 0x2D, 0x63, 0x75, 0x73, 0x74, 0x6F, 0x6D, 0x2D, 0x6D, 0x65, 0x74, 0x61, 0x64, 0x61, 0x74,
    0x61, 0x2D, 0x73, 0x75, 0x62, 0x6A, 0x65, 0x63, 0x74, 0x73, 0x2E, 0x61, 0x74, 0x74, 0x72, 0x69,
    0x62, 0x75, 0x74, 0x65, 0x73, 0x2D, 0x63, 0x75, 0x73, 0x74, 0x6F, 0x6D, 0x2D, 0x6D, 0x65, 0x74,
    0x61, 0x64, 0x61, 0x74, 0x61, 0x2D, 0x73, 0x75, 0x62, 0x6A, 0x65, 0x63, 0x74, 0x73, 0x2E, 0x73,
    0x75, 0x62, 0x6A, 0x65, 0x63, 0x74, 0x2D, 0x30, 0x22, 0x2C, 0x0D, 0x0A, 0x20, 0x20, 0x20, 0x20,
    0x20, 0x20, 0x20, 0x20, 0x22, 0x73, 0x69, 0x67, 0x6E, 0x61, 0x74, 0x75, 0x72, 0x65, 0x22, 0x3A,
    0x20, 0x22, 0x53, 0x79, 0x73, 0x74, 0x65, 0x6D, 0x2E, 0x56, 0x6F, 0x69, 0x64, 0x20, 0x41, 0x74,
    0x74, 0x72, 0x69, 0x62, 0x75, 0x74, 0x65, 0x73, 0x43, 0x75, 0x73, 0x74, 0x6F, 0x6D, 0x4D, 0x65,
    0x74, 0x61, 0x64, 0x61, 0x74, 0x61, 0x53, 0x75, 0x62, 0x6A, 0x65, 0x63, 0x74, 0x73, 0x3A, 0x3A,
    0x53, 0x75, 0x62, 0x6A, 0x65, 0x63, 0x74, 0x5F, 0x30, 0x28, 0x29, 0x22, 0x0D, 0x0A, 0x20, 0x20,
    0x20, 0x20, 0x20, 0x20, 0x7D, 0x2C, 0x0D, 0x0A, 0x20, 0x20, 0x20, 0x20, 0x20, 0x20, 0x22, 0x6E,
    0x61, 0x74, 0x69, 0x76, 0x65, 0x53, 0x79, 0x6D, 0x62, 0x6F, 0x6C, 0x22, 0x3A, 0x20, 0x22, 0x41,
    0x74, 0x74, 0x72, 0x69, 0x62, 0x75, 0x74, 0x65, 0x73, 0x43, 0x75, 0x73, 0x74, 0x6F, 0x6D, 0x4D,
    0x65, 0x74, 0x61, 0x64, 0x61, 0x74, 0x61, 0x53, 0x75, 0x62, 0x6A, 0x65, 0x63, 0x74, 0x73, 0x5F,
    0x41, 0x74, 0x74, 0x72, 0x69, 0x62, 0x75, 0x74, 0x65, 0x73, 0x43, 0x75, 0x73, 0x74, 0x6F, 0x6D,
    0x4D, 0x65, 0x74, 0x61, 0x64, 0x61, 0x74, 0x61, 0x53, 0x75, 0x62, 0x6A, 0x65, 0x63, 0x74, 0x73,
    0x5F, 0x53, 0x75, 0x62, 0x6A, 0x65, 0x63, 0x74, 0x5F, 0x30, 0x22, 0x2C, 0x0D, 0x0A, 0x20, 0x20,
    0x20, 0x20, 0x20, 0x20, 0x22, 0x69, 0x73, 0x53, 0x74, 0x61, 0x74, 0x69, 0x63, 0x22, 0x3A, 0x20,
    0x74, 0x72, 0x75, 0x65, 0x2C, 0x0D, 0x0A, 0x20, 0x20, 0x20, 0x20, 0x20, 0x20, 0x22, 0x72, 0x65,
    0x74, 0x75, 0x72, 0x6E, 0x54, 0x79, 0x70, 0x65, 0x22, 0x3A, 0x20, 0x22, 0x53, 0x79, 0x73, 0x74,
    0x65, 0x6D, 0x2E, 0x56, 0x6F, 0x69, 0x64, 0x22, 0x2C, 0x0D, 0x0A, 0x20, 0x20, 0x20, 0x20, 0x20,
    0x20, 0x22, 0x72, 0x65, 0x74, 0x75, 0x72, 0x6E, 0x41, 0x62, 0x69, 0x22, 0x3A, 0x20, 0x7B, 0x0D,
    0x0A, 0x20, 0x20, 0x20, 0x20, 0x20, 0x20, 0x20, 0x20, 0x22, 0x63, 0x61, 0x72, 0x72, 0x69, 0x65,
    0x72, 0x4B, 0x69, 0x6E, 0x64, 0x43, 0x6F, 0x64, 0x65, 0x22, 0x3A, 0x20, 0x30, 0x2C, 0x0D, 0x0A,
    0x20, 0x20, 0x20, 0x20, 0x20, 0x20, 0x20, 0x20, 0x22, 0x74, 0x79, 0x70, 0x65, 0x53, 0x68, 0x61,
    0x70, 0x65, 0x22, 0x3A, 0x20, 0x31, 0x0D, 0x0A, 0x20, 0x20, 0x20, 0x20, 0x20, 0x20, 0x7D, 0x2C,
    0x0D, 0x0A, 0x20, 0x20, 0x20, 0x20, 0x20, 0x20, 0x22, 0x70, 0x61, 0x72, 0x61, 0x6D, 0x65, 0x74,
    0x65, 0x72, 0x43, 0x6F, 0x75, 0x6E, 0x74, 0x22, 0x3A, 0x20, 0x30, 0x2C, 0x0D, 0x0A, 0x20, 0x20,
    0x20, 0x20, 0x20, 0x20, 0x22, 0x70, 0x61, 0x72, 0x61, 0x6D, 0x65, 0x74, 0x65, 0x72, 0x41, 0x62,
    0x69, 0x73, 0x22, 0x3A, 0x20, 0x5B, 0x5D, 0x2C, 0x0D, 0x0A, 0x20, 0x20, 0x20, 0x20, 0x20, 0x20,
    0x22, 0x6C, 0x6F, 0x63, 0x61, 0x6C, 0x43, 0x6F, 0x75, 0x6E, 0x74, 0x22, 0x3A, 0x20, 0x31, 0x2C,
    0x0D, 0x0A, 0x20, 0x20, 0x20, 0x20, 0x20, 0x20, 0x22, 0x65, 0x78, 0x63, 0x65, 0x70, 0x74, 0x69,
    0x6F, 0x6E, 0x52, 0x65, 0x67, 0x69, 0x6F, 0x6E, 0x43, 0x6F, 0x75, 0x6E, 0x74, 0x22, 0x3A, 0x20,
    0x30, 0x2C, 0x0D, 0x0A, 0x20, 0x20, 0x20, 0x20, 0x20, 0x20, 0x22, 0x65, 0x78, 0x63, 0x65, 0x70,
    0x74, 0x69, 0x6F, 0x6E, 0x52, 0x65, 0x67, 0x69, 0x6F, 0x6E, 0x73, 0x22, 0x3A, 0x20, 0x5B, 0x5D,
    0x2C, 0x0D, 0x0A, 0x20, 0x20, 0x20, 0x20, 0x20, 0x20, 0x22, 0x69, 0x6E, 0x73, 0x74, 0x72, 0x75,
    0x63, 0x74, 0x69, 0x6F, 0x6E, 0x73, 0x22, 0x3A, 0x20, 0x5B, 0x0D, 0x0A, 0x20, 0x20, 0x20, 0x20,
    0x20, 0x20, 0x20, 0x20, 0x7B, 0x0D, 0x0A, 0x20, 0x20, 0x20, 0x20, 0x20, 0x20, 0x20, 0x20, 0x20,
    0x20, 0x22, 0x6F, 0x70, 0x22, 0x3A, 0x20, 0x22, 0x6C, 0x64, 0x74, 0x6F, 0x6B, 0x65, 0x6E, 0x22,
    0x2C, 0x0D, 0x0A, 0x20, 0x20, 0x20, 0x20, 0x20, 0x20, 0x20, 0x20, 0x20, 0x20, 0x22, 0x6F, 0x70,
    0x43, 0x6F, 0x64, 0x65, 0x22, 0x3A, 0x20, 0x37, 0x30, 0x2C, 0x0D, 0x0A, 0x20, 0x20, 0x20, 0x20,
    0x20, 0x20, 0x20, 0x20, 0x20, 0x20, 0x22, 0x6F, 0x70, 0x65, 0x72, 0x61, 0x6E, 0x64, 0x22, 0x3A,
    0x20, 0x22, 0x53, 0x79, 0x73, 0x74, 0x65, 0x6D, 0x2E, 0x50, 0x72, 0x69, 0x76, 0x61, 0x74, 0x65,
    0x2E, 0x43, 0x6F, 0x72, 0x65, 0x4C, 0x69, 0x62, 0x2F, 0x53, 0x79, 0x73, 0x74, 0x65, 0x6D, 0x2E,
    0x42, 0x79, 0x74, 0x65, 0x22, 0x2C, 0x0D, 0x0A, 0x20, 0x20, 0x20, 0x20, 0x20, 0x20, 0x20, 0x20,
    0x20, 0x20, 0x22, 0x69, 0x6C, 0x4F, 0x66, 0x66, 0x73, 0x65, 0x74, 0x22, 0x3A, 0x20, 0x31, 0x2C,
    0x0D, 0x0A, 0x20, 0x20, 0x20, 0x20, 0x20, 0x20, 0x20, 0x20, 0x20, 0x20, 0x22, 0x72, 0x65, 0x73,
    0x75, 0x6C, 0x74, 0x54, 0x79, 0x70, 0x65, 0x22, 0x3A, 0x20, 0x22, 0x53, 0x79, 0x73, 0x74, 0x65,
    0x6D, 0x2E, 0x52, 0x75, 0x6E, 0x74, 0x69, 0x6D, 0x65, 0x54, 0x79, 0x70, 0x65, 0x48, 0x61, 0x6E,
    0x64, 0x6C, 0x65, 0x22, 0x2C, 0x0D, 0x0A, 0x20, 0x20, 0x20, 0x20, 0x20, 0x20, 0x20, 0x20, 0x20,
    0x20, 0x22, 0x72, 0x65, 0x66, 0x65, 0x72, 0x65, 0x6E, 0x63, 0x65, 0x22, 0x3A, 0x20, 0x7B, 0x0D,
    0x0A, 0x20, 0x20, 0x20, 0x20, 0x20, 0x20, 0x20, 0x20, 0x20, 0x20, 0x20, 0x20, 0x22, 0x61, 0x73,
    0x73, 0x65, 0x6D, 0x62, 0x6C, 0x79, 0x4E, 0x61, 0x6D, 0x65, 0x22, 0x3A, 0x20, 0x22, 0x53, 0x79,
    0x73, 0x74, 0x65, 0x6D, 0x2E, 0x50, 0x72, 0x69, 0x76, 0x61, 0x74, 0x65, 0x2E, 0x43, 0x6F, 0x72,
    0x65, 0x4C, 0x69, 0x62, 0x22, 0x2C, 0x0D, 0x0A, 0x20, 0x20, 0x20, 0x20, 0x20, 0x20, 0x20, 0x20,
    0x20, 0x20, 0x20, 0x20, 0x22, 0x73, 0x75, 0x62, 0x6A, 0x65, 0x63, 0x74, 0x4B, 0x69, 0x6E, 0x64,
    0x22, 0x3A, 0x20, 0x22, 0x74, 0x79, 0x70, 0x65, 0x22, 0x2C, 0x0D, 0x0A, 0x20, 0x20, 0x20, 0x20,
    0x20, 0x20, 0x20, 0x20, 0x20, 0x20, 0x20, 0x20, 0x22, 0x73, 0x75, 0x62, 0x6A, 0x65, 0x63, 0x74,
    0x49, 0x64, 0x22, 0x3A, 0x20, 0x22, 0x53, 0x79, 0x73, 0x74, 0x65, 0x6D, 0x2E, 0x50, 0x72, 0x69,
    0x76, 0x61, 0x74, 0x65, 0x2E, 0x43, 0x6F, 0x72, 0x65, 0x4C, 0x69, 0x62, 0x2F, 0x53, 0x79, 0x73,
    0x74, 0x65, 0x6D, 0x2E, 0x42, 0x79, 0x74, 0x65, 0x22, 0x0D, 0x0A, 0x20, 0x20, 0x20, 0x20, 0x20,
    0x20, 0x20, 0x20, 0x20, 0x20, 0x7D, 0x2C, 0x0D, 0x0A, 0x20, 0x20, 0x20, 0x20, 0x20, 0x20, 0x20,
    0x20, 0x20, 0x20, 0x22, 0x74, 0x61, 0x72, 0x67, 0x65, 0x74, 0x52, 0x65, 0x66, 0x65, 0x72, 0x65,
    0x6E, 0x63, 0x65, 0x22, 0x3A, 0x20, 0x7B, 0x0D, 0x0A, 0x20, 0x20, 0x20, 0x20, 0x20, 0x20, 0x20,
    0x20, 0x20, 0x20, 0x20, 0x20, 0x22, 0x6B, 0x69, 0x6E, 0x64, 0x22, 0x3A, 0x20, 0x31, 0x2C, 0x0D,
    0x0A, 0x20, 0x20, 0x20, 0x20, 0x20, 0x20, 0x20, 0x20, 0x20, 0x20, 0x20, 0x20, 0x22, 0x61, 0x73,
    0x73, 0x65, 0x6D, 0x62, 0x6C, 0x79, 0x4E, 0x61, 0x6D, 0x65, 0x22, 0x3A, 0x20, 0x22, 0x53, 0x79,
    0x73, 0x74, 0x65, 0x6D, 0x2E, 0x50, 0x72, 0x69, 0x76, 0x61, 0x74, 0x65, 0x2E, 0x43, 0x6F, 0x72,
    0x65, 0x4C, 0x69, 0x62, 0x22, 0x2C, 0x0D, 0x0A, 0x20, 0x20, 0x20, 0x20, 0x20, 0x20, 0x20, 0x20,
    0x20, 0x20, 0x20, 0x20, 0x22, 0x73, 0x75, 0x62, 0x6A, 0x65, 0x63, 0x74, 0x49, 0x64, 0x22, 0x3A,
    0x20, 0x22, 0x53, 0x79, 0x73, 0x74, 0x65, 0x6D, 0x2E, 0x50, 0x72, 0x69, 0x76, 0x61, 0x74, 0x65,
    0x2E, 0x43, 0x6F, 0x72, 0x65, 0x4C, 0x69, 0x62, 0x2F, 0x53, 0x79, 0x73, 0x74, 0x65, 0x6D, 0x2E,
    0x42, 0x79, 0x74, 0x65, 0x22, 0x2C, 0x0D, 0x0A, 0x20, 0x20, 0x20, 0x20, 0x20, 0x20, 0x20, 0x20,
    0x20, 0x20, 0x20, 0x20, 0x22, 0x74, 0x79, 0x70, 0x65, 0x53, 0x68, 0x61, 0x70, 0x65, 0x22, 0x3A,
    0x20, 0x31, 0x2C, 0x0D, 0x0A, 0x20, 0x20, 0x20, 0x20, 0x20, 0x20, 0x20, 0x20, 0x20, 0x20, 0x20,
    0x20, 0x22, 0x61, 0x72, 0x72, 0x61, 0x79, 0x45, 0x6C, 0x65, 0x6D, 0x65, 0x6E, 0x74, 0x54, 0x79,
    0x70, 0x65, 0x53, 0x68, 0x61, 0x70, 0x65, 0x22, 0x3A, 0x20, 0x30, 0x2C, 0x0D, 0x0A, 0x20, 0x20,
    0x20, 0x20, 0x20, 0x20, 0x20, 0x20, 0x20, 0x20, 0x20, 0x20, 0x22, 0x69, 0x73, 0x53, 0x65, 0x61,
    0x6C, 0x65, 0x64, 0x22, 0x3A, 0x20, 0x66, 0x61, 0x6C, 0x73, 0x65, 0x2C, 0x0D, 0x0A, 0x20, 0x20,
    0x20, 0x20, 0x20, 0x20, 0x20, 0x20, 0x20, 0x20, 0x20, 0x20, 0x22, 0x69, 0x73, 0x43, 0x6F, 0x6D,
    0x49, 0x6D, 0x70, 0x6F, 0x72, 0x74, 0x22, 0x3A, 0x20, 0x66, 0x61, 0x6C, 0x73, 0x65, 0x2C, 0x0D,
    0x0A, 0x20, 0x20, 0x20, 0x20, 0x20, 0x20, 0x20, 0x20, 0x20, 0x20, 0x20, 0x20, 0x22, 0x63, 0x6F,
    0x6D, 0x49, 0x6E, 0x74, 0x65, 0x72, 0x66, 0x61, 0x63, 0x65, 0x54, 0x79, 0x70, 0x65, 0x4B, 0x69,
    0x6E, 0x64, 0x22, 0x3A, 0x20, 0x30, 0x2C, 0x0D, 0x0A, 0x20, 0x20, 0x20, 0x20, 0x20, 0x20, 0x20,
    0x20, 0x20, 0x20, 0x20, 0x20, 0x22, 0x64, 0x65, 0x63, 0x6C, 0x61, 0x72, 0x69, 0x6E, 0x67, 0x54,
    0x79, 0x70, 0x65, 0x53, 0x68, 0x61, 0x70, 0x65, 0x22, 0x3A, 0x20, 0x30, 0x0D, 0x0A, 0x20, 0x20,
    0x20, 0x20, 0x20, 0x20, 0x20, 0x20, 0x20, 0x20, 0x7D, 0x2C, 0x0D, 0x0A, 0x20, 0x20, 0x20, 0x20,
    0x20, 0x20, 0x20, 0x20, 0x20, 0x20, 0x22, 0x69, 0x73, 0x50, 0x72, 0x65, 0x73, 0x65, 0x72, 0x76,
    0x65, 0x53, 0x69, 0x67, 0x22, 0x3A, 0x20, 0x66, 0x61, 0x6C, 0x73, 0x65, 0x0D, 0x0A, 0x20, 0x20,
    0x20, 0x20, 0x20, 0x20, 0x20, 0x20, 0x7D, 0x2C, 0x0D, 0x0A, 0x20, 0x20, 0x20, 0x20, 0x20, 0x20,
    0x20, 0x20, 0x7B, 0x0D, 0x0A, 0x20, 0x20, 0x20, 0x20, 0x20, 0x20, 0x20, 0x20, 0x20, 0x20, 0x22,
    0x6F, 0x70, 0x22, 0x3A, 0x20, 0x22, 0x63, 0x61, 0x6C, 0x6C, 0x22, 0x2C, 0x0D, 0x0A, 0x20, 0x20,
    0x20, 0x20, 0x20, 0x20, 0x20, 0x20, 0x20, 0x20, 0x22, 0x6F, 0x70, 0x43, 0x6F, 0x64, 0x65, 0x22,
    0x3A, 0x20, 0x31, 0x34, 0x2C, 0x0D, 0x0A, 0x20, 0x20, 0x20, 0x20, 0x20, 0x20, 0x20, 0x20, 0x20,
    0x20, 0x22, 0x69, 0x6C, 0x4F, 0x66, 0x66, 0x73, 0x65, 0x74, 0x22, 0x3A, 0x20, 0x36, 0x2C, 0x0D,
    0x0A, 0x20, 0x20, 0x20, 0x20, 0x20, 0x20, 0x20, 0x20, 0x20, 0x20, 0x22, 0x72, 0x65, 0x73, 0x75,
    0x6C, 0x74, 0x54, 0x79, 0x70, 0x65, 0x22, 0x3A, 0x20, 0x22, 0x53, 0x79, 0x73, 0x74, 0x65, 0x6D,
    0x2E, 0x54, 0x79, 0x70, 0x65, 0x22, 0x2C, 0x0D, 0x0A, 0x20, 0x20, 0x20, 0x20, 0x20, 0x20, 0x20,
    0x20, 0x20, 0x20, 0x22, 0x63, 0x61, 0x6C, 0x6C, 0x65, 0x65, 0x22, 0x3A, 0x20, 0x22, 0x53, 0x79,
    0x73, 0x74, 0x65, 0x6D, 0x2E, 0x50, 0x72, 0x69, 0x76, 0x61, 0x74, 0x65, 0x2E, 0x43, 0x6F, 0x72,
    0x65, 0x4C, 0x69, 0x62, 0x2F, 0x53, 0x79, 0x73, 0x74, 0x65, 0x6D, 0x2E, 0x54, 0x79, 0x70, 0x65,
    0x3A, 0x3A, 0x47, 0x65, 0x74, 0x54, 0x79, 0x70, 0x65, 0x46, 0x72, 0x6F, 0x6D, 0x48, 0x61, 0x6E,
    0x64, 0x6C, 0x65, 0x3A, 0x53, 0x79, 0x73, 0x74, 0x65, 0x6D, 0x2E, 0x54, 0x79, 0x70, 0x65, 0x28,
    0x53, 0x79, 0x73, 0x74, 0x65, 0x6D, 0x2E, 0x52, 0x75, 0x6E, 0x74, 0x69, 0x6D, 0x65, 0x54, 0x79,
    0x70, 0x65, 0x48, 0x61, 0x6E, 0x64, 0x6C, 0x65, 0x29, 0x22, 0x2C, 0x0D, 0x0A, 0x20, 0x20, 0x20,
    0x20, 0x20, 0x20, 0x20, 0x20, 0x20, 0x20, 0x22, 0x72, 0x65, 0x66, 0x65, 0x72, 0x65, 0x6E, 0x63,
    0x65, 0x22, 0x3A, 0x20, 0x7B, 0x0D, 0x0A, 0x20, 0x20, 0x20, 0x20, 0x20, 0x20, 0x20, 0x20, 0x20,
    0x20, 0x20, 0x20, 0x22, 0x61, 0x73, 0x73, 0x65, 0x6D, 0x62, 0x6C, 0x79, 0x4E, 0x61, 0x6D, 0x65,
    0x22, 0x3A, 0x20, 0x22, 0x53, 0x79, 0x73, 0x74, 0x65, 0x6D, 0x2E, 0x50, 0x72, 0x69, 0x76, 0x61,
    0x74, 0x65, 0x2E, 0x43, 0x6F, 0x72, 0x65, 0x4C, 0x69, 0x62, 0x22, 0x2C, 0x0D, 0x0A, 0x20, 0x20,
    0x20, 0x20, 0x20, 0x20, 0x20, 0x20, 0x20, 0x20, 0x20, 0x20, 0x22, 0x73, 0x75, 0x62, 0x6A, 0x65,
    0x63, 0x74, 0x4B, 0x69, 0x6E, 0x64, 0x22, 0x3A, 0x20, 0x22, 0x6D, 0x65, 0x74, 0x68, 0x6F, 0x64,
    0x22, 0x2C, 0x0D, 0x0A, 0x20, 0x20, 0x20, 0x20, 0x20, 0x20, 0x20, 0x20, 0x20, 0x20, 0x20, 0x20,
    0x22, 0x73, 0x75, 0x62, 0x6A, 0x65, 0x63, 0x74, 0x49, 0x64, 0x22, 0x3A, 0x20, 0x22, 0x53, 0x79,
    0x73, 0x74, 0x65, 0x6D, 0x2E, 0x50, 0x72, 0x69, 0x76, 0x61, 0x74, 0x65, 0x2E, 0x43, 0x6F, 0x72,
    0x65, 0x4C, 0x69, 0x62, 0x2F, 0x53, 0x79, 0x73, 0x74, 0x65, 0x6D, 0x2E, 0x54, 0x79, 0x70, 0x65,
    0x3A, 0x3A, 0x47, 0x65, 0x74, 0x54, 0x79, 0x70, 0x65, 0x46, 0x72, 0x6F, 0x6D, 0x48, 0x61, 0x6E,
    0x64, 0x6C, 0x65, 0x3A, 0x53, 0x79, 0x73, 0x74, 0x65, 0x6D, 0x2E, 0x54, 0x79, 0x70, 0x65, 0x28,
    0x53, 0x79, 0x73, 0x74, 0x65, 0x6D, 0x2E, 0x52, 0x75, 0x6E, 0x74, 0x69, 0x6D, 0x65, 0x54, 0x79,
    0x70, 0x65, 0x48, 0x61, 0x6E, 0x64, 0x6C, 0x65, 0x29, 0x22, 0x0D, 0x0A, 0x20, 0x20, 0x20, 0x20,
    0x20, 0x20, 0x20, 0x20, 0x20, 0x20, 0x7D, 0x2C, 0x0D, 0x0A, 0x20, 0x20, 0x20, 0x20, 0x20, 0x20,
    0x20, 0x20, 0x20, 0x20, 0x22, 0x74, 0x61, 0x72, 0x67, 0x65, 0x74, 0x52, 0x65, 0x66, 0x65, 0x72,
    0x65, 0x6E, 0x63, 0x65, 0x22, 0x3A, 0x20, 0x7B, 0x0D, 0x0A, 0x20, 0x20, 0x20, 0x20, 0x20, 0x20,
    0x20, 0x20, 0x20, 0x20, 0x20, 0x20, 0x22, 0x6B, 0x69, 0x6E, 0x64, 0x22, 0x3A, 0x20, 0x33, 0x2C,
    0x0D, 0x0A, 0x20, 0x20, 0x20, 0x20, 0x20, 0x20, 0x20, 0x20, 0x20, 0x20, 0x20, 0x20, 0x22, 0x61,
    0x73, 0x73, 0x65, 0x6D, 0x62, 0x6C, 0x79, 0x4E, 0x61, 0x6D, 0x65, 0x22, 0x3A, 0x20, 0x22, 0x53,
    0x79, 0x73, 0x74, 0x65, 0x6D, 0x2E, 0x50, 0x72, 0x69, 0x76, 0x61, 0x74, 0x65, 0x2E, 0x43, 0x6F,
    0x72, 0x65, 0x4C, 0x69, 0x62, 0x22, 0x2C, 0x0D, 0x0A, 0x20, 0x20, 0x20, 0x20, 0x20, 0x20, 0x20,
    0x20, 0x20, 0x20, 0x20, 0x20, 0x22, 0x73, 0x75, 0x62, 0x6A, 0x65, 0x63, 0x74, 0x49, 0x64, 0x22,
    0x3A, 0x20, 0x22, 0x53, 0x79, 0x73, 0x74, 0x65, 0x6D, 0x2E, 0x50, 0x72, 0x69, 0x76, 0x61, 0x74,
    0x65, 0x2E, 0x43, 0x6F, 0x72, 0x65, 0x4C, 0x69, 0x62, 0x2F, 0x53, 0x79, 0x73, 0x74, 0x65, 0x6D,
    0x2E, 0x54, 0x79, 0x70, 0x65, 0x3A, 0x3A, 0x47, 0x65, 0x74, 0x54, 0x79, 0x70, 0x65, 0x46, 0x72,
    0x6F, 0x6D, 0x48, 0x61, 0x6E, 0x64, 0x6C, 0x65, 0x3A, 0x53, 0x79, 0x73, 0x74, 0x65, 0x6D, 0x2E,
    0x54, 0x79, 0x70, 0x65, 0x28, 0x53, 0x79, 0x73, 0x74, 0x65, 0x6D, 0x2E, 0x52, 0x75, 0x6E, 0x74,
    0x69, 0x6D, 0x65, 0x54, 0x79, 0x70, 0x65, 0x48, 0x61, 0x6E, 0x64, 0x6C, 0x65, 0x29, 0x22, 0x2C,
    0x0D, 0x0A, 0x20, 0x20, 0x20, 0x20, 0x20, 0x20, 0x20, 0x20, 0x20, 0x20, 0x20, 0x20, 0x22, 0x74,
    0x79, 0x70, 0x65, 0x53, 0x68, 0x61, 0x70, 0x65, 0x22, 0x3A, 0x20, 0x30, 0x2C, 0x0D, 0x0A, 0x20,
    0x20, 0x20, 0x20, 0x20, 0x20, 0x20, 0x20, 0x20, 0x20, 0x20, 0x20, 0x22, 0x61, 0x72, 0x72, 0x61,
    0x79, 0x45, 0x6C, 0x65, 0x6D, 0x65, 0x6E, 0x74, 0x54, 0x79, 0x70, 0x65, 0x53, 0x68, 0x61, 0x70,
    0x65, 0x22, 0x3A, 0x20, 0x30, 0x2C, 0x0D, 0x0A, 0x20, 0x20, 0x20, 0x20, 0x20, 0x20, 0x20, 0x20,
    0x20, 0x20, 0x20, 0x20, 0x22, 0x69, 0x73, 0x53, 0x65, 0x61, 0x6C, 0x65, 0x64, 0x22, 0x3A, 0x20,
    0x66, 0x61, 0x6C, 0x73, 0x65, 0x2C, 0x0D, 0x0A, 0x20, 0x20, 0x20, 0x20, 0x20, 0x20, 0x20, 0x20,
    0x20, 0x20, 0x20, 0x20, 0x22, 0x69, 0x73, 0x43, 0x6F, 0x6D, 0x49, 0x6D, 0x70, 0x6F, 0x72, 0x74,
    0x22, 0x3A, 0x20, 0x66, 0x61, 0x6C, 0x73, 0x65, 0x2C, 0x0D, 0x0A, 0x20, 0x20, 0x20, 0x20, 0x20,
    0x20, 0x20, 0x20, 0x20, 0x20, 0x20, 0x20, 0x22, 0x63, 0x6F, 0x6D, 0x49, 0x6E, 0x74, 0x65, 0x72,
    0x66, 0x61, 0x63, 0x65, 0x54, 0x79, 0x70, 0x65, 0x4B, 0x69, 0x6E, 0x64, 0x22, 0x3A, 0x20, 0x30,
    0x2C, 0x0D, 0x0A, 0x20, 0x20, 0x20, 0x20, 0x20, 0x20, 0x20, 0x20, 0x20, 0x20, 0x20, 0x20, 0x22,
    0x64, 0x65, 0x63, 0x6C, 0x61, 0x72, 0x69, 0x6E, 0x67, 0x54, 0x79, 0x70, 0x65, 0x53, 0x68, 0x61,
    0x70, 0x65, 0x22, 0x3A, 0x20, 0x30, 0x0D, 0x0A, 0x20, 0x20, 0x20, 0x20, 0x20, 0x20, 0x20, 0x20,
    0x20, 0x20, 0x7D, 0x2C, 0x0D, 0x0A, 0x20, 0x20, 0x20, 0x20, 0x20, 0x20, 0x20, 0x20, 0x20, 0x20,
    0x22, 0x64, 0x69, 0x73, 0x70, 0x61, 0x74, 0x63, 0x68, 0x4B, 0x69, 0x6E, 0x64, 0x43, 0x6F, 0x64,
    0x65, 0x22, 0x3A, 0x20, 0x34, 0x2C, 0x0D, 0x0A, 0x20, 0x20, 0x20, 0x20, 0x20, 0x20, 0x20, 0x20,
    0x20, 0x20, 0x22, 0x69, 0x73, 0x50, 0x72, 0x65, 0x73, 0x65, 0x72, 0x76, 0x65, 0x53, 0x69, 0x67,
    0x22, 0x3A, 0x20, 0x66, 0x61, 0x6C, 0x73, 0x65, 0x0D, 0x0A, 0x20, 0x20, 0x20, 0x20, 0x20, 0x20,
    0x20, 0x20, 0x7D, 0x2C, 0x0D, 0x0A, 0x20, 0x20, 0x20, 0x20, 0x20, 0x20, 0x20, 0x20, 0x7B, 0x0D,
    0x0A, 0x20, 0x20, 0x20, 0x20, 0x20, 0x20, 0x20, 0x20, 0x20, 0x20, 0x22, 0x6F, 0x70, 0x22, 0x3A,
    0x20, 0x22, 0x63, 0x61, 0x6C, 0x6C, 0x76, 0x69, 0x72, 0x74, 0x22, 0x2C, 0x0D, 0x0A, 0x20, 0x20,
    0x20, 0x20, 0x20, 0x20, 0x20, 0x20, 0x20, 0x20, 0x22, 0x6F, 0x70, 0x43, 0x6F, 0x64, 0x65, 0x22,
    0x3A, 0x20, 0x31, 0x35, 0x2C, 0x0D, 0x0A, 0x20, 0x20, 0x20, 0x20, 0x20, 0x20, 0x20, 0x20, 0x20,
    0x20, 0x22, 0x69, 0x6C, 0x4F, 0x66, 0x66, 0x73, 0x65, 0x74, 0x22, 0x3A, 0x20, 0x31, 0x31, 0x2C,
    0x0D, 0x0A, 0x20, 0x20, 0x20, 0x20, 0x20, 0x20, 0x20, 0x20, 0x20, 0x20, 0x22, 0x72, 0x65, 0x73,
    0x75, 0x6C, 0x74, 0x54, 0x79, 0x70, 0x65, 0x22, 0x3A, 0x20, 0x22, 0x53, 0x79, 0x73, 0x74, 0x65,
    0x6D, 0x2E, 0x52, 0x65, 0x66, 0x6C, 0x65, 0x63, 0x74, 0x69, 0x6F, 0x6E, 0x2E, 0x41, 0x73, 0x73,
    0x65, 0x6D, 0x62, 0x6C, 0x79, 0x22, 0x2C, 0x0D, 0x0A, 0x20, 0x20, 0x20, 0x20, 0x20, 0x20, 0x20,
    0x20, 0x20, 0x20, 0x22, 0x63, 0x61, 0x6C, 0x6C, 0x65, 0x65, 0x22, 0x3A, 0x20, 0x22, 0x53, 0x79,
    0x73, 0x74, 0x65, 0x6D, 0x2E, 0x50, 0x72, 0x69, 0x76, 0x61, 0x74, 0x65, 0x2E, 0x43, 0x6F, 0x72,
    0x65, 0x4C, 0x69, 0x62, 0x2F, 0x53, 0x79, 0x73, 0x74, 0x65, 0x6D, 0x2E, 0x54, 0x79, 0x70, 0x65,
    0x3A, 0x3A, 0x67, 0x65, 0x74, 0x5F, 0x41, 0x73, 0x73, 0x65, 0x6D, 0x62, 0x6C, 0x79, 0x3A, 0x53,
    0x79, 0x73, 0x74, 0x65, 0x6D, 0x2E, 0x52, 0x65, 0x66, 0x6C, 0x65, 0x63, 0x74, 0x69, 0x6F, 0x6E,
    0x2E, 0x41, 0x73, 0x73, 0x65, 0x6D, 0x62, 0x6C, 0x79, 0x28, 0x29, 0x22, 0x2C, 0x0D, 0x0A, 0x20,
    0x20, 0x20, 0x20, 0x20, 0x20, 0x20, 0x20, 0x20, 0x20, 0x22, 0x72, 0x65, 0x66, 0x65, 0x72, 0x65,
    0x6E, 0x63, 0x65, 0x22, 0x3A, 0x20, 0x7B, 0x0D, 0x0A, 0x20, 0x20, 0x20, 0x20, 0x20, 0x20, 0x20,
    0x20, 0x20, 0x20, 0x20, 0x20, 0x22, 0x61, 0x73, 0x73, 0x65, 0x6D, 0x62, 0x6C, 0x79, 0x4E, 0x61,
    0x6D, 0x65, 0x22, 0x3A, 0x20, 0x22, 0x53, 0x79, 0x73, 0x74, 0x65, 0x6D, 0x2E, 0x50, 0x72, 0x69,
    0x76, 0x61, 0x74, 0x65, 0x2E, 0x43, 0x6F, 0x72, 0x65, 0x4C, 0x69, 0x62, 0x22, 0x2C, 0x0D, 0x0A,
    0x20, 0x20, 0x20, 0x20, 0x20, 0x20, 0x20, 0x20, 0x20, 0x20, 0x20, 0x20, 0x22, 0x73, 0x75, 0x62,
    0x6A, 0x65, 0x63, 0x74, 0x4B, 0x69, 0x6E, 0x64, 0x22, 0x3A, 0x20, 0x22, 0x6D, 0x65, 0x74, 0x68,
    0x6F, 0x64, 0x22, 0x2C, 0x0D, 0x0A, 0x20, 0x20, 0x20, 0x20, 0x20, 0x20, 0x20, 0x20, 0x20, 0x20,
    0x20, 0x20, 0x22, 0x73, 0x75, 0x62, 0x6A, 0x65, 0x63, 0x74, 0x49, 0x64, 0x22, 0x3A, 0x20, 0x22,
    0x53, 0x79, 0x73, 0x74, 0x65, 0x6D, 0x2E, 0x50, 0x72, 0x69, 0x76, 0x61, 0x74, 0x65, 0x2E, 0x43,
    0x6F, 0x72, 0x65, 0x4C, 0x69, 0x62, 0x2F, 0x53, 0x79, 0x73, 0x74, 0x65, 0x6D, 0x2E, 0x54, 0x79,
    0x70, 0x65, 0x3A, 0x3A, 0x67, 0x65, 0x74, 0x5F, 0x41, 0x73, 0x73, 0x65, 0x6D, 0x62, 0x6C, 0x79,
    0x3A, 0x53, 0x79, 0x73, 0x74, 0x65, 0x6D, 0x2E, 0x52, 0x65, 0x66, 0x6C, 0x65, 0x63, 0x74, 0x69,
    0x6F, 0x6E, 0x2E, 0x41, 0x73, 0x73, 0x65, 0x6D, 0x62, 0x6C, 0x79, 0x28, 0x29, 0x22, 0x0D, 0x0A,
    0x20, 0x20, 0x20, 0x20, 0x20, 0x20, 0x20, 0x20, 0x20, 0x20, 0x7D, 0x2C, 0x0D, 0x0A, 0x20, 0x20,
    0x20, 0x20, 0x20, 0x20, 0x20, 0x20, 0x20, 0x20, 0x22, 0x74, 0x61, 0x72, 0x67, 0x65, 0x74, 0x52,
    0x65, 0x66, 0x65, 0x72, 0x65, 0x6E, 0x63, 0x65, 0x22, 0x3A, 0x20, 0x7B, 0x0D, 0x0A, 0x20, 0x20,
    0x20, 0x20, 0x20, 0x20, 0x20, 0x20, 0x20, 0x20, 0x20, 0x20, 0x22, 0x6B, 0x69, 0x6E, 0x64, 0x22,
    0x3A, 0x20, 0x33, 0x2C, 0x0D, 0x0A, 0x20, 0x20, 0x20, 0x20, 0x20, 0x20, 0x20, 0x20, 0x20, 0x20,
    0x20, 0x20, 0x22, 0x61, 0x73, 0x73, 0x65, 0x6D, 0x62, 0x6C, 0x79, 0x4E, 0x61, 0x6D, 0x65, 0x22,
    0x3A, 0x20, 0x22, 0x53, 0x79, 0x73, 0x74, 0x65, 0x6D, 0x2E, 0x50, 0x72, 0x69, 0x76, 0x61, 0x74,
    0x65, 0x2E, 0x43, 0x6F, 0x72, 0x65, 0x4C, 0x69, 0x62, 0x22, 0x2C, 0x0D, 0x0A, 0x20, 0x20, 0x20,
    0x20, 0x20, 0x20, 0x20, 0x20, 0x20, 0x20, 0x20, 0x20, 0x22, 0x73, 0x75, 0x62, 0x6A, 0x65, 0x63,
    0x74, 0x49, 0x64, 0x22, 0x3A, 0x20, 0x22, 0x53, 0x79, 0x73, 0x74, 0x65, 0x6D, 0x2E, 0x50, 0x72,
    0x69, 0x76, 0x61, 0x74, 0x65, 0x2E, 0x43, 0x6F, 0x72, 0x65, 0x4C, 0x69, 0x62, 0x2F, 0x53, 0x79,
    0x73, 0x74, 0x65, 0x6D, 0x2E, 0x54, 0x79, 0x70, 0x65, 0x3A, 0x3A, 0x67, 0x65, 0x74, 0x5F, 0x41,
    0x73, 0x73, 0x65, 0x6D, 0x62, 0x6C, 0x79, 0x3A, 0x53, 0x79, 0x73, 0x74, 0x65, 0x6D, 0x2E, 0x52,
    0x65, 0x66, 0x6C, 0x65, 0x63, 0x74, 0x69, 0x6F, 0x6E, 0x2E, 0x41, 0x73, 0x73, 0x65, 0x6D, 0x62,
    0x6C, 0x79, 0x28, 0x29, 0x22, 0x2C, 0x0D, 0x0A, 0x20, 0x20, 0x20, 0x20, 0x20, 0x20, 0x20, 0x20,
    0x20, 0x20, 0x20, 0x20, 0x22, 0x74, 0x79, 0x70, 0x65, 0x53, 0x68, 0x61, 0x70, 0x65, 0x22, 0x3A,
    0x20, 0x30, 0x2C, 0x0D, 0x0A, 0x20, 0x20, 0x20, 0x20, 0x20, 0x20, 0x20, 0x20, 0x20, 0x20, 0x20,
    0x20, 0x22, 0x61, 0x72, 0x72, 0x61, 0x79, 0x45, 0x6C, 0x65, 0x6D, 0x65, 0x6E, 0x74, 0x54, 0x79,
    0x70, 0x65, 0x53, 0x68, 0x61, 0x70, 0x65, 0x22, 0x3A, 0x20, 0x30, 0x2C, 0x0D, 0x0A, 0x20, 0x20,
    0x20, 0x20, 0x20, 0x20, 0x20, 0x20, 0x20, 0x20, 0x20, 0x20, 0x22, 0x69, 0x73, 0x53, 0x65, 0x61,
    0x6C, 0x65, 0x64, 0x22, 0x3A, 0x20, 0x66, 0x61, 0x6C, 0x73, 0x65, 0x2C, 0x0D, 0x0A, 0x20, 0x20,
    0x20, 0x20, 0x20, 0x20, 0x20, 0x20, 0x20, 0x20, 0x20, 0x20, 0x22, 0x69, 0x73, 0x43, 0x6F, 0x6D,
    0x49, 0x6D, 0x70, 0x6F, 0x72, 0x74, 0x22, 0x3A, 0x20, 0x66, 0x61, 0x6C, 0x73, 0x65, 0x2C, 0x0D,
    0x0A, 0x20, 0x20, 0x20, 0x20, 0x20, 0x20, 0x20, 0x20, 0x20, 0x20, 0x20, 0x20, 0x22, 0x63, 0x6F,
    0x6D, 0x49, 0x6E, 0x74, 0x65, 0x72, 0x66, 0x61, 0x63, 0x65, 0x54, 0x79, 0x70, 0x65, 0x4B, 0x69,
    0x6E, 0x64, 0x22, 0x3A, 0x20, 0x30, 0x2C, 0x0D, 0x0A, 0x20, 0x20, 0x20, 0x20, 0x20, 0x20, 0x20,
    0x20, 0x20, 0x20, 0x20, 0x20, 0x22, 0x64, 0x65, 0x63, 0x6C, 0x61, 0x72, 0x69, 0x6E, 0x67, 0x54,
    0x79, 0x70, 0x65, 0x53, 0x68, 0x61, 0x70, 0x65, 0x22, 0x3A, 0x20, 0x30, 0x0D, 0x0A, 0x20, 0x20,
    0x20, 0x20, 0x20, 0x20, 0x20, 0x20, 0x20, 0x20, 0x7D, 0x2C, 0x0D, 0x0A, 0x20, 0x20, 0x20, 0x20,
    0x20, 0x20, 0x20, 0x20, 0x20, 0x20, 0x22, 0x64, 0x69, 0x73, 0x70, 0x61, 0x74, 0x63, 0x68, 0x4B,
    0x69, 0x6E, 0x64, 0x43, 0x6F, 0x64, 0x65, 0x22, 0x3A, 0x20, 0x34, 0x2C, 0x0D, 0x0A, 0x20, 0x20,
    0x20, 0x20, 0x20, 0x20, 0x20, 0x20, 0x20, 0x20, 0x22, 0x69, 0x73, 0x50, 0x72, 0x65, 0x73, 0x65,
    0x72, 0x76, 0x65, 0x53, 0x69, 0x67, 0x22, 0x3A, 0x20, 0x66, 0x61, 0x6C, 0x73, 0x65, 0x0D, 0x0A,
    0x20, 0x20, 0x20, 0x20, 0x20, 0x20, 0x20, 0x20, 0x7D, 0x2C, 0x0D, 0x0A, 0x20, 0x20, 0x20, 0x20,
    0x20, 0x20, 0x20, 0x20, 0x7B, 0x0D, 0x0A, 0x20, 0x20, 0x20, 0x20, 0x20, 0x20, 0x20, 0x20, 0x20,
    0x20, 0x22, 0x6F, 0x70, 0x22, 0x3A, 0x20, 0x22, 0x6C, 0x64, 0x74, 0x6F, 0x6B, 0x65, 0x6E, 0x22,
    0x2C, 0x0D, 0x0A, 0x20, 0x20, 0x20, 0x20, 0x20, 0x20, 0x20, 0x20, 0x20, 0x20, 0x22, 0x6F, 0x70,
    0x43, 0x6F, 0x64, 0x65, 0x22, 0x3A, 0x20, 0x37, 0x30, 0x2C, 0x0D, 0x0A, 0x20, 0x20, 0x20, 0x20,
    0x20, 0x20, 0x20, 0x20, 0x20, 0x20, 0x22, 0x6F, 0x70, 0x65, 0x72, 0x61, 0x6E, 0x64, 0x22, 0x3A,
    0x20, 0x22, 0x53, 0x79, 0x73, 0x74, 0x65, 0x6D, 0x2E, 0x50, 0x72, 0x69, 0x76, 0x61, 0x74, 0x65,
    0x2E, 0x43, 0x6F, 0x72, 0x65, 0x4C, 0x69, 0x62, 0x2F, 0x53, 0x79, 0x73, 0x74, 0x65, 0x6D, 0x2E,
    0x52, 0x65, 0x66, 0x6C, 0x65, 0x63, 0x74, 0x69, 0x6F, 0x6E, 0x2E, 0x41, 0x73, 0x73, 0x65, 0x6D,
    0x62, 0x6C, 0x79, 0x44, 0x65, 0x73, 0x63, 0x72, 0x69, 0x70, 0x74, 0x69, 0x6F, 0x6E, 0x41, 0x74,
    0x74, 0x72, 0x69, 0x62, 0x75, 0x74, 0x65, 0x22, 0x2C, 0x0D, 0x0A, 0x20, 0x20, 0x20, 0x20, 0x20,
    0x20, 0x20, 0x20, 0x20, 0x20, 0x22, 0x69, 0x6C, 0x4F, 0x66, 0x66, 0x73, 0x65, 0x74, 0x22, 0x3A,
    0x20, 0x31, 0x36, 0x2C, 0x0D, 0x0A, 0x20, 0x20, 0x20, 0x20, 0x20, 0x20, 0x20, 0x20, 0x20, 0x20,
    0x22, 0x72, 0x65, 0x73, 0x75, 0x6C, 0x74, 0x54, 0x79, 0x70, 0x65, 0x22, 0x3A, 0x20, 0x22, 0x53,
    0x79, 0x73, 0x74, 0x65, 0x6D, 0x2E, 0x52, 0x75, 0x6E, 0x74, 0x69, 0x6D, 0x65, 0x54, 0x79, 0x70,
    0x65, 0x48, 0x61, 0x6E, 0x64, 0x6C, 0x65, 0x22, 0x2C, 0x0D, 0x0A, 0x20, 0x20, 0x20, 0x20, 0x20,
    0x20, 0x20, 0x20, 0x20, 0x20, 0x22, 0x72, 0x65, 0x66, 0x65, 0x72, 0x65, 0x6E, 0x63, 0x65, 0x22,
    0x3A, 0x20, 0x7B, 0x0D, 0x0A, 0x20, 0x20, 0x20, 0x20, 0x20, 0x20, 0x20, 0x20, 0x20, 0x20, 0x20,
    0x20, 0x22, 0x61, 0x73, 0x73, 0x65, 0x6D, 0x62, 0x6C, 0x79, 0x4E, 0x61, 0x6D, 0x65, 0x22, 0x3A,
    0x20, 0x22, 0x53, 0x79, 0x73, 0x74, 0x65, 0x6D, 0x2E, 0x50, 0x72, 0x69, 0x76, 0x61, 0x74, 0x65,
    0x2E, 0x43, 0x6F, 0x72, 0x65, 0x4C, 0x69, 0x62, 0x22, 0x2C, 0x0D, 0x0A, 0x20, 0x20, 0x20, 0x20,
    0x20, 0x20, 0x20, 0x20, 0x20, 0x20, 0x20, 0x20, 0x22, 0x73, 0x75, 0x62, 0x6A, 0x65, 0x63, 0x74,
    0x4B, 0x69, 0x6E, 0x64, 0x22, 0x3A, 0x20, 0x22, 0x74, 0x79, 0x70, 0x65, 0x22, 0x2C, 0x0D, 0x0A,
    0x20, 0x20, 0x20, 0x20, 0x20, 0x20, 0x20, 0x20, 0x20, 0x20, 0x20, 0x20, 0x22, 0x73, 0x75, 0x62,
    0x6A, 0x65, 0x63, 0x74, 0x49, 0x64, 0x22, 0x3A, 0x20, 0x22, 0x53, 0x79, 0x73, 0x74, 0x65, 0x6D,
    0x2E, 0x50, 0x72, 0x69, 0x76, 0x61, 0x74, 0x65, 0x2E, 0x43, 0x6F, 0x72, 0x65, 0x4C, 0x69, 0x62,
    0x2F, 0x53, 0x79, 0x73, 0x74, 0x65, 0x6D, 0x2E, 0x52, 0x65, 0x66, 0x6C, 0x65, 0x63, 0x74, 0x69,
    0x6F, 0x6E, 0x2E, 0x41, 0x73, 0x73, 0x65, 0x6D, 0x62, 0x6C, 0x79, 0x44, 0x65, 0x73, 0x63, 0x72,
    0x69, 0x70, 0x74, 0x69, 0x6F, 0x6E, 0x41, 0x74, 0x74, 0x72, 0x69, 0x62, 0x75, 0x74, 0x65, 0x22,
    0x0D, 0x0A, 0x20, 0x20, 0x20, 0x20, 0x20, 0x20, 0x20, 0x20, 0x20, 0x20, 0x7D, 0x2C, 0x0D, 0x0A,
    0x20, 0x20, 0x20, 0x20, 0x20, 0x20, 0x20, 0x20, 0x20, 0x20, 0x22, 0x74, 0x61, 0x72, 0x67, 0x65,
    0x74, 0x52, 0x65, 0x66, 0x65, 0x72, 0x65, 0x6E, 0x63, 0x65, 0x22, 0x3A, 0x20, 0x7B, 0x0D, 0x0A,
    0x20, 0x20, 0x20, 0x20, 0x20, 0x20, 0x20, 0x20, 0x20, 0x20, 0x20, 0x20, 0x22, 0x6B, 0x69, 0x6E,
    0x64, 0x22, 0x3A, 0x20, 0x31, 0x2C, 0x0D, 0x0A, 0x20, 0x20, 0x20, 0x20, 0x20, 0x20, 0x20, 0x20,
    0x20, 0x20, 0x20, 0x20, 0x22, 0x61, 0x73, 0x73, 0x65, 0x6D, 0x62, 0x6C, 0x79, 0x4E, 0x61, 0x6D,
    0x65, 0x22, 0x3A, 0x20, 0x22, 0x53, 0x79, 0x73, 0x74, 0x65, 0x6D, 0x2E, 0x50, 0x72, 0x69, 0x76,
    0x61, 0x74, 0x65, 0x2E, 0x43, 0x6F, 0x72, 0x65, 0x4C, 0x69, 0x62, 0x22, 0x2C, 0x0D, 0x0A, 0x20,
    0x20, 0x20, 0x20, 0x20, 0x20, 0x20, 0x20, 0x20, 0x20, 0x20, 0x20, 0x22, 0x73, 0x75, 0x62, 0x6A,
    0x65, 0x63, 0x74, 0x49, 0x64, 0x22, 0x3A, 0x20, 0x22, 0x53, 0x79, 0x73, 0x74, 0x65, 0x6D, 0x2E,
    0x50, 0x72, 0x69, 0x76, 0x61, 0x74, 0x65, 0x2E, 0x43, 0x6F, 0x72, 0x65, 0x4C, 0x69, 0x62, 0x2F,
    0x53, 0x79, 0x73, 0x74, 0x65, 0x6D, 0x2E, 0x52, 0x65, 0x66, 0x6C, 0x65, 0x63, 0x74, 0x69, 0x6F,
    0x6E, 0x2E, 0x41, 0x73, 0x73, 0x65, 0x6D, 0x62, 0x6C, 0x79, 0x44, 0x65, 0x73, 0x63, 0x72, 0x69,
    0x70, 0x74, 0x69, 0x6F, 0x6E, 0x41, 0x74, 0x74, 0x72, 0x69, 0x62, 0x75, 0x74, 0x65, 0x22, 0x2C,
    0x0D, 0x0A, 0x20, 0x20, 0x20, 0x20, 0x20, 0x20, 0x20, 0x20, 0x20, 0x20, 0x20, 0x20, 0x22, 0x74,
    0x79, 0x70, 0x65, 0x53, 0x68, 0x61, 0x70, 0x65, 0x22, 0x3A, 0x20, 0x31, 0x2C, 0x0D, 0x0A, 0x20,
    0x20, 0x20, 0x20, 0x20, 0x20, 0x20, 0x20, 0x20, 0x20, 0x20, 0x20, 0x22, 0x61, 0x72, 0x72, 0x61,
    0x79, 0x45, 0x6C, 0x65, 0x6D, 0x65, 0x6E, 0x74, 0x54, 0x79, 0x70, 0x65, 0x53, 0x68, 0x61, 0x70,
    0x65, 0x22, 0x3A, 0x20, 0x30, 0x2C, 0x0D, 0x0A, 0x20, 0x20, 0x20, 0x20, 0x20, 0x20, 0x20, 0x20,
    0x20, 0x20, 0x20, 0x20, 0x22, 0x69, 0x73, 0x53, 0x65, 0x61, 0x6C, 0x65, 0x64, 0x22, 0x3A, 0x20,
    0x66, 0x61, 0x6C, 0x73, 0x65, 0x2C, 0x0D, 0x0A, 0x20, 0x20, 0x20, 0x20, 0x20, 0x20, 0x20, 0x20,
    0x20, 0x20, 0x20, 0x20, 0x22, 0x69, 0x73, 0x43, 0x6F, 0x6D, 0x49, 0x6D, 0x70, 0x6F, 0x72, 0x74,
    0x22, 0x3A, 0x20, 0x66, 0x61, 0x6C, 0x73, 0x65, 0x2C, 0x0D, 0x0A, 0x20, 0x20, 0x20, 0x20, 0x20,
    0x20, 0x20, 0x20, 0x20, 0x20, 0x20, 0x20, 0x22, 0x63, 0x6F, 0x6D, 0x49, 0x6E, 0x74, 0x65, 0x72,
    0x66, 0x61, 0x63, 0x65, 0x54, 0x79, 0x70, 0x65, 0x4B, 0x69, 0x6E, 0x64, 0x22, 0x3A, 0x20, 0x30,
    0x2C, 0x0D, 0x0A, 0x20, 0x20, 0x20, 0x20, 0x20, 0x20, 0x20, 0x20, 0x20, 0x20, 0x20, 0x20, 0x22,
    0x64, 0x65, 0x63, 0x6C, 0x61, 0x72, 0x69, 0x6E, 0x67, 0x54, 0x79, 0x70, 0x65, 0x53, 0x68, 0x61,
    0x70, 0x65, 0x22, 0x3A, 0x20, 0x30, 0x0D, 0x0A, 0x20, 0x20, 0x20, 0x20, 0x20, 0x20, 0x20, 0x20,
    0x20, 0x20, 0x7D, 0x2C, 0x0D, 0x0A, 0x20, 0x20, 0x20, 0x20, 0x20, 0x20, 0x20, 0x20, 0x20, 0x20,
    0x22, 0x69, 0x73, 0x50, 0x72, 0x65, 0x73, 0x65, 0x72, 0x76, 0x65, 0x53, 0x69, 0x67, 0x22, 0x3A,
    0x20, 0x66, 0x61, 0x6C, 0x73, 0x65, 0x0D, 0x0A, 0x20, 0x20, 0x20, 0x20, 0x20, 0x20, 0x20, 0x20,
    0x7D, 0x2C, 0x0D, 0x0A, 0x20, 0x20, 0x20, 0x20, 0x20, 0x20, 0x20, 0x20, 0x7B, 0x0D, 0x0A, 0x20,
    0x20, 0x20, 0x20, 0x20, 0x20, 0x20, 0x20, 0x20, 0x20, 0x22, 0x6F, 0x70, 0x22, 0x3A, 0x20, 0x22,
    0x63, 0x61, 0x6C, 0x6C, 0x22, 0x2C, 0x0D, 0x0A, 0x20, 0x20, 0x20, 0x20, 0x20, 0x20, 0x20, 0x20,
    0x20, 0x20, 0x22, 0x6F, 0x70, 0x43, 0x6F, 0x64, 0x65, 0x22, 0x3A, 0x20, 0x31, 0x34, 0x2C, 0x0D,
    0x0A, 0x20, 0x20, 0x20, 0x20, 0x20, 0x20, 0x20, 0x20, 0x20, 0x20, 0x22, 0x69, 0x6C, 0x4F, 0x66,
    0x66, 0x73, 0x65, 0x74, 0x22, 0x3A, 0x20, 0x32, 0x31, 0x2C, 0x0D, 0x0A, 0x20, 0x20, 0x20, 0x20,
    0x20, 0x20, 0x20, 0x20, 0x20, 0x20, 0x22, 0x72, 0x65, 0x73, 0x75, 0x6C, 0x74, 0x54, 0x79, 0x70,
    0x65, 0x22, 0x3A, 0x20, 0x22, 0x53, 0x79, 0x73, 0x74, 0x65, 0x6D, 0x2E, 0x54, 0x79, 0x70, 0x65,
    0x22, 0x2C, 0x0D, 0x0A, 0x20, 0x20, 0x20, 0x20, 0x20, 0x20, 0x20, 0x20, 0x20, 0x20, 0x22, 0x63,
    0x61, 0x6C, 0x6C, 0x65, 0x65, 0x22, 0x3A, 0x20, 0x22, 0x53, 0x79, 0x73, 0x74, 0x65, 0x6D, 0x2E,
    0x50, 0x72, 0x69, 0x76, 0x61, 0x74, 0x65, 0x2E, 0x43, 0x6F, 0x72, 0x65, 0x4C, 0x69, 0x62, 0x2F,
    0x53, 0x79, 0x73, 0x74, 0x65, 0x6D, 0x2E, 0x54, 0x79, 0x70, 0x65, 0x3A, 0x3A, 0x47, 0x65, 0x74,
    0x54, 0x79, 0x70, 0x65, 0x46, 0x72, 0x6F, 0x6D, 0x48, 0x61, 0x6E, 0x64, 0x6C, 0x65, 0x3A, 0x53,
    0x79, 0x73, 0x74, 0x65, 0x6D, 0x2E, 0x54, 0x79, 0x70, 0x65, 0x28, 0x53, 0x79, 0x73, 0x74, 0x65,
    0x6D, 0x2E, 0x52, 0x75, 0x6E, 0x74, 0x69, 0x6D, 0x65, 0x54, 0x79, 0x70, 0x65, 0x48, 0x61, 0x6E,
    0x64, 0x6C, 0x65, 0x29, 0x22, 0x2C, 0x0D, 0x0A, 0x20, 0x20, 0x20, 0x20, 0x20, 0x20, 0x20, 0x20,
    0x20, 0x20, 0x22, 0x72, 0x65, 0x66, 0x65, 0x72, 0x65, 0x6E, 0x63, 0x65, 0x22, 0x3A, 0x20, 0x7B,
    0x0D, 0x0A, 0x20, 0x20, 0x20, 0x20, 0x20, 0x20, 0x20, 0x20, 0x20, 0x20, 0x20, 0x20, 0x22, 0x61,
    0x73, 0x73, 0x65, 0x6D, 0x62, 0x6C, 0x79, 0x4E, 0x61, 0x6D, 0x65, 0x22, 0x3A, 0x20, 0x22, 0x53,
    0x79, 0x73, 0x74, 0x65, 0x6D, 0x2E, 0x50, 0x72, 0x69, 0x76, 0x61, 0x74, 0x65, 0x2E, 0x43, 0x6F,
    0x72, 0x65, 0x4C, 0x69, 0x62, 0x22, 0x2C, 0x0D, 0x0A, 0x20, 0x20, 0x20, 0x20, 0x20, 0x20, 0x20,
    0x20, 0x20, 0x20, 0x20, 0x20, 0x22, 0x73, 0x75, 0x62, 0x6A, 0x65, 0x63, 0x74, 0x4B, 0x69, 0x6E,
    0x64, 0x22, 0x3A, 0x20, 0x22, 0x6D, 0x65, 0x74, 0x68, 0x6F, 0x64, 0x22, 0x2C, 0x0D, 0x0A, 0x20,
    0x20, 0x20, 0x20, 0x20, 0x20, 0x20, 0x20, 0x20, 0x20, 0x20, 0x20, 0x22, 0x73, 0x75, 0x62, 0x6A,
    0x65, 0x63, 0x74, 0x49, 0x64, 0x22, 0x3A, 0x20, 0x22, 0x53, 0x79, 0x73, 0x74, 0x65, 0x6D, 0x2E,
    0x50, 0x72, 0x69, 0x76, 0x61, 0x74, 0x65, 0x2E, 0x43, 0x6F, 0x72, 0x65, 0x4C, 0x69, 0x62, 0x2F,
    0x53, 0x79, 0x73, 0x74, 0x65, 0x6D, 0x2E, 0x54, 0x79, 0x70, 0x65, 0x3A, 0x3A, 0x47, 0x65, 0x74,
    0x54, 0x79, 0x70, 0x65, 0x46, 0x72, 0x6F, 0x6D, 0x48, 0x61, 0x6E, 0x64, 0x6C, 0x65, 0x3A, 0x53,
    0x79, 0x73, 0x74, 0x65, 0x6D, 0x2E, 0x54, 0x79, 0x70, 0x65, 0x28, 0x53, 0x79, 0x73, 0x74, 0x65,
    0x6D, 0x2E, 0x52, 0x75, 0x6E, 0x74, 0x69, 0x6D, 0x65, 0x54, 0x79, 0x70, 0x65, 0x48, 0x61, 0x6E,
    0x64, 0x6C, 0x65, 0x29, 0x22, 0x0D, 0x0A, 0x20, 0x20, 0x20, 0x20, 0x20, 0x20, 0x20, 0x20, 0x20,
    0x20, 0x7D, 0x2C, 0x0D, 0x0A, 0x20, 0x20, 0x20, 0x20, 0x20, 0x20, 0x20, 0x20, 0x20, 0x20, 0x22,
    0x74, 0x61, 0x72, 0x67, 0x65, 0x74, 0x52, 0x65, 0x66, 0x65, 0x72, 0x65, 0x6E, 0x63, 0x65, 0x22,
    0x3A, 0x20, 0x7B, 0x0D, 0x0A, 0x20, 0x20, 0x20, 0x20, 0x20, 0x20, 0x20, 0x20, 0x20, 0x20, 0x20,
    0x20, 0x22, 0x6B, 0x69, 0x6E, 0x64, 0x22, 0x3A, 0x20, 0x33, 0x2C, 0x0D, 0x0A, 0x20, 0x20, 0x20,
    0x20, 0x20, 0x20, 0x20, 0x20, 0x20, 0x20, 0x20, 0x20, 0x22, 0x61, 0x73, 0x73, 0x65, 0x6D, 0x62,
    0x6C, 0x79, 0x4E, 0x61, 0x6D, 0x65, 0x22, 0x3A, 0x20, 0x22, 0x53, 0x79, 0x73, 0x74, 0x65, 0x6D,
    0x2E, 0x50, 0x72, 0x69, 0x76, 0x61, 0x74, 0x65, 0x2E, 0x43, 0x6F, 0x72, 0x65, 0x4C, 0x69, 0x62,
    0x22, 0x2C, 0x0D, 0x0A, 0x20, 0x20, 0x20, 0x20, 0x20, 0x20, 0x20, 0x20, 0x20, 0x20, 0x20, 0x20,
    0x22, 0x73, 0x75, 0x62, 0x6A, 0x65, 0x63, 0x74, 0x49, 0x64, 0x22, 0x3A, 0x20, 0x22, 0x53, 0x79,
    0x73, 0x74, 0x65, 0x6D, 0x2E, 0x50, 0x72, 0x69, 0x76, 0x61, 0x74, 0x65, 0x2E, 0x43, 0x6F, 0x72,
    0x65, 0x4C, 0x69, 0x62, 0x2F, 0x53, 0x79, 0x73, 0x74, 0x65, 0x6D, 0x2E, 0x54, 0x79, 0x70, 0x65,
    0x3A, 0x3A, 0x47, 0x65, 0x74, 0x54, 0x79, 0x70, 0x65, 0x46, 0x72, 0x6F, 0x6D, 0x48, 0x61, 0x6E,
    0x64, 0x6C, 0x65, 0x3A, 0x53, 0x79, 0x73, 0x74, 0x65, 0x6D, 0x2E, 0x54, 0x79, 0x70, 0x65, 0x28,
    0x53, 0x79, 0x73, 0x74, 0x65, 0x6D, 0x2E, 0x52, 0x75, 0x6E, 0x74, 0x69, 0x6D, 0x65, 0x54, 0x79,
    0x70, 0x65, 0x48, 0x61, 0x6E, 0x64, 0x6C, 0x65, 0x29, 0x22, 0x2C, 0x0D, 0x0A, 0x20, 0x20, 0x20,
    0x20, 0x20, 0x20, 0x20, 0x20, 0x20, 0x20, 0x20, 0x20, 0x22, 0x74, 0x79, 0x70, 0x65, 0x53, 0x68,
    0x61, 0x70, 0x65, 0x22, 0x3A, 0x20, 0x30, 0x2C, 0x0D, 0x0A, 0x20, 0x20, 0x20, 0x20, 0x20, 0x20,
    0x20, 0x20, 0x20, 0x20, 0x20, 0x20, 0x22, 0x61, 0x72, 0x72, 0x61, 0x79, 0x45, 0x6C, 0x65, 0x6D,
    0x65, 0x6E, 0x74, 0x54, 0x79, 0x70, 0x65, 0x53, 0x68, 0x61, 0x70, 0x65, 0x22, 0x3A, 0x20, 0x30,
    0x2C, 0x0D, 0x0A, 0x20, 0x20, 0x20, 0x20, 0x20, 0x20, 0x20, 0x20, 0x20, 0x20, 0x20, 0x20, 0x22,
    0x69, 0x73, 0x53, 0x65, 0x61, 0x6C, 0x65, 0x64, 0x22, 0x3A, 0x20, 0x66, 0x61, 0x6C, 0x73, 0x65,
    0x2C, 0x0D, 0x0A, 0x20, 0x20, 0x20, 0x20, 0x20, 0x20, 0x20, 0x20, 0x20, 0x20, 0x20, 0x20, 0x22,
    0x69, 0x73, 0x43, 0x6F, 0x6D, 0x49, 0x6D, 0x70, 0x6F, 0x72, 0x74, 0x22, 0x3A, 0x20, 0x66, 0x61,
    0x6C, 0x73, 0x65, 0x2C, 0x0D, 0x0A, 0x20, 0x20, 0x20, 0x20, 0x20, 0x20, 0x20, 0x20, 0x20, 0x20,
    0x20, 0x20, 0x22, 0x63, 0x6F, 0x6D, 0x49, 0x6E, 0x74, 0x65, 0x72, 0x66, 0x61, 0x63, 0x65, 0x54,
    0x79, 0x70, 0x65, 0x4B, 0x69, 0x6E, 0x64, 0x22, 0x3A, 0x20, 0x30, 0x2C, 0x0D, 0x0A, 0x20, 0x20,
    0x20, 0x20, 0x20, 0x20, 0x20, 0x20, 0x20, 0x20, 0x20, 0x20, 0x22, 0x64, 0x65, 0x63, 0x6C, 0x61,
    0x72, 0x69, 0x6E, 0x67, 0x54, 0x79, 0x70, 0x65, 0x53, 0x68, 0x61, 0x70, 0x65, 0x22, 0x3A, 0x20,
    0x30, 0x0D, 0x0A, 0x20, 0x20, 0x20, 0x20, 0x20, 0x20, 0x20, 0x20, 0x20, 0x20, 0x7D, 0x2C, 0x0D,
    0x0A, 0x20, 0x20, 0x20, 0x20, 0x20, 0x20, 0x20, 0x20, 0x20, 0x20, 0x22, 0x64, 0x69, 0x73, 0x70,
    0x61, 0x74, 0x63, 0x68, 0x4B, 0x69, 0x6E, 0x64, 0x43, 0x6F, 0x64, 0x65, 0x22, 0x3A, 0x20, 0x34,
    0x2C, 0x0D, 0x0A, 0x20, 0x20, 0x20, 0x20, 0x20, 0x20, 0x20, 0x20, 0x20, 0x20, 0x22, 0x69, 0x73,
    0x50, 0x72, 0x65, 0x73, 0x65, 0x72, 0x76, 0x65, 0x53, 0x69, 0x67, 0x22, 0x3A, 0x20, 0x66, 0x61,
    0x6C, 0x73, 0x65, 0x0D, 0x0A, 0x20, 0x20, 0x20, 0x20, 0x20, 0x20, 0x20, 0x20, 0x7D, 0x2C, 0x0D,
    0x0A, 0x20, 0x20, 0x20, 0x20, 0x20, 0x20, 0x20, 0x20, 0x7B, 0x0D, 0x0A, 0x20, 0x20, 0x20, 0x20,
    0x20, 0x20, 0x20, 0x20, 0x20, 0x20, 0x22, 0x6F, 0x70, 0x22, 0x3A, 0x20, 0x22, 0x63, 0x61, 0x6C,
    0x6C, 0x22, 0x2C, 0x0D, 0x0A, 0x20, 0x20, 0x20, 0x20, 0x20, 0x20, 0x20, 0x20, 0x20, 0x20, 0x22,
    0x6F, 0x70, 0x43, 0x6F, 0x64, 0x65, 0x22, 0x3A, 0x20, 0x31, 0x34, 0x2C, 0x0D, 0x0A, 0x20, 0x20,
    0x20, 0x20, 0x20, 0x20, 0x20, 0x20, 0x20, 0x20, 0x22, 0x69, 0x6C, 0x4F, 0x66, 0x66, 0x73, 0x65,
    0x74, 0x22, 0x3A, 0x20, 0x32, 0x36, 0x2C, 0x0D, 0x0A, 0x20, 0x20, 0x20, 0x20, 0x20, 0x20, 0x20,
    0x20, 0x20, 0x20, 0x22, 0x72, 0x65, 0x73, 0x75, 0x6C, 0x74, 0x54, 0x79, 0x70, 0x65, 0x22, 0x3A,
    0x20, 0x22, 0x53, 0x79, 0x73, 0x74, 0x65, 0x6D, 0x2E, 0x41, 0x74, 0x74, 0x72, 0x69, 0x62, 0x75,
    0x74, 0x65, 0x22, 0x2C, 0x0D, 0x0A, 0x20, 0x20, 0x20, 0x20, 0x20, 0x20, 0x20, 0x20, 0x20, 0x20,
    0x22, 0x63, 0x61, 0x6C, 0x6C, 0x65, 0x65, 0x22, 0x3A, 0x20, 0x22, 0x53, 0x79, 0x73, 0x74, 0x65,
    0x6D, 0x2E, 0x50, 0x72, 0x69, 0x76, 0x61, 0x74, 0x65, 0x2E, 0x43, 0x6F, 0x72, 0x65, 0x4C, 0x69,
    0x62, 0x2F, 0x53, 0x79, 0x73, 0x74, 0x65, 0x6D, 0x2E, 0x52, 0x65, 0x66, 0x6C, 0x65, 0x63, 0x74,
    0x69, 0x6F, 0x6E, 0x2E, 0x43, 0x75, 0x73, 0x74, 0x6F, 0x6D, 0x41, 0x74, 0x74, 0x72, 0x69, 0x62,
    0x75, 0x74, 0x65, 0x45, 0x78, 0x74, 0x65, 0x6E, 0x73, 0x69, 0x6F, 0x6E, 0x73, 0x3A, 0x3A, 0x47,
    0x65, 0x74, 0x43, 0x75, 0x73, 0x74, 0x6F, 0x6D, 0x41, 0x74, 0x74, 0x72, 0x69, 0x62, 0x75, 0x74,
    0x65, 0x3A, 0x53, 0x79, 0x73, 0x74, 0x65, 0x6D, 0x2E, 0x41, 0x74, 0x74, 0x72, 0x69, 0x62, 0x75,
    0x74, 0x65, 0x28, 0x53, 0x79, 0x73, 0x74, 0x65, 0x6D, 0x2E, 0x52, 0x65, 0x66, 0x6C, 0x65, 0x63,
    0x74, 0x69, 0x6F, 0x6E, 0x2E, 0x41, 0x73, 0x73, 0x65, 0x6D, 0x62, 0x6C, 0x79, 0x2C, 0x53, 0x79,
    0x73, 0x74, 0x65, 0x6D, 0x2E, 0x54, 0x79, 0x70, 0x65, 0x29, 0x22, 0x2C, 0x0D, 0x0A, 0x20, 0x20,
    0x20, 0x20, 0x20, 0x20, 0x20, 0x20, 0x20, 0x20, 0x22, 0x72, 0x65, 0x66, 0x65, 0x72, 0x65, 0x6E,
    0x63, 0x65, 0x22, 0x3A, 0x20, 0x7B, 0x0D, 0x0A, 0x20, 0x20, 0x20, 0x20, 0x20, 0x20, 0x20, 0x20,
    0x20, 0x20, 0x20, 0x20, 0x22, 0x61, 0x73, 0x73, 0x65, 0x6D, 0x62, 0x6C, 0x79, 0x4E, 0x61, 0x6D,
    0x65, 0x22, 0x3A, 0x20, 0x22, 0x53, 0x79, 0x73, 0x74, 0x65, 0x6D, 0x2E, 0x50, 0x72, 0x69, 0x76,
    0x61, 0x74, 0x65, 0x2E, 0x43, 0x6F, 0x72, 0x65, 0x4C, 0x69, 0x62, 0x22, 0x2C, 0x0D, 0x0A, 0x20,
    0x20, 0x20, 0x20, 0x20, 0x20, 0x20, 0x20, 0x20, 0x20, 0x20, 0x20, 0x22, 0x73, 0x75, 0x62, 0x6A,
    0x65, 0x63, 0x74, 0x4B, 0x69, 0x6E, 0x64, 0x22, 0x3A, 0x20, 0x22, 0x6D, 0x65, 0x74, 0x68, 0x6F,
    0x64, 0x22, 0x2C, 0x0D, 0x0A, 0x20, 0x20, 0x20, 0x20, 0x20, 0x20, 0x20, 0x20, 0x20, 0x20, 0x20,
    0x20, 0x22, 0x73, 0x75, 0x62, 0x6A, 0x65, 0x63, 0x74, 0x49, 0x64, 0x22, 0x3A, 0x20, 0x22, 0x53,
    0x79, 0x73, 0x74, 0x65, 0x6D, 0x2E, 0x50, 0x72, 0x69, 0x76, 0x61, 0x74, 0x65, 0x2E, 0x43, 0x6F,
    0x72, 0x65, 0x4C, 0x69, 0x62, 0x2F, 0x53, 0x79, 0x73, 0x74, 0x65, 0x6D, 0x2E, 0x52, 0x65, 0x66,
    0x6C, 0x65, 0x63, 0x74, 0x69, 0x6F, 0x6E, 0x2E, 0x43, 0x75, 0x73, 0x74, 0x6F, 0x6D, 0x41, 0x74,
    0x74, 0x72, 0x69, 0x62, 0x75, 0x74, 0x65, 0x45, 0x78, 0x74, 0x65, 0x6E, 0x73, 0x69, 0x6F, 0x6E,
    0x73, 0x3A, 0x3A, 0x47, 0x65, 0x74, 0x43, 0x75, 0x73, 0x74, 0x6F, 0x6D, 0x41, 0x74, 0x74, 0x72,
    0x69, 0x62, 0x75, 0x74, 0x65, 0x3A, 0x53, 0x79, 0x73, 0x74, 0x65, 0x6D, 0x2E, 0x41, 0x74, 0x74,
    0x72, 0x69, 0x62, 0x75, 0x74, 0x65, 0x28, 0x53, 0x79, 0x73, 0x74, 0x65, 0x6D, 0x2E, 0x52, 0x65,
    0x66, 0x6C, 0x65, 0x63, 0x74, 0x69, 0x6F, 0x6E, 0x2E, 0x41, 0x73, 0x73, 0x65, 0x6D, 0x62, 0x6C,
    0x79, 0x2C, 0x53, 0x79, 0x73, 0x74, 0x65, 0x6D, 0x2E, 0x54, 0x79, 0x70, 0x65, 0x29, 0x22, 0x0D,
    0x0A, 0x20, 0x20, 0x20, 0x20, 0x20, 0x20, 0x20, 0x20, 0x20, 0x20, 0x7D, 0x2C, 0x0D, 0x0A, 0x20,
    0x20, 0x20, 0x20, 0x20, 0x20, 0x20, 0x20, 0x20, 0x20, 0x22, 0x74, 0x61, 0x72, 0x67, 0x65, 0x74,
    0x52, 0x65, 0x66, 0x65, 0x72, 0x65, 0x6E, 0x63, 0x65, 0x22, 0x3A, 0x20, 0x7B, 0x0D, 0x0A, 0x20,
    0x20, 0x20, 0x20, 0x20, 0x20, 0x20, 0x20, 0x20, 0x20, 0x20, 0x20, 0x22, 0x6B, 0x69, 0x6E, 0x64,
    0x22, 0x3A, 0x20, 0x33, 0x2C, 0x0D, 0x0A, 0x20, 0x20, 0x20, 0x20, 0x20, 0x20, 0x20, 0x20, 0x20,
    0x20, 0x20, 0x20, 0x22, 0x61, 0x73, 0x73, 0x65, 0x6D, 0x62, 0x6C, 0x79, 0x4E, 0x61, 0x6D, 0x65,
    0x22, 0x3A, 0x20, 0x22, 0x53, 0x79, 0x73, 0x74, 0x65, 0x6D, 0x2E, 0x50, 0x72, 0x69, 0x76, 0x61,
    0x74, 0x65, 0x2E, 0x43, 0x6F, 0x72, 0x65, 0x4C, 0x69, 0x62, 0x22, 0x2C, 0x0D, 0x0A, 0x20, 0x20,
    0x20, 0x20, 0x20, 0x20, 0x20, 0x20, 0x20, 0x20, 0x20, 0x20, 0x22, 0x73, 0x75, 0x62, 0x6A, 0x65,
    0x63, 0x74, 0x49, 0x64, 0x22, 0x3A, 0x20, 0x22, 0x53, 0x79, 0x73, 0x74, 0x65, 0x6D, 0x2E, 0x50,
    0x72, 0x69, 0x76, 0x61, 0x74, 0x65, 0x2E, 0x43, 0x6F, 0x72, 0x65, 0x4C, 0x69, 0x62, 0x2F, 0x53,
    0x79, 0x73, 0x74, 0x65, 0x6D, 0x2E, 0x52, 0x65, 0x66, 0x6C, 0x65, 0x63, 0x74, 0x69, 0x6F, 0x6E,
    0x2E, 0x43, 0x75, 0x73, 0x74, 0x6F, 0x6D, 0x41, 0x74, 0x74, 0x72, 0x69, 0x62, 0x75, 0x74, 0x65,
    0x45, 0x78, 0x74, 0x65, 0x6E, 0x73, 0x69, 0x6F, 0x6E, 0x73, 0x3A, 0x3A, 0x47, 0x65, 0x74, 0x43,
    0x75, 0x73, 0x74, 0x6F, 0x6D, 0x41, 0x74, 0x74, 0x72, 0x69, 0x62, 0x75, 0x74, 0x65, 0x3A, 0x53,
    0x79, 0x73, 0x74, 0x65, 0x6D, 0x2E, 0x41, 0x74, 0x74, 0x72, 0x69, 0x62, 0x75, 0x74, 0x65, 0x28,
    0x53, 0x79, 0x73, 0x74, 0x65, 0x6D, 0x2E, 0x52, 0x65, 0x66, 0x6C, 0x65, 0x63, 0x74, 0x69, 0x6F,
    0x6E, 0x2E, 0x41, 0x73, 0x73, 0x65, 0x6D, 0x62, 0x6C, 0x79, 0x2C, 0x53, 0x79, 0x73, 0x74, 0x65,
    0x6D, 0x2E, 0x54, 0x79, 0x70, 0x65, 0x29, 0x22, 0x2C, 0x0D, 0x0A, 0x20, 0x20, 0x20, 0x20, 0x20,
    0x20, 0x20, 0x20, 0x20, 0x20, 0x20, 0x20, 0x22, 0x74, 0x79, 0x70, 0x65, 0x53, 0x68, 0x61, 0x70,
    0x65, 0x22, 0x3A, 0x20, 0x30, 0x2C, 0x0D, 0x0A, 0x20, 0x20, 0x20, 0x20, 0x20, 0x20, 0x20, 0x20,
    0x20, 0x20, 0x20, 0x20, 0x22, 0x61, 0x72, 0x72, 0x61, 0x79, 0x45, 0x6C, 0x65, 0x6D, 0x65, 0x6E,
    0x74, 0x54, 0x79, 0x70, 0x65, 0x53, 0x68, 0x61, 0x70, 0x65, 0x22, 0x3A, 0x20, 0x30, 0x2C, 0x0D,
    0x0A, 0x20, 0x20, 0x20, 0x20, 0x20, 0x20, 0x20, 0x20, 0x20, 0x20, 0x20, 0x20, 0x22, 0x69, 0x73,
    0x53, 0x65, 0x61, 0x6C, 0x65, 0x64, 0x22, 0x3A, 0x20, 0x66, 0x61, 0x6C, 0x73, 0x65, 0x2C, 0x0D,
    0x0A, 0x20, 0x20, 0x20, 0x20, 0x20, 0x20, 0x20, 0x20, 0x20, 0x20, 0x20, 0x20, 0x22, 0x69, 0x73,
    0x43, 0x6F, 0x6D, 0x49, 0x6D, 0x70, 0x6F, 0x72, 0x74, 0x22, 0x3A, 0x20, 0x66, 0x61, 0x6C, 0x73,
    0x65, 0x2C, 0x0D, 0x0A, 0x20, 0x20, 0x20, 0x20, 0x20, 0x20, 0x20, 0x20, 0x20, 0x20, 0x20, 0x20,
    0x22, 0x63, 0x6F, 0x6D, 0x49, 0x6E, 0x74, 0x65, 0x72, 0x66, 0x61, 0x63, 0x65, 0x54, 0x79, 0x70,
    0x65, 0x4B, 0x69, 0x6E, 0x64, 0x22, 0x3A, 0x20, 0x30, 0x2C, 0x0D, 0x0A, 0x20, 0x20, 0x20, 0x20,
    0x20, 0x20, 0x20, 0x20, 0x20, 0x20, 0x20, 0x20, 0x22, 0x64, 0x65, 0x63, 0x6C, 0x61, 0x72, 0x69,
    0x6E, 0x67, 0x54, 0x79, 0x70, 0x65, 0x53, 0x68, 0x61, 0x70, 0x65, 0x22, 0x3A, 0x20, 0x30, 0x0D,
    0x0A, 0x20, 0x20, 0x20, 0x20, 0x20, 0x20, 0x20, 0x20, 0x20, 0x20, 0x7D, 0x2C, 0x0D, 0x0A, 0x20,
    0x20, 0x20, 0x20, 0x20, 0x20, 0x20, 0x20, 0x20, 0x20, 0x22, 0x64, 0x69, 0x73, 0x70, 0x61, 0x74,
    0x63, 0x68, 0x4B, 0x69, 0x6E, 0x64, 0x43, 0x6F, 0x64, 0x65, 0x22, 0x3A, 0x20, 0x34, 0x2C, 0x0D,
    0x0A, 0x20, 0x20, 0x20, 0x20, 0x20, 0x20, 0x20, 0x20, 0x20, 0x20, 0x22, 0x69, 0x73, 0x50, 0x72,
    0x65, 0x73, 0x65, 0x72, 0x76, 0x65, 0x53, 0x69, 0x67, 0x22, 0x3A, 0x20, 0x66, 0x61, 0x6C, 0x73,
    0x65, 0x0D, 0x0A, 0x20, 0x20, 0x20, 0x20, 0x20, 0x20, 0x20, 0x20, 0x7D, 0x2C, 0x0D, 0x0A, 0x20,
    0x20, 0x20, 0x20, 0x20, 0x20, 0x20, 0x20, 0x7B, 0x0D, 0x0A, 0x20, 0x20, 0x20, 0x20, 0x20, 0x20,
    0x20, 0x20, 0x20, 0x20, 0x22, 0x6F, 0x70, 0x22, 0x3A, 0x20, 0x22, 0x63, 0x61, 0x6C, 0x6C, 0x76,
    0x69, 0x72, 0x74, 0x22, 0x2C, 0x0D, 0x0A, 0x20, 0x20, 0x20, 0x20, 0x20, 0x20, 0x20, 0x20, 0x20,
    0x20, 0x22, 0x6F, 0x70, 0x43, 0x6F, 0x64, 0x65, 0x22, 0x3A, 0x20, 0x31, 0x35, 0x2C, 0x0D, 0x0A,
    0x20, 0x20, 0x20, 0x20, 0x20, 0x20, 0x20, 0x20, 0x20, 0x20, 0x22, 0x69, 0x6C, 0x4F, 0x66, 0x66,
    0x73, 0x65, 0x74, 0x22, 0x3A, 0x20, 0x33, 0x31, 0x2C, 0x0D, 0x0A, 0x20, 0x20, 0x20, 0x20, 0x20,
    0x20, 0x20, 0x20, 0x20, 0x20, 0x22, 0x72, 0x65, 0x73, 0x75, 0x6C, 0x74, 0x54, 0x79, 0x70, 0x65,
    0x22, 0x3A, 0x20, 0x22, 0x53, 0x79, 0x73, 0x74, 0x65, 0x6D, 0x2E, 0x49, 0x6E, 0x74, 0x33, 0x32,
    0x22, 0x2C, 0x0D, 0x0A, 0x20, 0x20, 0x20, 0x20, 0x20, 0x20, 0x20, 0x20, 0x20, 0x20, 0x22, 0x63,
    0x61, 0x6C, 0x6C, 0x65, 0x65, 0x22, 0x3A, 0x20, 0x22, 0x53, 0x79, 0x73, 0x74, 0x65, 0x6D, 0x2E,
    0x50, 0x72, 0x69, 0x76, 0x61, 0x74, 0x65, 0x2E, 0x43, 0x6F, 0x72, 0x65, 0x4C, 0x69, 0x62, 0x2F,
    0x53, 0x79, 0x73, 0x74, 0x65, 0x6D, 0x2E, 0x4F, 0x62, 0x6A, 0x65, 0x63, 0x74, 0x3A, 0x3A, 0x47,
    0x65, 0x74, 0x48, 0x61, 0x73, 0x68, 0x43, 0x6F, 0x64, 0x65, 0x3A, 0x53, 0x79, 0x73, 0x74, 0x65,
    0x6D, 0x2E, 0x49, 0x6E, 0x74, 0x33, 0x32, 0x28, 0x29, 0x22, 0x2C, 0x0D, 0x0A, 0x20, 0x20, 0x20,
    0x20, 0x20, 0x20, 0x20, 0x20, 0x20, 0x20, 0x22, 0x72, 0x65, 0x66, 0x65, 0x72, 0x65, 0x6E, 0x63,
    0x65, 0x22, 0x3A, 0x20, 0x7B, 0x0D, 0x0A, 0x20, 0x20, 0x20, 0x20, 0x20, 0x20, 0x20, 0x20, 0x20,
    0x20, 0x20, 0x20, 0x22, 0x61, 0x73, 0x73, 0x65, 0x6D, 0x62, 0x6C, 0x79, 0x4E, 0x61, 0x6D, 0x65,
    0x22, 0x3A, 0x20, 0x22, 0x53, 0x79, 0x73, 0x74, 0x65, 0x6D, 0x2E, 0x50, 0x72, 0x69, 0x76, 0x61,
    0x74, 0x65, 0x2E, 0x43, 0x6F, 0x72, 0x65, 0x4C, 0x69, 0x62, 0x22, 0x2C, 0x0D, 0x0A, 0x20, 0x20,
    0x20, 0x20, 0x20, 0x20, 0x20, 0x20, 0x20, 0x20, 0x20, 0x20, 0x22, 0x73, 0x75, 0x62, 0x6A, 0x65,
    0x63, 0x74, 0x4B, 0x69, 0x6E, 0x64, 0x22, 0x3A, 0x20, 0x22, 0x6D, 0x65, 0x74, 0x68, 0x6F, 0x64,
    0x22, 0x2C, 0x0D, 0x0A, 0x20, 0x20, 0x20, 0x20, 0x20, 0x20, 0x20, 0x20, 0x20, 0x20, 0x20, 0x20,
    0x22, 0x73, 0x75, 0x62, 0x6A, 0x65, 0x63, 0x74, 0x49, 0x64, 0x22, 0x3A, 0x20, 0x22, 0x53, 0x79,
    0x73, 0x74, 0x65, 0x6D, 0x2E, 0x50, 0x72, 0x69, 0x76, 0x61, 0x74, 0x65, 0x2E, 0x43, 0x6F, 0x72,
    0x65, 0x4C, 0x69, 0x62, 0x2F, 0x53, 0x79, 0x73, 0x74, 0x65, 0x6D, 0x2E, 0x4F, 0x62, 0x6A, 0x65,
    0x63, 0x74, 0x3A, 0x3A, 0x47, 0x65, 0x74, 0x48, 0x61, 0x73, 0x68, 0x43, 0x6F, 0x64, 0x65, 0x3A,
    0x53, 0x79, 0x73, 0x74, 0x65, 0x6D, 0x2E, 0x49, 0x6E, 0x74, 0x33, 0x32, 0x28, 0x29, 0x22, 0x0D,
    0x0A, 0x20, 0x20, 0x20, 0x20, 0x20, 0x20, 0x20, 0x20, 0x20, 0x20, 0x7D, 0x2C, 0x0D, 0x0A, 0x20,
    0x20, 0x20, 0x20, 0x20, 0x20, 0x20, 0x20, 0x20, 0x20, 0x22, 0x74, 0x61, 0x72, 0x67, 0x65, 0x74,
    0x52, 0x65, 0x66, 0x65, 0x72, 0x65, 0x6E, 0x63, 0x65, 0x22, 0x3A, 0x20, 0x7B, 0x0D, 0x0A, 0x20,
    0x20, 0x20, 0x20, 0x20, 0x20, 0x20, 0x20, 0x20, 0x20, 0x20, 0x20, 0x22, 0x6B, 0x69, 0x6E, 0x64,
    0x22, 0x3A, 0x20, 0x33, 0x2C, 0x0D, 0x0A, 0x20, 0x20, 0x20, 0x20, 0x20, 0x20, 0x20, 0x20, 0x20,
    0x20, 0x20, 0x20, 0x22, 0x61, 0x73, 0x73, 0x65, 0x6D, 0x62, 0x6C, 0x79, 0x4E, 0x61, 0x6D, 0x65,
    0x22, 0x3A, 0x20, 0x22, 0x53, 0x79, 0x73, 0x74, 0x65, 0x6D, 0x2E, 0x50, 0x72, 0x69, 0x76, 0x61,
    0x74, 0x65, 0x2E, 0x43, 0x6F, 0x72, 0x65, 0x4C, 0x69, 0x62, 0x22, 0x2C, 0x0D, 0x0A, 0x20, 0x20,
    0x20, 0x20, 0x20, 0x20, 0x20, 0x20, 0x20, 0x20, 0x20, 0x20, 0x22, 0x73, 0x75, 0x62, 0x6A, 0x65,
    0x63, 0x74, 0x49, 0x64, 0x22, 0x3A, 0x20, 0x22, 0x53, 0x79, 0x73, 0x74, 0x65, 0x6D, 0x2E, 0x50,
    0x72, 0x69, 0x76, 0x61, 0x74, 0x65, 0x2E, 0x43, 0x6F, 0x72, 0x65, 0x4C, 0x69, 0x62, 0x2F, 0x53,
    0x79, 0x73, 0x74, 0x65, 0x6D, 0x2E, 0x4F, 0x62, 0x6A, 0x65, 0x63, 0x74, 0x3A, 0x3A, 0x47, 0x65,
    0x74, 0x48, 0x61, 0x73, 0x68, 0x43, 0x6F, 0x64, 0x65, 0x3A, 0x53, 0x79, 0x73, 0x74, 0x65, 0x6D,
    0x2E, 0x49, 0x6E, 0x74, 0x33, 0x32, 0x28, 0x29, 0x22, 0x2C, 0x0D, 0x0A, 0x20, 0x20, 0x20, 0x20,
    0x20, 0x20, 0x20, 0x20, 0x20, 0x20, 0x20, 0x20, 0x22, 0x74, 0x79, 0x70, 0x65, 0x53, 0x68, 0x61,
    0x70, 0x65, 0x22, 0x3A, 0x20, 0x30, 0x2C, 0x0D, 0x0A, 0x20, 0x20, 0x20, 0x20, 0x20, 0x20, 0x20,
    0x20, 0x20, 0x20, 0x20, 0x20, 0x22, 0x61, 0x72, 0x72, 0x61, 0x79, 0x45, 0x6C, 0x65, 0x6D, 0x65,
    0x6E, 0x74, 0x54, 0x79, 0x70, 0x65, 0x53, 0x68, 0x61, 0x70, 0x65, 0x22, 0x3A, 0x20, 0x30, 0x2C,
    0x0D, 0x0A, 0x20, 0x20, 0x20, 0x20, 0x20, 0x20, 0x20, 0x20, 0x20, 0x20, 0x20, 0x20, 0x22, 0x69,
    0x73, 0x53, 0x65, 0x61, 0x6C, 0x65, 0x64, 0x22, 0x3A, 0x20, 0x66, 0x61, 0x6C, 0x73, 0x65, 0x2C,
    0x0D, 0x0A, 0x20, 0x20, 0x20, 0x20, 0x20, 0x20, 0x20, 0x20, 0x20, 0x20, 0x20, 0x20, 0x22, 0x69,
    0x73, 0x43, 0x6F, 0x6D, 0x49, 0x6D, 0x70, 0x6F, 0x72, 0x74, 0x22, 0x3A, 0x20, 0x66, 0x61, 0x6C,
    0x73, 0x65, 0x2C, 0x0D, 0x0A, 0x20, 0x20, 0x20, 0x20, 0x20, 0x20, 0x20, 0x20, 0x20, 0x20, 0x20,
    0x20, 0x22, 0x63, 0x6F, 0x6D, 0x49, 0x6E, 0x74, 0x65, 0x72, 0x66, 0x61, 0x63, 0x65, 0x54, 0x79,
    0x70, 0x65, 0x4B, 0x69, 0x6E, 0x64, 0x22, 0x3A, 0x20, 0x30, 0x2C, 0x0D, 0x0A, 0x20, 0x20, 0x20,
    0x20, 0x20, 0x20, 0x20, 0x20, 0x20, 0x20, 0x20, 0x20, 0x22, 0x64, 0x65, 0x63, 0x6C, 0x61, 0x72,
    0x69, 0x6E, 0x67, 0x54, 0x79, 0x70, 0x65, 0x53, 0x68, 0x61, 0x70, 0x65, 0x22, 0x3A, 0x20, 0x30,
    0x0D, 0x0A, 0x20, 0x20, 0x20, 0x20, 0x20, 0x20, 0x20, 0x20, 0x20, 0x20, 0x7D, 0x2C, 0x0D, 0x0A,
    0x20, 0x20, 0x20, 0x20, 0x20, 0x20, 0x20, 0x20, 0x20, 0x20, 0x22, 0x64, 0x69, 0x73, 0x70, 0x61,
    0x74, 0x63, 0x68, 0x4B, 0x69, 0x6E, 0x64, 0x43, 0x6F, 0x64, 0x65, 0x22, 0x3A, 0x20, 0x34, 0x2C,
    0x0D, 0x0A, 0x20, 0x20, 0x20, 0x20, 0x20, 0x20, 0x20, 0x20, 0x20, 0x20, 0x22, 0x69, 0x73, 0x50,
    0x72, 0x65, 0x73, 0x65, 0x72, 0x76, 0x65, 0x53, 0x69, 0x67, 0x22, 0x3A, 0x20, 0x66, 0x61, 0x6C,
    0x73, 0x65, 0x0D, 0x0A, 0x20, 0x20, 0x20, 0x20, 0x20, 0x20, 0x20, 0x20, 0x7D, 0x2C, 0x0D, 0x0A,
    0x20, 0x20, 0x20, 0x20, 0x20, 0x20, 0x20, 0x20, 0x7B, 0x0D, 0x0A, 0x20, 0x20, 0x20, 0x20, 0x20,
    0x20, 0x20, 0x20, 0x20, 0x20, 0x22, 0x6F, 0x70, 0x22, 0x3A, 0x20, 0x22, 0x6C, 0x64, 0x63, 0x2E,
    0x69, 0x34, 0x22, 0x2C, 0x0D, 0x0A, 0x20, 0x20, 0x20, 0x20, 0x20, 0x20, 0x20, 0x20, 0x20, 0x20,
    0x22, 0x6F, 0x70, 0x43, 0x6F, 0x64, 0x65, 0x22, 0x3A, 0x20, 0x30, 0x2C, 0x0D, 0x0A, 0x20, 0x20,
    0x20, 0x20, 0x20, 0x20, 0x20, 0x20, 0x20, 0x20, 0x22, 0x6F, 0x70, 0x65, 0x72, 0x61, 0x6E, 0x64,
    0x22, 0x3A, 0x20, 0x39, 0x30, 0x36, 0x38, 0x37, 0x30, 0x37, 0x34, 0x34, 0x2C, 0x0D, 0x0A, 0x20,
    0x20, 0x20, 0x20, 0x20, 0x20, 0x20, 0x20, 0x20, 0x20, 0x22, 0x69, 0x6C, 0x4F, 0x66, 0x66, 0x73,
    0x65, 0x74, 0x22, 0x3A, 0x20, 0x33, 0x36, 0x2C, 0x0D, 0x0A, 0x20, 0x20, 0x20, 0x20, 0x20, 0x20,
    0x20, 0x20, 0x20, 0x20, 0x22, 0x72, 0x65, 0x73, 0x75, 0x6C, 0x74, 0x54, 0x79, 0x70, 0x65, 0x22,
    0x3A, 0x20, 0x22, 0x53, 0x79, 0x73, 0x74, 0x65, 0x6D, 0x2E, 0x49, 0x6E, 0x74, 0x33, 0x32, 0x22,
    0x2C, 0x0D, 0x0A, 0x20, 0x20, 0x20, 0x20, 0x20, 0x20, 0x20, 0x20, 0x20, 0x20, 0x22, 0x69, 0x73,
    0x50, 0x72, 0x65, 0x73, 0x65, 0x72, 0x76, 0x65, 0x53, 0x69, 0x67, 0x22, 0x3A, 0x20, 0x66, 0x61,
    0x6C, 0x73, 0x65, 0x0D, 0x0A, 0x20, 0x20, 0x20, 0x20, 0x20, 0x20, 0x20, 0x20, 0x7D, 0x2C, 0x0D,
    0x0A, 0x20, 0x20, 0x20, 0x20, 0x20, 0x20, 0x20, 0x20, 0x7B, 0x0D, 0x0A, 0x20, 0x20, 0x20, 0x20,
    0x20, 0x20, 0x20, 0x20, 0x20, 0x20, 0x22, 0x6F, 0x70, 0x22, 0x3A, 0x20, 0x22, 0x63, 0x65, 0x71,
    0x22, 0x2C, 0x0D, 0x0A, 0x20, 0x20, 0x20, 0x20, 0x20, 0x20, 0x20, 0x20, 0x20, 0x20, 0x22, 0x6F,
    0x70, 0x43, 0x6F, 0x64, 0x65, 0x22, 0x3A, 0x20, 0x33, 0x31, 0x2C, 0x0D, 0x0A, 0x20, 0x20, 0x20,
    0x20, 0x20, 0x20, 0x20, 0x20, 0x20, 0x20, 0x22, 0x69, 0x6C, 0x4F, 0x66, 0x66, 0x73, 0x65, 0x74,
    0x22, 0x3A, 0x20, 0x34, 0x31, 0x2C, 0x0D, 0x0A, 0x20, 0x20, 0x20, 0x20, 0x20, 0x20, 0x20, 0x20,
    0x20, 0x20, 0x22, 0x72, 0x65, 0x73, 0x75, 0x6C, 0x74, 0x54, 0x79, 0x70, 0x65, 0x22, 0x3A, 0x20,
    0x22, 0x53, 0x79, 0x73, 0x74, 0x65, 0x6D, 0x2E, 0x49, 0x6E, 0x74, 0x33, 0x32, 0x22, 0x2C, 0x0D,
    0x0A, 0x20, 0x20, 0x20, 0x20, 0x20, 0x20, 0x20, 0x20, 0x20, 0x20, 0x22, 0x69, 0x73, 0x50, 0x72,
    0x65, 0x73, 0x65, 0x72, 0x76, 0x65, 0x53, 0x69, 0x67, 0x22, 0x3A, 0x20, 0x66, 0x61, 0x6C, 0x73,
    0x65, 0x0D, 0x0A, 0x20, 0x20, 0x20, 0x20, 0x20, 0x20, 0x20, 0x20, 0x7D, 0x2C, 0x0D, 0x0A, 0x20,
    0x20, 0x20, 0x20, 0x20, 0x20, 0x20, 0x20, 0x7B, 0x0D, 0x0A, 0x20, 0x20, 0x20, 0x20, 0x20, 0x20,
    0x20, 0x20, 0x20, 0x20, 0x22, 0x6F, 0x70, 0x22, 0x3A, 0x20, 0x22, 0x6C, 0x64, 0x63, 0x2E, 0x69,
    0x34, 0x22, 0x2C, 0x0D, 0x0A, 0x20, 0x20, 0x20, 0x20, 0x20, 0x20, 0x20, 0x20, 0x20, 0x20, 0x22,
    0x6F, 0x70, 0x43, 0x6F, 0x64, 0x65, 0x22, 0x3A, 0x20, 0x30, 0x2C, 0x0D, 0x0A, 0x20, 0x20, 0x20,
    0x20, 0x20, 0x20, 0x20, 0x20, 0x20, 0x20, 0x22, 0x6F, 0x70, 0x65, 0x72, 0x61, 0x6E, 0x64, 0x22,
    0x3A, 0x20, 0x30, 0x2C, 0x0D, 0x0A, 0x20, 0x20, 0x20, 0x20, 0x20, 0x20, 0x20, 0x20, 0x20, 0x20,
    0x22, 0x69, 0x6C, 0x4F, 0x66, 0x66, 0x73, 0x65, 0x74, 0x22, 0x3A, 0x20, 0x34, 0x33, 0x2C, 0x0D,
    0x0A, 0x20, 0x20, 0x20, 0x20, 0x20, 0x20, 0x20, 0x20, 0x20, 0x20, 0x22, 0x72, 0x65, 0x73, 0x75,
    0x6C, 0x74, 0x54, 0x79, 0x70, 0x65, 0x22, 0x3A, 0x20, 0x22, 0x53, 0x79, 0x73, 0x74, 0x65, 0x6D,
    0x2E, 0x49, 0x6E, 0x74, 0x33, 0x32, 0x22, 0x2C, 0x0D, 0x0A, 0x20, 0x20, 0x20, 0x20, 0x20, 0x20,
    0x20, 0x20, 0x20, 0x20, 0x22, 0x69, 0x73, 0x50, 0x72, 0x65, 0x73, 0x65, 0x72, 0x76, 0x65, 0x53,
    0x69, 0x67, 0x22, 0x3A, 0x20, 0x66, 0x61, 0x6C, 0x73, 0x65, 0x0D, 0x0A, 0x20, 0x20, 0x20, 0x20,
    0x20, 0x20, 0x20, 0x20, 0x7D, 0x2C, 0x0D, 0x0A, 0x20, 0x20, 0x20, 0x20, 0x20, 0x20, 0x20, 0x20,
    0x7B, 0x0D, 0x0A, 0x20, 0x20, 0x20, 0x20, 0x20, 0x20, 0x20, 0x20, 0x20, 0x20, 0x22, 0x6F, 0x70,
    0x22, 0x3A, 0x20, 0x22, 0x63, 0x65, 0x71, 0x22, 0x2C, 0x0D, 0x0A, 0x20, 0x20, 0x20, 0x20, 0x20,
    0x20, 0x20, 0x20, 0x20, 0x20, 0x22, 0x6F, 0x70, 0x43, 0x6F, 0x64, 0x65, 0x22, 0x3A, 0x20, 0x33,
    0x31, 0x2C, 0x0D, 0x0A, 0x20, 0x20, 0x20, 0x20, 0x20, 0x20, 0x20, 0x20, 0x20, 0x20, 0x22, 0x69,
    0x6C, 0x4F, 0x66, 0x66, 0x73, 0x65, 0x74, 0x22, 0x3A, 0x20, 0x34, 0x34, 0x2C, 0x0D, 0x0A, 0x20,
    0x20, 0x20, 0x20, 0x20, 0x20, 0x20, 0x20, 0x20, 0x20, 0x22, 0x72, 0x65, 0x73, 0x75, 0x6C, 0x74,
    0x54, 0x79, 0x70, 0x65, 0x22, 0x3A, 0x20, 0x22, 0x53, 0x79, 0x73, 0x74, 0x65, 0x6D, 0x2E, 0x49,
    0x6E, 0x74, 0x33, 0x32, 0x22, 0x2C, 0x0D, 0x0A, 0x20, 0x20, 0x20, 0x20, 0x20, 0x20, 0x20, 0x20,
    0x20, 0x20, 0x22, 0x69, 0x73, 0x50, 0x72, 0x65, 0x73, 0x65, 0x72, 0x76, 0x65, 0x53, 0x69, 0x67,
    0x22, 0x3A, 0x20, 0x66, 0x61, 0x6C, 0x73, 0x65, 0x0D, 0x0A, 0x20, 0x20, 0x20, 0x20, 0x20, 0x20,
    0x20, 0x20, 0x7D, 0x2C, 0x0D, 0x0A, 0x20, 0x20, 0x20, 0x20, 0x20, 0x20, 0x20, 0x20, 0x7B, 0x0D,
    0x0A, 0x20, 0x20, 0x20, 0x20, 0x20, 0x20, 0x20, 0x20, 0x20, 0x20, 0x22, 0x6F, 0x70, 0x22, 0x3A,
    0x20, 0x22, 0x73, 0x74, 0x6C, 0x6F, 0x63, 0x22, 0x2C, 0x0D, 0x0A, 0x20, 0x20, 0x20, 0x20, 0x20,
    0x20, 0x20, 0x20, 0x20, 0x20, 0x22, 0x6F, 0x70, 0x43, 0x6F, 0x64, 0x65, 0x22, 0x3A, 0x20, 0x38,
    0x2C, 0x0D, 0x0A, 0x20, 0x20, 0x20, 0x20, 0x20, 0x20, 0x20, 0x20, 0x20, 0x20, 0x22, 0x6F, 0x70,
    0x65, 0x72, 0x61, 0x6E, 0x64, 0x22, 0x3A, 0x20, 0x30, 0x2C, 0x0D, 0x0A, 0x20, 0x20, 0x20, 0x20,
    0x20, 0x20, 0x20, 0x20, 0x20, 0x20, 0x22, 0x69, 0x6C, 0x4F, 0x66, 0x66, 0x73, 0x65, 0x74, 0x22,
    0x3A, 0x20, 0x34, 0x36, 0x2C, 0x0D, 0x0A, 0x20, 0x20, 0x20, 0x20, 0x20, 0x20, 0x20, 0x20, 0x20,
    0x20, 0x22, 0x72, 0x65, 0x73, 0x75, 0x6C, 0x74, 0x54, 0x79, 0x70, 0x65, 0x22, 0x3A, 0x20, 0x22,
    0x53, 0x79, 0x73, 0x74, 0x65, 0x6D, 0x2E, 0x56, 0x6F, 0x69, 0x64, 0x22, 0x2C, 0x0D, 0x0A, 0x20,
    0x20, 0x20, 0x20, 0x20, 0x20, 0x20, 0x20, 0x20, 0x20, 0x22, 0x69, 0x73, 0x50, 0x72, 0x65, 0x73,
    0x65, 0x72, 0x76, 0x65, 0x53, 0x69, 0x67, 0x22, 0x3A, 0x20, 0x66, 0x61, 0x6C, 0x73, 0x65, 0x0D,
    0x0A, 0x20, 0x20, 0x20, 0x20, 0x20, 0x20, 0x20, 0x20, 0x7D, 0x2C, 0x0D, 0x0A, 0x20, 0x20, 0x20,
    0x20, 0x20, 0x20, 0x20, 0x20, 0x7B, 0x0D, 0x0A, 0x20, 0x20, 0x20, 0x20, 0x20, 0x20, 0x20, 0x20,
    0x20, 0x20, 0x22, 0x6F, 0x70, 0x22, 0x3A, 0x20, 0x22, 0x6C, 0x64, 0x6C, 0x6F, 0x63, 0x22, 0x2C,
    0x0D, 0x0A, 0x20, 0x20, 0x20, 0x20, 0x20, 0x20, 0x20, 0x20, 0x20, 0x20, 0x22, 0x6F, 0x70, 0x43,
    0x6F, 0x64, 0x65, 0x22, 0x3A, 0x20, 0x37, 0x2C, 0x0D, 0x0A, 0x20, 0x20, 0x20, 0x20, 0x20, 0x20,
    0x20, 0x20, 0x20, 0x20, 0x22, 0x6F, 0x70, 0x65, 0x72, 0x61, 0x6E, 0x64, 0x22, 0x3A, 0x20, 0x30,
    0x2C, 0x0D, 0x0A, 0x20, 0x20, 0x20, 0x20, 0x20, 0x20, 0x20, 0x20, 0x20, 0x20, 0x22, 0x69, 0x6C,
    0x4F, 0x66, 0x66, 0x73, 0x65, 0x74, 0x22, 0x3A, 0x20, 0x34, 0x37, 0x2C, 0x0D, 0x0A, 0x20, 0x20,
    0x20, 0x20, 0x20, 0x20, 0x20, 0x20, 0x20, 0x20, 0x22, 0x69, 0x73, 0x50, 0x72, 0x65, 0x73, 0x65,
    0x72, 0x76, 0x65, 0x53, 0x69, 0x67, 0x22, 0x3A, 0x20, 0x66, 0x61, 0x6C, 0x73, 0x65, 0x0D, 0x0A,
    0x20, 0x20, 0x20, 0x20, 0x20, 0x20, 0x20, 0x20, 0x7D, 0x2C, 0x0D, 0x0A, 0x20, 0x20, 0x20, 0x20,
    0x20, 0x20, 0x20, 0x20, 0x7B, 0x0D, 0x0A, 0x20, 0x20, 0x20, 0x20, 0x20, 0x20, 0x20, 0x20, 0x20,
    0x20, 0x22, 0x6F, 0x70, 0x22, 0x3A, 0x20, 0x22, 0x62, 0x72, 0x66, 0x61, 0x6C, 0x73, 0x65, 0x22,
    0x2C, 0x0D, 0x0A, 0x20, 0x20, 0x20, 0x20, 0x20, 0x20, 0x20, 0x20, 0x20, 0x20, 0x22, 0x6F, 0x70,
    0x43, 0x6F, 0x64, 0x65, 0x22, 0x3A, 0x20, 0x31, 0x39, 0x2C, 0x0D, 0x0A, 0x20, 0x20, 0x20, 0x20,
    0x20, 0x20, 0x20, 0x20, 0x20, 0x20, 0x22, 0x6F, 0x70, 0x65, 0x72, 0x61, 0x6E, 0x64, 0x22, 0x3A,
    0x20, 0x35, 0x36, 0x2C, 0x0D, 0x0A, 0x20, 0x20, 0x20, 0x20, 0x20, 0x20, 0x20, 0x20, 0x20, 0x20,
    0x22, 0x69, 0x6C, 0x4F, 0x66, 0x66, 0x73, 0x65, 0x74, 0x22, 0x3A, 0x20, 0x34, 0x38, 0x2C, 0x0D,
    0x0A, 0x20, 0x20, 0x20, 0x20, 0x20, 0x20, 0x20, 0x20, 0x20, 0x20, 0x22, 0x72, 0x65, 0x73, 0x75,
    0x6C, 0x74, 0x54, 0x79, 0x70, 0x65, 0x22, 0x3A, 0x20, 0x22, 0x53, 0x79, 0x73, 0x74, 0x65, 0x6D,
    0x2E, 0x56, 0x6F, 0x69, 0x64, 0x22, 0x2C, 0x0D, 0x0A, 0x20, 0x20, 0x20, 0x20, 0x20, 0x20, 0x20,
    0x20, 0x20, 0x20, 0x22, 0x69, 0x73, 0x50, 0x72, 0x65, 0x73, 0x65, 0x72, 0x76, 0x65, 0x53, 0x69,
    0x67, 0x22, 0x3A, 0x20, 0x66, 0x61, 0x6C, 0x73, 0x65, 0x0D, 0x0A, 0x20, 0x20, 0x20, 0x20, 0x20,
    0x20, 0x20, 0x20, 0x7D, 0x2C, 0x0D, 0x0A, 0x20, 0x20, 0x20, 0x20, 0x20, 0x20, 0x20, 0x20, 0x7B,
    0x0D, 0x0A, 0x20, 0x20, 0x20, 0x20, 0x20, 0x20, 0x20, 0x20, 0x20, 0x20, 0x22, 0x6F, 0x70, 0x22,
    0x3A, 0x20, 0x22, 0x6C, 0x64, 0x63, 0x2E, 0x69, 0x34, 0x22, 0x2C, 0x0D, 0x0A, 0x20, 0x20, 0x20,
    0x20, 0x20, 0x20, 0x20, 0x20, 0x20, 0x20, 0x22, 0x6F, 0x70, 0x43, 0x6F, 0x64, 0x65, 0x22, 0x3A,
    0x20, 0x30, 0x2C, 0x0D, 0x0A, 0x20, 0x20, 0x20, 0x20, 0x20, 0x20, 0x20, 0x20, 0x20, 0x20, 0x22,
    0x6F, 0x70, 0x65, 0x72, 0x61, 0x6E, 0x64, 0x22, 0x3A, 0x20, 0x31, 0x2C, 0x0D, 0x0A, 0x20, 0x20,
    0x20, 0x20, 0x20, 0x20, 0x20, 0x20, 0x20, 0x20, 0x22, 0x69, 0x6C, 0x4F, 0x66, 0x66, 0x73, 0x65,
    0x74, 0x22, 0x3A, 0x20, 0x35, 0x30, 0x2C, 0x0D, 0x0A, 0x20, 0x20, 0x20, 0x20, 0x20, 0x20, 0x20,
    0x20, 0x20, 0x20, 0x22, 0x72, 0x65, 0x73, 0x75, 0x6C, 0x74, 0x54, 0x79, 0x70, 0x65, 0x22, 0x3A,
    0x20, 0x22, 0x53, 0x79, 0x73, 0x74, 0x65, 0x6D, 0x2E, 0x49, 0x6E, 0x74, 0x33, 0x32, 0x22, 0x2C,
    0x0D, 0x0A, 0x20, 0x20, 0x20, 0x20, 0x20, 0x20, 0x20, 0x20, 0x20, 0x20, 0x22, 0x69, 0x73, 0x50,
    0x72, 0x65, 0x73, 0x65, 0x72, 0x76, 0x65, 0x53, 0x69, 0x67, 0x22, 0x3A, 0x20, 0x66, 0x61, 0x6C,
    0x73, 0x65, 0x0D, 0x0A, 0x20, 0x20, 0x20, 0x20, 0x20, 0x20, 0x20, 0x20, 0x7D, 0x2C, 0x0D, 0x0A,
    0x20, 0x20, 0x20, 0x20, 0x20, 0x20, 0x20, 0x20, 0x7B, 0x0D, 0x0A, 0x20, 0x20, 0x20, 0x20, 0x20,
    0x20, 0x20, 0x20, 0x20, 0x20, 0x22, 0x6F, 0x70, 0x22, 0x3A, 0x20, 0x22, 0x73, 0x74, 0x73, 0x66,
    0x6C, 0x64, 0x22, 0x2C, 0x0D, 0x0A, 0x20, 0x20, 0x20, 0x20, 0x20, 0x20, 0x20, 0x20, 0x20, 0x20,
    0x22, 0x6F, 0x70, 0x43, 0x6F, 0x64, 0x65, 0x22, 0x3A, 0x20, 0x31, 0x33, 0x2C, 0x0D, 0x0A, 0x20,
    0x20, 0x20, 0x20, 0x20, 0x20, 0x20, 0x20, 0x20, 0x20, 0x22, 0x6F, 0x70, 0x65, 0x72, 0x61, 0x6E,
    0x64, 0x22, 0x3A, 0x20, 0x22, 0x41, 0x74, 0x74, 0x72, 0x69, 0x62, 0x75, 0x74, 0x65, 0x73, 0x43,
    0x75, 0x73, 0x74, 0x6F, 0x6D, 0x4D, 0x65, 0x74, 0x61, 0x64, 0x61, 0x74, 0x61, 0x53, 0x75, 0x62,
    0x6A, 0x65, 0x63, 0x74, 0x73, 0x2F, 0x41, 0x74, 0x74, 0x72, 0x69, 0x62, 0x75, 0x74, 0x65, 0x73,
    0x43, 0x75, 0x73, 0x74, 0x6F, 0x6D, 0x4D, 0x65, 0x74, 0x61, 0x64, 0x61, 0x74, 0x61, 0x53, 0x75,
    0x62, 0x6A, 0x65, 0x63, 0x74, 0x73, 0x3A, 0x3A, 0x5F, 0x65, 0x78, 0x69, 0x74, 0x43, 0x6F, 0x64,
    0x65, 0x22, 0x2C, 0x0D, 0x0A, 0x20, 0x20, 0x20, 0x20, 0x20, 0x20, 0x20, 0x20, 0x20, 0x20, 0x22,
    0x69, 0x6C, 0x4F, 0x66, 0x66, 0x73, 0x65, 0x74, 0x22, 0x3A, 0x20, 0x35, 0x31, 0x2C, 0x0D, 0x0A,
    0x20, 0x20, 0x20, 0x20, 0x20, 0x20, 0x20, 0x20, 0x20, 0x20, 0x22, 0x72, 0x65, 0x73, 0x75, 0x6C,
    0x74, 0x54, 0x79, 0x70, 0x65, 0x22, 0x3A, 0x20, 0x22, 0x53, 0x79, 0x73, 0x74, 0x65, 0x6D, 0x2E,
    0x56, 0x6F, 0x69, 0x64, 0x22, 0x2C, 0x0D, 0x0A, 0x20, 0x20, 0x20, 0x20, 0x20, 0x20, 0x20, 0x20,
    0x20, 0x20, 0x22, 0x72, 0x65, 0x66, 0x65, 0x72, 0x65, 0x6E, 0x63, 0x65, 0x22, 0x3A, 0x20, 0x7B,
    0x0D, 0x0A, 0x20, 0x20, 0x20, 0x20, 0x20, 0x20, 0x20, 0x20, 0x20, 0x20, 0x20, 0x20, 0x22, 0x61,
    0x73, 0x73, 0x65, 0x6D, 0x62, 0x6C, 0x79, 0x4E, 0x61, 0x6D, 0x65, 0x22, 0x3A, 0x20, 0x22, 0x41,
    0x74, 0x74, 0x72, 0x69, 0x62, 0x75, 0x74, 0x65, 0x73, 0x43, 0x75, 0x73, 0x74, 0x6F, 0x6D, 0x4D,
    0x65, 0x74, 0x61, 0x64, 0x61, 0x74, 0x61, 0x53, 0x75, 0x62, 0x6A, 0x65, 0x63, 0x74, 0x73, 0x22,
    0x2C, 0x0D, 0x0A, 0x20, 0x20, 0x20, 0x20, 0x20, 0x20, 0x20, 0x20, 0x20, 0x20, 0x20, 0x20, 0x22,
    0x73, 0x75, 0x62, 0x6A, 0x65, 0x63, 0x74, 0x4B, 0x69, 0x6E, 0x64, 0x22, 0x3A, 0x20, 0x22, 0x66,
    0x69, 0x65, 0x6C, 0x64, 0x22, 0x2C, 0x0D, 0x0A, 0x20, 0x20, 0x20, 0x20, 0x20, 0x20, 0x20, 0x20,
    0x20, 0x20, 0x20, 0x20, 0x22, 0x73, 0x75, 0x62, 0x6A, 0x65, 0x63, 0x74, 0x49, 0x64, 0x22, 0x3A,
    0x20, 0x22, 0x41, 0x74, 0x74, 0x72, 0x69, 0x62, 0x75, 0x74, 0x65, 0x73, 0x43, 0x75, 0x73, 0x74,
    0x6F, 0x6D, 0x4D, 0x65, 0x74, 0x61, 0x64, 0x61, 0x74, 0x61, 0x53, 0x75, 0x62, 0x6A, 0x65, 0x63,
    0x74, 0x73, 0x2F, 0x41, 0x74, 0x74, 0x72, 0x69, 0x62, 0x75, 0x74, 0x65, 0x73, 0x43, 0x75, 0x73,
    0x74, 0x6F, 0x6D, 0x4D, 0x65, 0x74, 0x61, 0x64, 0x61, 0x74, 0x61, 0x53, 0x75, 0x62, 0x6A, 0x65,
    0x63, 0x74, 0x73, 0x3A, 0x3A, 0x5F, 0x65, 0x78, 0x69, 0x74, 0x43, 0x6F, 0x64, 0x65, 0x22, 0x0D,
    0x0A, 0x20, 0x20, 0x20, 0x20, 0x20, 0x20, 0x20, 0x20, 0x20, 0x20, 0x7D, 0x2C, 0x0D, 0x0A, 0x20,
    0x20, 0x20, 0x20, 0x20, 0x20, 0x20, 0x20, 0x20, 0x20, 0x22, 0x74, 0x61, 0x72, 0x67, 0x65, 0x74,
    0x52, 0x65, 0x66, 0x65, 0x72, 0x65, 0x6E, 0x63, 0x65, 0x22, 0x3A, 0x20, 0x7B, 0x0D, 0x0A, 0x20,
    0x20, 0x20, 0x20, 0x20, 0x20, 0x20, 0x20, 0x20, 0x20, 0x20, 0x20, 0x22, 0x6B, 0x69, 0x6E, 0x64,
    0x22, 0x3A, 0x20, 0x32, 0x2C, 0x0D, 0x0A, 0x20, 0x20, 0x20, 0x20, 0x20, 0x20, 0x20, 0x20, 0x20,
    0x20, 0x20, 0x20, 0x22, 0x61, 0x73, 0x73, 0x65, 0x6D, 0x62, 0x6C, 0x79, 0x4E, 0x61, 0x6D, 0x65,
    0x22, 0x3A, 0x20, 0x22, 0x41, 0x74, 0x74, 0x72, 0x69, 0x62, 0x75, 0x74, 0x65, 0x73, 0x43, 0x75,
    0x73, 0x74, 0x6F, 0x6D, 0x4D, 0x65, 0x74, 0x61, 0x64, 0x61, 0x74, 0x61, 0x53, 0x75, 0x62, 0x6A,
    0x65, 0x63, 0x74, 0x73, 0x22, 0x2C, 0x0D, 0x0A, 0x20, 0x20, 0x20, 0x20, 0x20, 0x20, 0x20, 0x20,
    0x20, 0x20, 0x20, 0x20, 0x22, 0x73, 0x75, 0x62, 0x6A, 0x65, 0x63, 0x74, 0x49, 0x64, 0x22, 0x3A,
    0x20, 0x22, 0x41, 0x74, 0x74, 0x72, 0x69, 0x62, 0x75, 0x74, 0x65, 0x73, 0x43, 0x75, 0x73, 0x74,
    0x6F, 0x6D, 0x4D, 0x65, 0x74, 0x61, 0x64, 0x61, 0x74, 0x61, 0x53, 0x75, 0x62, 0x6A, 0x65, 0x63,
    0x74, 0x73, 0x2F, 0x41, 0x74, 0x74, 0x72, 0x69, 0x62, 0x75, 0x74, 0x65, 0x73, 0x43, 0x75, 0x73,
    0x74, 0x6F, 0x6D, 0x4D, 0x65, 0x74, 0x61, 0x64, 0x61, 0x74, 0x61, 0x53, 0x75, 0x62, 0x6A, 0x65,
    0x63, 0x74, 0x73, 0x3A, 0x3A, 0x5F, 0x65, 0x78, 0x69, 0x74, 0x43, 0x6F, 0x64, 0x65, 0x22, 0x2C,
    0x0D, 0x0A, 0x20, 0x20, 0x20, 0x20, 0x20, 0x20, 0x20, 0x20, 0x20, 0x20, 0x20, 0x20, 0x22, 0x74,
    0x79, 0x70, 0x65, 0x53, 0x68, 0x61, 0x70, 0x65, 0x22, 0x3A, 0x20, 0x30, 0x2C, 0x0D, 0x0A, 0x20,
    0x20, 0x20, 0x20, 0x20, 0x20, 0x20, 0x20, 0x20, 0x20, 0x20, 0x20, 0x22, 0x61, 0x72, 0x72, 0x61,
    0x79, 0x45, 0x6C, 0x65, 0x6D, 0x65, 0x6E, 0x74, 0x54, 0x79, 0x70, 0x65, 0x53, 0x68, 0x61, 0x70,
    0x65, 0x22, 0x3A, 0x20, 0x30, 0x2C, 0x0D, 0x0A, 0x20, 0x20, 0x20, 0x20, 0x20, 0x20, 0x20, 0x20,
    0x20, 0x20, 0x20, 0x20, 0x22, 0x69, 0x73, 0x53, 0x65, 0x61, 0x6C, 0x65, 0x64, 0x22, 0x3A, 0x20,
    0x66, 0x61, 0x6C, 0x73, 0x65, 0x2C, 0x0D, 0x0A, 0x20, 0x20, 0x20, 0x20, 0x20, 0x20, 0x20, 0x20,
    0x20, 0x20, 0x20, 0x20, 0x22, 0x69, 0x73, 0x43, 0x6F, 0x6D, 0x49, 0x6D, 0x70, 0x6F, 0x72, 0x74,
    0x22, 0x3A, 0x20, 0x66, 0x61, 0x6C, 0x73, 0x65, 0x2C, 0x0D, 0x0A, 0x20, 0x20, 0x20, 0x20, 0x20,
    0x20, 0x20, 0x20, 0x20, 0x20, 0x20, 0x20, 0x22, 0x63, 0x6F, 0x6D, 0x49, 0x6E, 0x74, 0x65, 0x72,
    0x66, 0x61, 0x63, 0x65, 0x54, 0x79, 0x70, 0x65, 0x4B, 0x69, 0x6E, 0x64, 0x22, 0x3A, 0x20, 0x30,
    0x2C, 0x0D, 0x0A, 0x20, 0x20, 0x20, 0x20, 0x20, 0x20, 0x20, 0x20, 0x20, 0x20, 0x20, 0x20, 0x22,
    0x64, 0x65, 0x63, 0x6C, 0x61, 0x72, 0x69, 0x6E, 0x67, 0x54, 0x79, 0x70, 0x65, 0x53, 0x75, 0x62,
    0x6A, 0x65, 0x63, 0x74, 0x49, 0x64, 0x22, 0x3A, 0x20, 0x22, 0x41, 0x74, 0x74, 0x72, 0x69, 0x62,
    0x75, 0x74, 0x65, 0x73, 0x43, 0x75, 0x73, 0x74, 0x6F, 0x6D, 0x4D, 0x65, 0x74, 0x61, 0x64, 0x61,
    0x74, 0x61, 0x53, 0x75, 0x62, 0x6A, 0x65, 0x63, 0x74, 0x73, 0x2F, 0x41, 0x74, 0x74, 0x72, 0x69,
    0x62, 0x75, 0x74, 0x65, 0x73, 0x43, 0x75, 0x73, 0x74, 0x6F, 0x6D, 0x4D, 0x65, 0x74, 0x61, 0x64,
    0x61, 0x74, 0x61, 0x53, 0x75, 0x62, 0x6A, 0x65, 0x63, 0x74, 0x73, 0x22, 0x2C, 0x0D, 0x0A, 0x20,
    0x20, 0x20, 0x20, 0x20, 0x20, 0x20, 0x20, 0x20, 0x20, 0x20, 0x20, 0x22, 0x64, 0x65, 0x63, 0x6C,
    0x61, 0x72, 0x69, 0x6E, 0x67, 0x54, 0x79, 0x70, 0x65, 0x53, 0x68, 0x61, 0x70, 0x65, 0x22, 0x3A,
    0x20, 0x31, 0x2C, 0x0D, 0x0A, 0x20, 0x20, 0x20, 0x20, 0x20, 0x20, 0x20, 0x20, 0x20, 0x20, 0x20,
    0x20, 0x22, 0x66, 0x69, 0x65, 0x6C, 0x64, 0x54, 0x79, 0x70, 0x65, 0x53, 0x75, 0x62, 0x6A, 0x65,
    0x63, 0x74, 0x49, 0x64, 0x22, 0x3A, 0x20, 0x22, 0x53, 0x79, 0x73, 0x74, 0x65, 0x6D, 0x2E, 0x49,
    0x6E, 0x74, 0x33, 0x32, 0x22, 0x0D, 0x0A, 0x20, 0x20, 0x20, 0x20, 0x20, 0x20, 0x20, 0x20, 0x20,
    0x20, 0x7D, 0x2C, 0x0D, 0x0A, 0x20, 0x20, 0x20, 0x20, 0x20, 0x20, 0x20, 0x20, 0x20, 0x20, 0x22,
    0x72, 0x75, 0x6E, 0x74, 0x69, 0x6D, 0x65, 0x53, 0x65, 0x72, 0x76, 0x69, 0x63, 0x65, 0x4B, 0x69,
    0x6E, 0x64, 0x22, 0x3A, 0x20, 0x35, 0x2C, 0x0D, 0x0A, 0x20, 0x20, 0x20, 0x20, 0x20, 0x20, 0x20,
    0x20, 0x20, 0x20, 0x22, 0x69, 0x73, 0x50, 0x72, 0x65, 0x73, 0x65, 0x72, 0x76, 0x65, 0x53, 0x69,
    0x67, 0x22, 0x3A, 0x20, 0x66, 0x61, 0x6C, 0x73, 0x65, 0x0D, 0x0A, 0x20, 0x20, 0x20, 0x20, 0x20,
    0x20, 0x20, 0x20, 0x7D, 0x2C, 0x0D, 0x0A, 0x20, 0x20, 0x20, 0x20, 0x20, 0x20, 0x20, 0x20, 0x7B,
    0x0D, 0x0A, 0x20, 0x20, 0x20, 0x20, 0x20, 0x20, 0x20, 0x20, 0x20, 0x20, 0x22, 0x6F, 0x70, 0x22,
    0x3A, 0x20, 0x22, 0x72, 0x65, 0x74, 0x22, 0x2C, 0x0D, 0x0A, 0x20, 0x20, 0x20, 0x20, 0x20, 0x20,
    0x20, 0x20, 0x20, 0x20, 0x22, 0x6F, 0x70, 0x43, 0x6F, 0x64, 0x65, 0x22, 0x3A, 0x20, 0x35, 0x33,
    0x2C, 0x0D, 0x0A, 0x20, 0x20, 0x20, 0x20, 0x20, 0x20, 0x20, 0x20, 0x20, 0x20, 0x22, 0x69, 0x6C,
    0x4F, 0x66, 0x66, 0x73, 0x65, 0x74, 0x22, 0x3A, 0x20, 0x35, 0x36, 0x2C, 0x0D, 0x0A, 0x20, 0x20,
    0x20, 0x20, 0x20, 0x20, 0x20, 0x20, 0x20, 0x20, 0x22, 0x69, 0x73, 0x50, 0x72, 0x65, 0x73, 0x65,
    0x72, 0x76, 0x65, 0x53, 0x69, 0x67, 0x22, 0x3A, 0x20, 0x66, 0x61, 0x6C, 0x73, 0x65, 0x0D, 0x0A,
    0x20, 0x20, 0x20, 0x20, 0x20, 0x20, 0x20, 0x20, 0x7D, 0x0D, 0x0A, 0x20, 0x20, 0x20, 0x20, 0x20,
    0x20, 0x5D, 0x2C, 0x0D, 0x0A, 0x20, 0x20, 0x20, 0x20, 0x20, 0x20, 0x22, 0x69, 0x73, 0x50, 0x49,
    0x6E, 0x76, 0x6F, 0x6B, 0x65, 0x22, 0x3A, 0x20, 0x66, 0x61, 0x6C, 0x73, 0x65, 0x2C, 0x0D, 0x0A,
    0x20, 0x20, 0x20, 0x20, 0x20, 0x20, 0x22, 0x69, 0x73, 0x55, 0x6E, 0x6D, 0x61, 0x6E, 0x61, 0x67,
    0x65, 0x64, 0x43, 0x61, 0x6C, 0x6C, 0x65, 0x72, 0x73, 0x4F, 0x6E, 0x6C, 0x79, 0x22, 0x3A, 0x20,
    0x66, 0x61, 0x6C, 0x73, 0x65, 0x2C, 0x0D, 0x0A, 0x20, 0x20, 0x20, 0x20, 0x20, 0x20, 0x22, 0x69,
    0x6D, 0x70, 0x6F, 0x72, 0x74, 0x43, 0x61, 0x6C, 0x6C, 0x69, 0x6E, 0x67, 0x43, 0x6F, 0x6E, 0x76,
    0x65, 0x6E, 0x74, 0x69, 0x6F, 0x6E, 0x22, 0x3A, 0x20, 0x30, 0x2C, 0x0D, 0x0A, 0x20, 0x20, 0x20,
    0x20, 0x20, 0x20, 0x22, 0x69, 0x6D, 0x70, 0x6F, 0x72, 0x74, 0x43, 0x68, 0x61, 0x72, 0x53, 0x65,
    0x74, 0x22, 0x3A, 0x20, 0x30, 0x2C, 0x0D, 0x0A, 0x20, 0x20, 0x20, 0x20, 0x20, 0x20, 0x22, 0x69,
    0x6D, 0x70, 0x6F, 0x72, 0x74, 0x53, 0x65, 0x74, 0x4C, 0x61, 0x73, 0x74, 0x45, 0x72, 0x72, 0x6F,
    0x72, 0x22, 0x3A, 0x20, 0x66, 0x61, 0x6C, 0x73, 0x65, 0x2C, 0x0D, 0x0A, 0x20, 0x20, 0x20, 0x20,
    0x20, 0x20, 0x22, 0x69, 0x73, 0x49, 0x6E, 0x74, 0x65, 0x72, 0x6E, 0x61, 0x6C, 0x4C, 0x69, 0x6E,
    0x6B, 0x22, 0x3A, 0x20, 0x66, 0x61, 0x6C, 0x73, 0x65, 0x2C, 0x0D, 0x0A, 0x20, 0x20, 0x20, 0x20,
    0x20, 0x20, 0x22, 0x69, 0x73, 0x53, 0x75, 0x70, 0x70, 0x72, 0x65, 0x73, 0x73, 0x47, 0x43, 0x54,
    0x72, 0x61, 0x6E, 0x73, 0x69, 0x74, 0x69, 0x6F, 0x6E, 0x22, 0x3A, 0x20, 0x66, 0x61, 0x6C, 0x73,
    0x65, 0x2C, 0x0D, 0x0A, 0x20, 0x20, 0x20, 0x20, 0x20, 0x20, 0x22, 0x68, 0x61, 0x73, 0x42, 0x6C,
    0x69, 0x74, 0x74, 0x61, 0x62, 0x6C, 0x65, 0x53, 0x74, 0x72, 0x75, 0x63, 0x74, 0x52, 0x65, 0x74,
    0x75, 0x72, 0x6E, 0x22, 0x3A, 0x20, 0x66, 0x61, 0x6C, 0x73, 0x65, 0x2C, 0x0D, 0x0A, 0x20, 0x20,
    0x20, 0x20, 0x20, 0x20, 0x22, 0x64, 0x65, 0x63, 0x6C, 0x61, 0x72, 0x69, 0x6E, 0x67, 0x41, 0x73,
    0x73, 0x65, 0x6D, 0x62, 0x6C, 0x79, 0x4E, 0x61, 0x6D, 0x65, 0x22, 0x3A, 0x20, 0x22, 0x41, 0x74,
    0x74, 0x72, 0x69, 0x62, 0x75, 0x74, 0x65, 0x73, 0x43, 0x75, 0x73, 0x74, 0x6F, 0x6D, 0x4D, 0x65,
    0x74, 0x61, 0x64, 0x61, 0x74, 0x61, 0x53, 0x75, 0x62, 0x6A, 0x65, 0x63, 0x74, 0x73, 0x22, 0x0D,
    0x0A, 0x20, 0x20, 0x20, 0x20, 0x7D, 0x00, 0x7B, 0x0D, 0x0A, 0x20, 0x20, 0x20, 0x20, 0x20, 0x20,
    0x22, 0x6D, 0x65, 0x74, 0x68, 0x6F, 0x64, 0x49, 0x64, 0x22, 0x3A, 0x20, 0x22, 0x61, 0x74, 0x74,
    0x72, 0x69, 0x62, 0x75, 0x74, 0x65, 0x73, 0x2D, 0x63, 0x75, 0x73, 0x74, 0x6F, 0x6D, 0x2D, 0x6D,
    0x65, 0x74, 0x61, 0x64, 0x61, 0x74, 0x61, 0x2D, 0x73, 0x75, 0x62, 0x6A, 0x65, 0x63, 0x74, 0x73,
    0x2E, 0x61, 0x74, 0x74, 0x72, 0x69, 0x62, 0x75, 0x74, 0x65, 0x73, 0x2D, 0x63, 0x75, 0x73, 0x74,
    0x6F, 0x6D, 0x2D, 0x6D, 0x65, 0x74, 0x61, 0x64, 0x61, 0x74, 0x61, 0x2D, 0x73, 0x75, 0x62, 0x6A,
    0x65, 0x63, 0x74, 0x73, 0x2E, 0x73, 0x75, 0x62, 0x6A, 0x65, 0x63, 0x74, 0x2D, 0x31, 0x22, 0x2C,
    0x0D, 0x0A, 0x20, 0x20, 0x20, 0x20, 0x20, 0x20, 0x22, 0x73, 0x75, 0x62, 0x6A, 0x65, 0x63, 0x74,
    0x49, 0x64, 0x22, 0x3A, 0x20, 0x22, 0x41, 0x74, 0x74, 0x72, 0x69, 0x62, 0x75, 0x74, 0x65, 0x73,
    0x43, 0x75, 0x73, 0x74, 0x6F, 0x6D, 0x4D, 0x65, 0x74, 0x61, 0x64, 0x61, 0x74, 0x61, 0x53, 0x75,
    0x62, 0x6A, 0x65, 0x63, 0x74, 0x73, 0x2F, 0x41, 0x74, 0x74, 0x72, 0x69, 0x62, 0x75, 0x74, 0x65,
    0x73, 0x43, 0x75, 0x73, 0x74, 0x6F, 0x6D, 0x4D, 0x65, 0x74, 0x61, 0x64, 0x61, 0x74, 0x61, 0x53,
    0x75, 0x62, 0x6A, 0x65, 0x63, 0x74, 0x73, 0x3A, 0x3A, 0x53, 0x75, 0x62, 0x6A, 0x65, 0x63, 0x74,
    0x5F, 0x31, 0x3A, 0x53, 0x79, 0x73, 0x74, 0x65, 0x6D, 0x2E, 0x56, 0x6F, 0x69, 0x64, 0x28, 0x29,
    0x22, 0x2C, 0x0D, 0x0A, 0x20, 0x20, 0x20, 0x20, 0x20, 0x20, 0x22, 0x73, 0x69, 0x67, 0x6E, 0x61,
    0x74, 0x75, 0x72, 0x65, 0x22, 0x3A, 0x20, 0x22, 0x53, 0x79, 0x73, 0x74, 0x65, 0x6D, 0x2E, 0x56,
    0x6F, 0x69, 0x64, 0x20, 0x41, 0x74, 0x74, 0x72, 0x69, 0x62, 0x75, 0x74, 0x65, 0x73, 0x43, 0x75,
    0x73, 0x74, 0x6F, 0x6D, 0x4D, 0x65, 0x74, 0x61, 0x64, 0x61, 0x74, 0x61, 0x53, 0x75, 0x62, 0x6A,
    0x65, 0x63, 0x74, 0x73, 0x3A, 0x3A, 0x53, 0x75, 0x62, 0x6A, 0x65, 0x63, 0x74, 0x5F, 0x31, 0x28,
    0x29, 0x22, 0x2C, 0x0D, 0x0A, 0x20, 0x20, 0x20, 0x20, 0x20, 0x20, 0x22, 0x69, 0x64, 0x65, 0x6E,
    0x74, 0x69, 0x74, 0x79, 0x22, 0x3A, 0x20, 0x7B, 0x0D, 0x0A, 0x20, 0x20, 0x20, 0x20, 0x20, 0x20,
    0x20, 0x20, 0x22, 0x61, 0x73, 0x73, 0x65, 0x6D, 0x62, 0x6C, 0x79, 0x4E, 0x61, 0x6D, 0x65, 0x22,
    0x3A, 0x20, 0x22, 0x41, 0x74, 0x74, 0x72, 0x69, 0x62, 0x75, 0x74, 0x65, 0x73, 0x43, 0x75, 0x73,
    0x74, 0x6F, 0x6D, 0x4D, 0x65, 0x74, 0x61, 0x64, 0x61, 0x74, 0x61, 0x53, 0x75, 0x62, 0x6A, 0x65,
    0x63, 0x74, 0x73, 0x22, 0x2C, 0x0D, 0x0A, 0x20, 0x20, 0x20, 0x20, 0x20, 0x20, 0x20, 0x20, 0x22,
    0x64, 0x65, 0x63, 0x6C, 0x61, 0x72, 0x69, 0x6E, 0x67, 0x54, 0x79, 0x70, 0x65, 0x53, 0x75, 0x62,
    0x6A, 0x65, 0x63, 0x74, 0x49, 0x64, 0x22, 0x3A, 0x20, 0x22, 0x41, 0x74, 0x74, 0x72, 0x69, 0x62,
    0x75, 0x74, 0x65, 0x73, 0x43, 0x75, 0x73, 0x74, 0x6F, 0x6D, 0x4D, 0x65, 0x74, 0x61, 0x64, 0x61,
    0x74, 0x61, 0x53, 0x75, 0x62, 0x6A, 0x65, 0x63, 0x74, 0x73, 0x2F, 0x41, 0x74, 0x74, 0x72, 0x69,
    0x62, 0x75, 0x74, 0x65, 0x73, 0x43, 0x75, 0x73, 0x74, 0x6F, 0x6D, 0x4D, 0x65, 0x74, 0x61, 0x64,
    0x61, 0x74, 0x61, 0x53, 0x75, 0x62, 0x6A, 0x65, 0x63, 0x74, 0x73, 0x22, 0x2C, 0x0D, 0x0A, 0x20,
    0x20, 0x20, 0x20, 0x20, 0x20, 0x20, 0x20, 0x22, 0x64, 0x65, 0x66, 0x69, 0x6E, 0x69, 0x74, 0x69,
    0x6F, 0x6E, 0x53, 0x75, 0x62, 0x6A, 0x65, 0x63, 0x74, 0x49, 0x64, 0x22, 0x3A, 0x20, 0x22, 0x41,
    0x74, 0x74, 0x72, 0x69, 0x62, 0x75, 0x74, 0x65, 0x73, 0x43, 0x75, 0x73, 0x74, 0x6F, 0x6D, 0x4D,
    0x65, 0x74, 0x61, 0x64, 0x61, 0x74, 0x61, 0x53, 0x75, 0x62, 0x6A, 0x65, 0x63, 0x74, 0x73, 0x2F,
    0x41, 0x74, 0x74, 0x72, 0x69, 0x62, 0x75, 0x74, 0x65, 0x73, 0x43, 0x75, 0x73, 0x74, 0x6F, 0x6D,
    0x4D, 0x65, 0x74, 0x61, 0x64, 0x61, 0x74, 0x61, 0x53, 0x75, 0x62, 0x6A, 0x65, 0x63, 0x74, 0x73,
    0x3A, 0x3A, 0x53, 0x75, 0x62, 0x6A, 0x65, 0x63, 0x74, 0x5F, 0x31, 0x3A, 0x53, 0x79, 0x73, 0x74,
    0x65, 0x6D, 0x2E, 0x56, 0x6F, 0x69, 0x64, 0x28, 0x29, 0x22, 0x2C, 0x0D, 0x0A, 0x20, 0x20, 0x20,
    0x20, 0x20, 0x20, 0x20, 0x20, 0x22, 0x73, 0x75, 0x62, 0x6A, 0x65, 0x63, 0x74, 0x49, 0x64, 0x22,
    0x3A, 0x20, 0x22, 0x41, 0x74, 0x74, 0x72, 0x69, 0x62, 0x75, 0x74, 0x65, 0x73, 0x43, 0x75, 0x73,
    0x74, 0x6F, 0x6D, 0x4D, 0x65, 0x74, 0x61, 0x64, 0x61, 0x74, 0x61, 0x53, 0x75, 0x62, 0x6A, 0x65,
    0x63, 0x74, 0x73, 0x2F, 0x41, 0x74, 0x74, 0x72, 0x69, 0x62, 0x75, 0x74, 0x65, 0x73, 0x43, 0x75,
    0x73, 0x74, 0x6F, 0x6D, 0x4D, 0x65, 0x74, 0x61, 0x64, 0x61, 0x74, 0x61, 0x53, 0x75, 0x62, 0x6A,
    0x65, 0x63, 0x74, 0x73, 0x3A, 0x3A, 0x53, 0x75, 0x62, 0x6A, 0x65, 0x63, 0x74, 0x5F, 0x31, 0x3A,
    0x53, 0x79, 0x73, 0x74, 0x65, 0x6D, 0x2E, 0x56, 0x6F, 0x69, 0x64, 0x28, 0x29, 0x22, 0x2C, 0x0D,
    0x0A, 0x20, 0x20, 0x20, 0x20, 0x20, 0x20, 0x20, 0x20, 0x22, 0x6D, 0x65, 0x74, 0x68, 0x6F, 0x64,
    0x49, 0x64, 0x22, 0x3A, 0x20, 0x22, 0x61, 0x74, 0x74, 0x72, 0x69, 0x62, 0x75, 0x74, 0x65, 0x73,
    0x2D, 0x63, 0x75, 0x73, 0x74, 0x6F, 0x6D, 0x2D, 0x6D, 0x65, 0x74, 0x61, 0x64, 0x61, 0x74, 0x61,
    0x2D, 0x73, 0x75, 0x62, 0x6A, 0x65, 0x63, 0x74, 0x73, 0x2E, 0x61, 0x74, 0x74, 0x72, 0x69, 0x62,
    0x75, 0x74, 0x65, 0x73, 0x2D, 0x63, 0x75, 0x73, 0x74, 0x6F, 0x6D, 0x2D, 0x6D, 0x65, 0x74, 0x61,
    0x64, 0x61, 0x74, 0x61, 0x2D, 0x73, 0x75, 0x62, 0x6A, 0x65, 0x63, 0x74, 0x73, 0x2E, 0x73, 0x75,
    0x62, 0x6A, 0x65, 0x63, 0x74, 0x2D, 0x31, 0x22, 0x2C, 0x0D, 0x0A, 0x20, 0x20, 0x20, 0x20, 0x20,
    0x20, 0x20, 0x20, 0x22, 0x73, 0x69, 0x67, 0x6E, 0x61, 0x74, 0x75, 0x72, 0x65, 0x22, 0x3A, 0x20,
    0x22, 0x53, 0x79, 0x73, 0x74, 0x65, 0x6D, 0x2E, 0x56, 0x6F, 0x69, 0x64, 0x20, 0x41, 0x74, 0x74,
    0x72, 0x69, 0x62, 0x75, 0x74, 0x65, 0x73, 0x43, 0x75, 0x73, 0x74, 0x6F, 0x6D, 0x4D, 0x65, 0x74,
    0x61, 0x64, 0x61, 0x74, 0x61, 0x53, 0x75, 0x62, 0x6A, 0x65, 0x63, 0x74, 0x73, 0x3A, 0x3A, 0x53,
    0x75, 0x62, 0x6A, 0x65, 0x63, 0x74, 0x5F, 0x31, 0x28, 0x29, 0x22, 0x0D, 0x0A, 0x20, 0x20, 0x20,
    0x20, 0x20, 0x20, 0x7D, 0x2C, 0x0D, 0x0A, 0x20, 0x20, 0x20, 0x20, 0x20, 0x20, 0x22, 0x6E, 0x61,
    0x74, 0x69, 0x76, 0x65, 0x53, 0x79, 0x6D, 0x62, 0x6F, 0x6C, 0x22, 0x3A, 0x20, 0x22, 0x41, 0x74,
    0x74, 0x72, 0x69, 0x62, 0x75, 0x74, 0x65, 0x73, 0x43, 0x75, 0x73, 0x74, 0x6F, 0x6D, 0x4D, 0x65,
    0x74, 0x61, 0x64, 0x61, 0x74, 0x61, 0x53, 0x75, 0x62, 0x6A, 0x65, 0x63, 0x74, 0x73, 0x5F, 0x41,
    0x74, 0x74, 0x72, 0x69, 0x62, 0x75, 0x74, 0x65, 0x73, 0x43, 0x75, 0x73, 0x74, 0x6F, 0x6D, 0x4D,
    0x65, 0x74, 0x61, 0x64, 0x61, 0x74, 0x61, 0x53, 0x75, 0x62, 0x6A, 0x65, 0x63, 0x74, 0x73, 0x5F,
    0x53, 0x75, 0x62, 0x6A, 0x65, 0x63, 0x74, 0x5F, 0x31, 0x22, 0x2C, 0x0D, 0x0A, 0x20, 0x20, 0x20,
    0x20, 0x20, 0x20, 0x22, 0x69, 0x73, 0x53, 0x74, 0x61, 0x74, 0x69, 0x63, 0x22, 0x3A, 0x20, 0x74,
    0x72, 0x75, 0x65, 0x2C, 0x0D, 0x0A, 0x20, 0x20, 0x20, 0x20, 0x20, 0x20, 0x22, 0x72, 0x65, 0x74,
    0x75, 0x72, 0x6E, 0x54, 0x79, 0x70, 0x65, 0x22, 0x3A, 0x20, 0x22, 0x53, 0x79, 0x73, 0x74, 0x65,
    0x6D, 0x2E, 0x56, 0x6F, 0x69, 0x64, 0x22, 0x2C, 0x0D, 0x0A, 0x20, 0x20, 0x20, 0x20, 0x20, 0x20,
    0x22, 0x72, 0x65, 0x74, 0x75, 0x72, 0x6E, 0x41, 0x62, 0x69, 0x22, 0x3A, 0x20, 0x7B, 0x0D, 0x0A,
    0x20, 0x20, 0x20, 0x20, 0x20, 0x20, 0x20, 0x20, 0x22, 0x63, 0x61, 0x72, 0x72, 0x69, 0x65, 0x72,
    0x4B, 0x69, 0x6E, 0x64, 0x43, 0x6F, 0x64, 0x65, 0x22, 0x3A, 0x20, 0x30, 0x2C, 0x0D, 0x0A, 0x20,
    0x20, 0x20, 0x20, 0x20, 0x20, 0x20, 0x20, 0x22, 0x74, 0x79, 0x70, 0x65, 0x53, 0x68, 0x61, 0x70,
    0x65, 0x22, 0x3A, 0x20, 0x31, 0x0D, 0x0A, 0x20, 0x20, 0x20, 0x20, 0x20, 0x20, 0x7D, 0x2C, 0x0D,
    0x0A, 0x20, 0x20, 0x20, 0x20, 0x20, 0x20, 0x22, 0x70, 0x61, 0x72, 0x61, 0x6D, 0x65, 0x74, 0x65,
    0x72, 0x43, 0x6F, 0x75, 0x6E, 0x74, 0x22, 0x3A, 0x20, 0x30, 0x2C, 0x0D, 0x0A, 0x20, 0x20, 0x20,
    0x20, 0x20, 0x20, 0x22, 0x70, 0x61, 0x72, 0x61, 0x6D, 0x65, 0x74, 0x65, 0x72, 0x41, 0x62, 0x69,
    0x73, 0x22, 0x3A, 0x20, 0x5B, 0x5D, 0x2C, 0x0D, 0x0A, 0x20, 0x20, 0x20, 0x20, 0x20, 0x20, 0x22,
    0x6C, 0x6F, 0x63, 0x61, 0x6C, 0x43, 0x6F, 0x75, 0x6E, 0x74, 0x22, 0x3A, 0x20, 0x31, 0x2C, 0x0D,
    0x0A, 0x20, 0x20, 0x20, 0x20, 0x20, 0x20, 0x22, 0x65, 0x78, 0x63, 0x65, 0x70, 0x74, 0x69, 0x6F,
    0x6E, 0x52, 0x65, 0x67, 0x69, 0x6F, 0x6E, 0x43, 0x6F, 0x75, 0x6E, 0x74, 0x22, 0x3A, 0x20, 0x30,
    0x2C, 0x0D, 0x0A, 0x20, 0x20, 0x20, 0x20, 0x20, 0x20, 0x22, 0x65, 0x78, 0x63, 0x65, 0x70, 0x74,
    0x69, 0x6F, 0x6E, 0x52, 0x65, 0x67, 0x69, 0x6F, 0x6E, 0x73, 0x22, 0x3A, 0x20, 0x5B, 0x5D, 0x2C,
    0x0D, 0x0A, 0x20, 0x20, 0x20, 0x20, 0x20, 0x20, 0x22, 0x69, 0x6E, 0x73, 0x74, 0x72, 0x75, 0x63,
    0x74, 0x69, 0x6F, 0x6E, 0x73, 0x22, 0x3A, 0x20, 0x5B, 0x0D, 0x0A, 0x20, 0x20, 0x20, 0x20, 0x20,
    0x20, 0x20, 0x20, 0x7B, 0x0D, 0x0A, 0x20, 0x20, 0x20, 0x20, 0x20, 0x20, 0x20, 0x20, 0x20, 0x20,
    0x22, 0x6F, 0x70, 0x22, 0x3A, 0x20, 0x22, 0x6C, 0x64, 0x74, 0x6F, 0x6B, 0x65, 0x6E, 0x22, 0x2C,
    0x0D, 0x0A, 0x20, 0x20, 0x20, 0x20, 0x20, 0x20, 0x20, 0x20, 0x20, 0x20, 0x22, 0x6F, 0x70, 0x43,
    0x6F, 0x64, 0x65, 0x22, 0x3A, 0x20, 0x37, 0x30, 0x2C, 0x0D, 0x0A, 0x20, 0x20, 0x20, 0x20, 0x20,
    0x20, 0x20, 0x20, 0x20, 0x20, 0x22, 0x6F, 0x70, 0x65, 0x72, 0x61, 0x6E, 0x64, 0x22, 0x3A, 0x20,
    0x22, 0x53, 0x79, 0x73, 0x74, 0x65, 0x6D, 0x2E, 0x50, 0x72, 0x69, 0x76, 0x61, 0x74, 0x65, 0x2E,
    0x43, 0x6F, 0x72, 0x65, 0x4C, 0x69, 0x62, 0x2F, 0x53, 0x79, 0x73, 0x74, 0x65, 0x6D, 0x2E, 0x42,
    0x79, 0x74, 0x65, 0x22, 0x2C, 0x0D, 0x0A, 0x20, 0x20, 0x20, 0x20, 0x20, 0x20, 0x20, 0x20, 0x20,
    0x20, 0x22, 0x69, 0x6C, 0x4F, 0x66, 0x66, 0x73, 0x65, 0x74, 0x22, 0x3A, 0x20, 0x31, 0x2C, 0x0D,
    0x0A, 0x20, 0x20, 0x20, 0x20, 0x20, 0x20, 0x20, 0x20, 0x20, 0x20, 0x22, 0x72, 0x65, 0x73, 0x75,
    0x6C, 0x74, 0x54, 0x79, 0x70, 0x65, 0x22, 0x3A, 0x20, 0x22, 0x53, 0x79, 0x73, 0x74, 0x65, 0x6D,
    0x2E, 0x52, 0x75, 0x6E, 0x74, 0x69, 0x6D, 0x65, 0x54, 0x79, 0x70, 0x65, 0x48, 0x61, 0x6E, 0x64,
    0x6C, 0x65, 0x22, 0x2C, 0x0D, 0x0A, 0x20, 0x20, 0x20, 0x20, 0x20, 0x20, 0x20, 0x20, 0x20, 0x20,
    0x22, 0x72, 0x65, 0x66, 0x65, 0x72, 0x65, 0x6E, 0x63, 0x65, 0x22, 0x3A, 0x20, 0x7B, 0x0D, 0x0A,
    0x20, 0x20, 0x20, 0x20, 0x20, 0x20, 0x20, 0x20, 0x20, 0x20, 0x20, 0x20, 0x22, 0x61, 0x73, 0x73,
    0x65, 0x6D, 0x62, 0x6C, 0x79, 0x4E, 0x61, 0x6D, 0x65, 0x22, 0x3A, 0x20, 0x22, 0x53, 0x79, 0x73,
    0x74, 0x65, 0x6D, 0x2E, 0x50, 0x72, 0x69, 0x76, 0x61, 0x74, 0x65, 0x2E, 0x43, 0x6F, 0x72, 0x65,
    0x4C, 0x69, 0x62, 0x22, 0x2C, 0x0D, 0x0A, 0x20, 0x20, 0x20, 0x20, 0x20, 0x20, 0x20, 0x20, 0x20,
    0x20, 0x20, 0x20, 0x22, 0x73, 0x75, 0x62, 0x6A, 0x65, 0x63, 0x74, 0x4B, 0x69, 0x6E, 0x64, 0x22,
    0x3A, 0x20, 0x22, 0x74, 0x79, 0x70, 0x65, 0x22, 0x2C, 0x0D, 0x0A, 0x20, 0x20, 0x20, 0x20, 0x20,
    0x20, 0x20, 0x20, 0x20, 0x20, 0x20, 0x20, 0x22, 0x73, 0x75, 0x62, 0x6A, 0x65, 0x63, 0x74, 0x49,
    0x64, 0x22, 0x3A, 0x20, 0x22, 0x53, 0x79, 0x73, 0x74, 0x65, 0x6D, 0x2E, 0x50, 0x72, 0x69, 0x76,
    0x61, 0x74, 0x65, 0x2E, 0x43, 0x6F, 0x72, 0x65, 0x4C, 0x69, 0x62, 0x2F, 0x53, 0x79, 0x73, 0x74,
    0x65, 0x6D, 0x2E, 0x42, 0x79, 0x74, 0x65, 0x22, 0x0D, 0x0A, 0x20, 0x20, 0x20, 0x20, 0x20, 0x20,
    0x20, 0x20, 0x20, 0x20, 0x7D, 0x2C, 0x0D, 0x0A, 0x20, 0x20, 0x20, 0x20, 0x20, 0x20, 0x20, 0x20,
    0x20, 0x20, 0x22, 0x74, 0x61, 0x72, 0x67, 0x65, 0x74, 0x52, 0x65, 0x66, 0x65, 0x72, 0x65, 0x6E,
    0x63, 0x65, 0x22, 0x3A, 0x20, 0x7B, 0x0D, 0x0A, 0x20, 0x20, 0x20, 0x20, 0x20, 0x20, 0x20, 0x20,
    0x20, 0x20, 0x20, 0x20, 0x22, 0x6B, 0x69, 0x6E, 0x64, 0x22, 0x3A, 0x20, 0x31, 0x2C, 0x0D, 0x0A,
    0x20, 0x20, 0x20, 0x20, 0x20, 0x20, 0x20, 0x20, 0x20, 0x20, 0x20, 0x20, 0x22, 0x61, 0x73, 0x73,
    0x65, 0x6D, 0x62, 0x6C, 0x79, 0x4E, 0x61, 0x6D, 0x65, 0x22, 0x3A, 0x20, 0x22, 0x53, 0x79, 0x73,
    0x74, 0x65, 0x6D, 0x2E, 0x50, 0x72, 0x69, 0x76, 0x61, 0x74, 0x65, 0x2E, 0x43, 0x6F, 0x72, 0x65,
    0x4C, 0x69, 0x62, 0x22, 0x2C, 0x0D, 0x0A, 0x20, 0x20, 0x20, 0x20, 0x20, 0x20, 0x20, 0x20, 0x20,
    0x20, 0x20, 0x20, 0x22, 0x73, 0x75, 0x62, 0x6A, 0x65, 0x63, 0x74, 0x49, 0x64, 0x22, 0x3A, 0x20,
    0x22, 0x53, 0x79, 0x73, 0x74, 0x65, 0x6D, 0x2E, 0x50, 0x72, 0x69, 0x76, 0x61, 0x74, 0x65, 0x2E,
    0x43, 0x6F, 0x72, 0x65, 0x4C, 0x69, 0x62, 0x2F, 0x53, 0x79, 0x73, 0x74, 0x65, 0x6D, 0x2E, 0x42,
    0x79, 0x74, 0x65, 0x22, 0x2C, 0x0D, 0x0A, 0x20, 0x20, 0x20, 0x20, 0x20, 0x20, 0x20, 0x20, 0x20,
    0x20, 0x20, 0x20, 0x22, 0x74, 0x79, 0x70, 0x65, 0x53, 0x68, 0x61, 0x70, 0x65, 0x22, 0x3A, 0x20,
    0x31, 0x2C, 0x0D, 0x0A, 0x20, 0x20, 0x20, 0x20, 0x20, 0x20, 0x20, 0x20, 0x20, 0x20, 0x20, 0x20,
    0x22, 0x61, 0x72, 0x72, 0x61, 0x79, 0x45, 0x6C, 0x65, 0x6D, 0x65, 0x6E, 0x74, 0x54, 0x79, 0x70,
    0x65, 0x53, 0x68, 0x61, 0x70, 0x65, 0x22, 0x3A, 0x20, 0x30, 0x2C, 0x0D, 0x0A, 0x20, 0x20, 0x20,
    0x20, 0x20, 0x20, 0x20, 0x20, 0x20, 0x20, 0x20, 0x20, 0x22, 0x69, 0x73, 0x53, 0x65, 0x61, 0x6C,
    0x65, 0x64, 0x22, 0x3A, 0x20, 0x66, 0x61, 0x6C, 0x73, 0x65, 0x2C, 0x0D, 0x0A, 0x20, 0x20, 0x20,
    0x20, 0x20, 0x20, 0x20, 0x20, 0x20, 0x20, 0x20, 0x20, 0x22, 0x69, 0x73, 0x43, 0x6F, 0x6D, 0x49,
    0x6D, 0x70, 0x6F, 0x72, 0x74, 0x22, 0x3A, 0x20, 0x66, 0x61, 0x6C, 0x73, 0x65, 0x2C, 0x0D, 0x0A,
    0x20, 0x20, 0x20, 0x20, 0x20, 0x20, 0x20, 0x20, 0x20, 0x20, 0x20, 0x20, 0x22, 0x63, 0x6F, 0x6D,
    0x49, 0x6E, 0x74, 0x65, 0x72, 0x66, 0x61, 0x63, 0x65, 0x54, 0x79, 0x70, 0x65, 0x4B, 0x69, 0x6E,
    0x64, 0x22, 0x3A, 0x20, 0x30, 0x2C, 0x0D, 0x0A, 0x20, 0x20, 0x20, 0x20, 0x20, 0x20, 0x20, 0x20,
    0x20, 0x20, 0x20, 0x20, 0x22, 0x64, 0x65, 0x63, 0x6C, 0x61, 0x72, 0x69, 0x6E, 0x67, 0x54, 0x79,
    0x70, 0x65, 0x53, 0x68, 0x61, 0x70, 0x65, 0x22, 0x3A, 0x20, 0x30, 0x0D, 0x0A, 0x20, 0x20, 0x20,
    0x20, 0x20, 0x20, 0x20, 0x20, 0x20, 0x20, 0x7D, 0x2C, 0x0D, 0x0A, 0x20, 0x20, 0x20, 0x20, 0x20,
    0x20, 0x20, 0x20, 0x20, 0x20, 0x22, 0x69, 0x73, 0x50, 0x72, 0x65, 0x73, 0x65, 0x72, 0x76, 0x65,
    0x53, 0x69, 0x67, 0x22, 0x3A, 0x20, 0x66, 0x61, 0x6C, 0x73, 0x65, 0x0D, 0x0A, 0x20, 0x20, 0x20,
    0x20, 0x20, 0x20, 0x20, 0x20, 0x7D, 0x2C, 0x0D, 0x0A, 0x20, 0x20, 0x20, 0x20, 0x20, 0x20, 0x20,
    0x20, 0x7B, 0x0D, 0x0A, 0x20, 0x20, 0x20, 0x20, 0x20, 0x20, 0x20, 0x20, 0x20, 0x20, 0x22, 0x6F,
    0x70, 0x22, 0x3A, 0x20, 0x22, 0x63, 0x61, 0x6C, 0x6C, 0x22, 0x2C, 0x0D, 0x0A, 0x20, 0x20, 0x20,
    0x20, 0x20, 0x20, 0x20, 0x20, 0x20, 0x20, 0x22, 0x6F, 0x70, 0x43, 0x6F, 0x64, 0x65, 0x22, 0x3A,
    0x20, 0x31, 0x34, 0x2C, 0x0D, 0x0A, 0x20, 0x20, 0x20, 0x20, 0x20, 0x20, 0x20, 0x20, 0x20, 0x20,
    0x22, 0x69, 0x6C, 0x4F, 0x66, 0x66, 0x73, 0x65, 0x74, 0x22, 0x3A, 0x20, 0x36, 0x2C, 0x0D, 0x0A,
    0x20, 0x20, 0x20, 0x20, 0x20, 0x20, 0x20, 0x20, 0x20, 0x20, 0x22, 0x72, 0x65, 0x73, 0x75, 0x6C,
    0x74, 0x54, 0x79, 0x70, 0x65, 0x22, 0x3A, 0x20, 0x22, 0x53, 0x79, 0x73, 0x74, 0x65, 0x6D, 0x2E,
    0x54, 0x79, 0x70, 0x65, 0x22, 0x2C, 0x0D, 0x0A, 0x20, 0x20, 0x20, 0x20, 0x20, 0x20, 0x20, 0x20,
    0x20, 0x20, 0x22, 0x63, 0x61, 0x6C, 0x6C, 0x65, 0x65, 0x22, 0x3A, 0x20, 0x22, 0x53, 0x79, 0x73,
    0x74, 0x65, 0x6D, 0x2E, 0x50, 0x72, 0x69, 0x76, 0x61, 0x74, 0x65, 0x2E, 0x43, 0x6F, 0x72, 0x65,
    0x4C, 0x69, 0x62, 0x2F, 0x53, 0x79, 0x73, 0x74, 0x65, 0x6D, 0x2E, 0x54, 0x79, 0x70, 0x65, 0x3A,
    0x3A, 0x47, 0x65, 0x74, 0x54, 0x79, 0x70, 0x65, 0x46, 0x72, 0x6F, 0x6D, 0x48, 0x61, 0x6E, 0x64,
    0x6C, 0x65, 0x3A, 0x53, 0x79, 0x73, 0x74, 0x65, 0x6D, 0x2E, 0x54, 0x79, 0x70, 0x65, 0x28, 0x53,
    0x79, 0x73, 0x74, 0x65, 0x6D, 0x2E, 0x52, 0x75, 0x6E, 0x74, 0x69, 0x6D, 0x65, 0x54, 0x79, 0x70,
    0x65, 0x48, 0x61, 0x6E, 0x64, 0x6C, 0x65, 0x29, 0x22, 0x2C, 0x0D, 0x0A, 0x20, 0x20, 0x20, 0x20,
    0x20, 0x20, 0x20, 0x20, 0x20, 0x20, 0x22, 0x72, 0x65, 0x66, 0x65, 0x72, 0x65, 0x6E, 0x63, 0x65,
    0x22, 0x3A, 0x20, 0x7B, 0x0D, 0x0A, 0x20, 0x20, 0x20, 0x20, 0x20, 0x20, 0x20, 0x20, 0x20, 0x20,
    0x20, 0x20, 0x22, 0x61, 0x73, 0x73, 0x65, 0x6D, 0x62, 0x6C, 0x79, 0x4E, 0x61, 0x6D, 0x65, 0x22,
    0x3A, 0x20, 0x22, 0x53, 0x79, 0x73, 0x74, 0x65, 0x6D, 0x2E, 0x50, 0x72, 0x69, 0x76, 0x61, 0x74,
    0x65, 0x2E, 0x43, 0x6F, 0x72, 0x65, 0x4C, 0x69, 0x62, 0x22, 0x2C, 0x0D, 0x0A, 0x20, 0x20, 0x20,
    0x20, 0x20, 0x20, 0x20, 0x20, 0x20, 0x20, 0x20, 0x20, 0x22, 0x73, 0x75, 0x62, 0x6A, 0x65, 0x63,
    0x74, 0x4B, 0x69, 0x6E, 0x64, 0x22, 0x3A, 0x20, 0x22, 0x6D, 0x65, 0x74, 0x68, 0x6F, 0x64, 0x22,
    0x2C, 0x0D, 0x0A, 0x20, 0x20, 0x20, 0x20, 0x20, 0x20, 0x20, 0x20, 0x20, 0x20, 0x20, 0x20, 0x22,
    0x73, 0x75, 0x62, 0x6A, 0x65, 0x63, 0x74, 0x49, 0x64, 0x22, 0x3A, 0x20, 0x22, 0x53, 0x79, 0x73,
    0x74, 0x65, 0x6D, 0x2E, 0x50, 0x72, 0x69, 0x76, 0x61, 0x74, 0x65, 0x2E, 0x43, 0x6F, 0x72, 0x65,
    0x4C, 0x69, 0x62, 0x2F, 0x53, 0x79, 0x73, 0x74, 0x65, 0x6D, 0x2E, 0x54, 0x79, 0x70, 0x65, 0x3A,
    0x3A, 0x47, 0x65, 0x74, 0x54, 0x79, 0x70, 0x65, 0x46, 0x72, 0x6F, 0x6D, 0x48, 0x61, 0x6E, 0x64,
    0x6C, 0x65, 0x3A, 0x53, 0x79, 0x73, 0x74, 0x65, 0x6D, 0x2E, 0x54, 0x79, 0x70, 0x65, 0x28, 0x53,
    0x79, 0x73, 0x74, 0x65, 0x6D, 0x2E, 0x52, 0x75, 0x6E, 0x74, 0x69, 0x6D, 0x65, 0x54, 0x79, 0x70,
    0x65, 0x48, 0x61, 0x6E, 0x64, 0x6C, 0x65, 0x29, 0x22, 0x0D, 0x0A, 0x20, 0x20, 0x20, 0x20, 0x20,
    0x20, 0x20, 0x20, 0x20, 0x20, 0x7D, 0x2C, 0x0D, 0x0A, 0x20, 0x20, 0x20, 0x20, 0x20, 0x20, 0x20,
    0x20, 0x20, 0x20, 0x22, 0x74, 0x61, 0x72, 0x67, 0x65, 0x74, 0x52, 0x65, 0x66, 0x65, 0x72, 0x65,
    0x6E, 0x63, 0x65, 0x22, 0x3A, 0x20, 0x7B, 0x0D, 0x0A, 0x20, 0x20, 0x20, 0x20, 0x20, 0x20, 0x20,
    0x20, 0x20, 0x20, 0x20, 0x20, 0x22, 0x6B, 0x69, 0x6E, 0x64, 0x22, 0x3A, 0x20, 0x33, 0x2C, 0x0D,
    0x0A, 0x20, 0x20, 0x20, 0x20, 0x20, 0x20, 0x20, 0x20, 0x20, 0x20, 0x20, 0x20, 0x22, 0x61, 0x73,
    0x73, 0x65, 0x6D, 0x62, 0x6C, 0x79, 0x4E, 0x61, 0x6D, 0x65, 0x22, 0x3A, 0x20, 0x22, 0x53, 0x79,
    0x73, 0x74, 0x65, 0x6D, 0x2E, 0x50, 0x72, 0x69, 0x76, 0x61, 0x74, 0x65, 0x2E, 0x43, 0x6F, 0x72,
    0x65, 0x4C, 0x69, 0x62, 0x22, 0x2C, 0x0D, 0x0A, 0x20, 0x20, 0x20, 0x20, 0x20, 0x20, 0x20, 0x20,
    0x20, 0x20, 0x20, 0x20, 0x22, 0x73, 0x75, 0x62, 0x6A, 0x65, 0x63, 0x74, 0x49, 0x64, 0x22, 0x3A,
    0x20, 0x22, 0x53, 0x79, 0x73, 0x74, 0x65, 0x6D, 0x2E, 0x50, 0x72, 0x69, 0x76, 0x61, 0x74, 0x65,
    0x2E, 0x43, 0x6F, 0x72, 0x65, 0x4C, 0x69, 0x62, 0x2F, 0x53, 0x79, 0x73, 0x74, 0x65, 0x6D, 0x2E,
    0x54, 0x79, 0x70, 0x65, 0x3A, 0x3A, 0x47, 0x65, 0x74, 0x54, 0x79, 0x70, 0x65, 0x46, 0x72, 0x6F,
    0x6D, 0x48, 0x61, 0x6E, 0x64, 0x6C, 0x65, 0x3A, 0x53, 0x79, 0x73, 0x74, 0x65, 0x6D, 0x2E, 0x54,
    0x79, 0x70, 0x65, 0x28, 0x53, 0x79, 0x73, 0x74, 0x65, 0x6D, 0x2E, 0x52, 0x75, 0x6E, 0x74, 0x69,
    0x6D, 0x65, 0x54, 0x79, 0x70, 0x65, 0x48, 0x61, 0x6E, 0x64, 0x6C, 0x65, 0x29, 0x22, 0x2C, 0x0D,
    0x0A, 0x20, 0x20, 0x20, 0x20, 0x20, 0x20, 0x20, 0x20, 0x20, 0x20, 0x20, 0x20, 0x22, 0x74, 0x79,
    0x70, 0x65, 0x53, 0x68, 0x61, 0x70, 0x65, 0x22, 0x3A, 0x20, 0x30, 0x2C, 0x0D, 0x0A, 0x20, 0x20,
    0x20, 0x20, 0x20, 0x20, 0x20, 0x20, 0x20, 0x20, 0x20, 0x20, 0x22, 0x61, 0x72, 0x72, 0x61, 0x79,
    0x45, 0x6C, 0x65, 0x6D, 0x65, 0x6E, 0x74, 0x54, 0x79, 0x70, 0x65, 0x53, 0x68, 0x61, 0x70, 0x65,
    0x22, 0x3A, 0x20, 0x30, 0x2C, 0x0D, 0x0A, 0x20, 0x20, 0x20, 0x20, 0x20, 0x20, 0x20, 0x20, 0x20,
    0x20, 0x20, 0x20, 0x22, 0x69, 0x73, 0x53, 0x65, 0x61, 0x6C, 0x65, 0x64, 0x22, 0x3A, 0x20, 0x66,
    0x61, 0x6C, 0x73, 0x65, 0x2C, 0x0D, 0x0A, 0x20, 0x20, 0x20, 0x20, 0x20, 0x20, 0x20, 0x20, 0x20,
    0x20, 0x20, 0x20, 0x22, 0x69, 0x73, 0x43, 0x6F, 0x6D, 0x49, 0x6D, 0x70, 0x6F, 0x72, 0x74, 0x22,
    0x3A, 0x20, 0x66, 0x61, 0x6C, 0x73, 0x65, 0x2C, 0x0D, 0x0A, 0x20, 0x20, 0x20, 0x20, 0x20, 0x20,
    0x20, 0x20, 0x20, 0x20, 0x20, 0x20, 0x22, 0x63, 0x6F, 0x6D, 0x49, 0x6E, 0x74, 0x65, 0x72, 0x66,
    0x61, 0x63, 0x65, 0x54, 0x79, 0x70, 0x65, 0x4B, 0x69, 0x6E, 0x64, 0x22, 0x3A, 0x20, 0x30, 0x2C,
    0x0D, 0x0A, 0x20, 0x20, 0x20, 0x20, 0x20, 0x20, 0x20, 0x20, 0x20, 0x20, 0x20, 0x20, 0x22, 0x64,
    0x65, 0x63, 0x6C, 0x61, 0x72, 0x69, 0x6E, 0x67, 0x54, 0x79, 0x70, 0x65, 0x53, 0x68, 0x61, 0x70,
    0x65, 0x22, 0x3A, 0x20, 0x30, 0x0D, 0x0A, 0x20, 0x20, 0x20, 0x20, 0x20, 0x20, 0x20, 0x20, 0x20,
    0x20, 0x7D, 0x2C, 0x0D, 0x0A, 0x20, 0x20, 0x20, 0x20, 0x20, 0x20, 0x20, 0x20, 0x20, 0x20, 0x22,
    0x64, 0x69, 0x73, 0x70, 0x61, 0x74, 0x63, 0x68, 0x4B, 0x69, 0x6E, 0x64, 0x43, 0x6F, 0x64, 0x65,
    0x22, 0x3A, 0x20, 0x34, 0x2C, 0x0D, 0x0A, 0x20, 0x20, 0x20, 0x20, 0x20, 0x20, 0x20, 0x20, 0x20,
    0x20, 0x22, 0x69, 0x73, 0x50, 0x72, 0x65, 0x73, 0x65, 0x72, 0x76, 0x65, 0x53, 0x69, 0x67, 0x22,
    0x3A, 0x20, 0x66, 0x61, 0x6C, 0x73, 0x65, 0x0D, 0x0A, 0x20, 0x20, 0x20, 0x20, 0x20, 0x20, 0x20,
    0x20, 0x7D, 0x2C, 0x0D, 0x0A, 0x20, 0x20, 0x20, 0x20, 0x20, 0x20, 0x20, 0x20, 0x7B, 0x0D, 0x0A,
    0x20, 0x20, 0x20, 0x20, 0x20, 0x20, 0x20, 0x20, 0x20, 0x20, 0x22, 0x6F, 0x70, 0x22, 0x3A, 0x20,
    0x22, 0x63, 0x61, 0x6C, 0x6C, 0x76, 0x69, 0x72, 0x74, 0x22, 0x2C, 0x0D, 0x0A, 0x20, 0x20, 0x20,
    0x20, 0x20, 0x20, 0x20, 0x20, 0x20, 0x20, 0x22, 0x6F, 0x70, 0x43, 0x6F, 0x64, 0x65, 0x22, 0x3A,
    0x20, 0x31, 0x35, 0x2C, 0x0D, 0x0A, 0x20, 0x20, 0x20, 0x20, 0x20, 0x20, 0x20, 0x20, 0x20, 0x20,
    0x22, 0x69, 0x6C, 0x4F, 0x66, 0x66, 0x73, 0x65, 0x74, 0x22, 0x3A, 0x20, 0x31, 0x31, 0x2C, 0x0D,
    0x0A, 0x20, 0x20, 0x20, 0x20, 0x20, 0x20, 0x20, 0x20, 0x20, 0x20, 0x22, 0x72, 0x65, 0x73, 0x75,
    0x6C, 0x74, 0x54, 0x79, 0x70, 0x65, 0x22, 0x3A, 0x20, 0x22, 0x53, 0x79, 0x73, 0x74, 0x65, 0x6D,
    0x2E, 0x52, 0x65, 0x66, 0x6C, 0x65, 0x63, 0x74, 0x69, 0x6F, 0x6E, 0x2E, 0x41, 0x73, 0x73, 0x65,
    0x6D, 0x62, 0x6C, 0x79, 0x22, 0x2C, 0x0D, 0x0A, 0x20, 0x20, 0x20, 0x20, 0x20, 0x20, 0x20, 0x20,
    0x20, 0x20, 0x22, 0x63, 0x61, 0x6C, 0x6C, 0x65, 0x65, 0x22, 0x3A, 0x20, 0x22, 0x53, 0x79, 0x73,
    0x74, 0x65, 0x6D, 0x2E, 0x50, 0x72, 0x69, 0x76, 0x61, 0x74, 0x65, 0x2E, 0x43, 0x6F, 0x72, 0x65,
    0x4C, 0x69, 0x62, 0x2F, 0x53, 0x79, 0x73, 0x74, 0x65, 0x6D, 0x2E, 0x54, 0x79, 0x70, 0x65, 0x3A,
    0x3A, 0x67, 0x65, 0x74, 0x5F, 0x41, 0x73, 0x73, 0x65, 0x6D, 0x62, 0x6C, 0x79, 0x3A, 0x53, 0x79,
    0x73, 0x74, 0x65, 0x6D, 0x2E, 0x52, 0x65, 0x66, 0x6C, 0x65, 0x63, 0x74, 0x69, 0x6F, 0x6E, 0x2E,
    0x41, 0x73, 0x73, 0x65, 0x6D, 0x62, 0x6C, 0x79, 0x28, 0x29, 0x22, 0x2C, 0x0D, 0x0A, 0x20, 0x20,
    0x20, 0x20, 0x20, 0x20, 0x20, 0x20, 0x20, 0x20, 0x22, 0x72, 0x65, 0x66, 0x65, 0x72, 0x65, 0x6E,
    0x63, 0x65, 0x22, 0x3A, 0x20, 0x7B, 0x0D, 0x0A, 0x20, 0x20, 0x20, 0x20, 0x20, 0x20, 0x20, 0x20,
    0x20, 0x20, 0x20, 0x20, 0x22, 0x61, 0x73, 0x73, 0x65, 0x6D, 0x62, 0x6C, 0x79, 0x4E, 0x61, 0x6D,
    0x65, 0x22, 0x3A, 0x20, 0x22, 0x53, 0x79, 0x73, 0x74, 0x65, 0x6D, 0x2E, 0x50, 0x72, 0x69, 0x76,
    0x61, 0x74, 0x65, 0x2E, 0x43, 0x6F, 0x72, 0x65, 0x4C, 0x69, 0x62, 0x22, 0x2C, 0x0D, 0x0A, 0x20,
    0x20, 0x20, 0x20, 0x20, 0x20, 0x20, 0x20, 0x20, 0x20, 0x20, 0x20, 0x22, 0x73, 0x75, 0x62, 0x6A,
    0x65, 0x63, 0x74, 0x4B, 0x69, 0x6E, 0x64, 0x22, 0x3A, 0x20, 0x22, 0x6D, 0x65, 0x74, 0x68, 0x6F,
    0x64, 0x22, 0x2C, 0x0D, 0x0A, 0x20, 0x20, 0x20, 0x20, 0x20, 0x20, 0x20, 0x20, 0x20, 0x20, 0x20,
    0x20, 0x22, 0x73, 0x75, 0x62, 0x6A, 0x65, 0x63, 0x74, 0x49, 0x64, 0x22, 0x3A, 0x20, 0x22, 0x53,
    0x79, 0x73, 0x74, 0x65, 0x6D, 0x2E, 0x50, 0x72, 0x69, 0x76, 0x61, 0x74, 0x65, 0x2E, 0x43, 0x6F,
    0x72, 0x65, 0x4C, 0x69, 0x62, 0x2F, 0x53, 0x79, 0x73, 0x74, 0x65, 0x6D, 0x2E, 0x54, 0x79, 0x70,
    0x65, 0x3A, 0x3A, 0x67, 0x65, 0x74, 0x5F, 0x41, 0x73, 0x73, 0x65, 0x6D, 0x62, 0x6C, 0x79, 0x3A,
    0x53, 0x79, 0x73, 0x74, 0x65, 0x6D, 0x2E, 0x52, 0x65, 0x66, 0x6C, 0x65, 0x63, 0x74, 0x69, 0x6F,
    0x6E, 0x2E, 0x41, 0x73, 0x73, 0x65, 0x6D, 0x62, 0x6C, 0x79, 0x28, 0x29, 0x22, 0x0D, 0x0A, 0x20,
    0x20, 0x20, 0x20, 0x20, 0x20, 0x20, 0x20, 0x20, 0x20, 0x7D, 0x2C, 0x0D, 0x0A, 0x20, 0x20, 0x20,
    0x20, 0x20, 0x20, 0x20, 0x20, 0x20, 0x20, 0x22, 0x74, 0x61, 0x72, 0x67, 0x65, 0x74, 0x52, 0x65,
    0x66, 0x65, 0x72, 0x65, 0x6E, 0x63, 0x65, 0x22, 0x3A, 0x20, 0x7B, 0x0D, 0x0A, 0x20, 0x20, 0x20,
    0x20, 0x20, 0x20, 0x20, 0x20, 0x20, 0x20, 0x20, 0x20, 0x22, 0x6B, 0x69, 0x6E, 0x64, 0x22, 0x3A,
    0x20, 0x33, 0x2C, 0x0D, 0x0A, 0x20, 0x20, 0x20, 0x20, 0x20, 0x20, 0x20, 0x20, 0x20, 0x20, 0x20,
    0x20, 0x22, 0x61, 0x73, 0x73, 0x65, 0x6D, 0x62, 0x6C, 0x79, 0x4E, 0x61, 0x6D, 0x65, 0x22, 0x3A,
    0x20, 0x22, 0x53, 0x79, 0x73, 0x74, 0x65, 0x6D, 0x2E, 0x50, 0x72, 0x69, 0x76, 0x61, 0x74, 0x65,
    0x2E, 0x43, 0x6F, 0x72, 0x65, 0x4C, 0x69, 0x62, 0x22, 0x2C, 0x0D, 0x0A, 0x20, 0x20, 0x20, 0x20,
    0x20, 0x20, 0x20, 0x20, 0x20, 0x20, 0x20, 0x20, 0x22, 0x73, 0x75, 0x62, 0x6A, 0x65, 0x63, 0x74,
    0x49, 0x64, 0x22, 0x3A, 0x20, 0x22, 0x53, 0x79, 0x73, 0x74, 0x65, 0x6D, 0x2E, 0x50, 0x72, 0x69,
    0x76, 0x61, 0x74, 0x65, 0x2E, 0x43, 0x6F, 0x72, 0x65, 0x4C, 0x69, 0x62, 0x2F, 0x53, 0x79, 0x73,
    0x74, 0x65, 0x6D, 0x2E, 0x54, 0x79, 0x70, 0x65, 0x3A, 0x3A, 0x67, 0x65, 0x74, 0x5F, 0x41, 0x73,
    0x73, 0x65, 0x6D, 0x62, 0x6C, 0x79, 0x3A, 0x53, 0x79, 0x73, 0x74, 0x65, 0x6D, 0x2E, 0x52, 0x65,
    0x66, 0x6C, 0x65, 0x63, 0x74, 0x69, 0x6F, 0x6E, 0x2E, 0x41, 0x73, 0x73, 0x65, 0x6D, 0x62, 0x6C,
    0x79, 0x28, 0x29, 0x22, 0x2C, 0x0D, 0x0A, 0x20, 0x20, 0x20, 0x20, 0x20, 0x20, 0x20, 0x20, 0x20,
    0x20, 0x20, 0x20, 0x22, 0x74, 0x79, 0x70, 0x65, 0x53, 0x68, 0x61, 0x70, 0x65, 0x22, 0x3A, 0x20,
    0x30, 0x2C, 0x0D, 0x0A, 0x20, 0x20, 0x20, 0x20, 0x20, 0x20, 0x20, 0x20, 0x20, 0x20, 0x20, 0x20,
    0x22, 0x61, 0x72, 0x72, 0x61, 0x79, 0x45, 0x6C, 0x65, 0x6D, 0x65, 0x6E, 0x74, 0x54, 0x79, 0x70,
    0x65, 0x53, 0x68, 0x61, 0x70, 0x65, 0x22, 0x3A, 0x20, 0x30, 0x2C, 0x0D, 0x0A, 0x20, 0x20, 0x20,
    0x20, 0x20, 0x20, 0x20, 0x20, 0x20, 0x20, 0x20, 0x20, 0x22, 0x69, 0x73, 0x53, 0x65, 0x61, 0x6C,
    0x65, 0x64, 0x22, 0x3A, 0x20, 0x66, 0x61, 0x6C, 0x73, 0x65, 0x2C, 0x0D, 0x0A, 0x20, 0x20, 0x20,
    0x20, 0x20, 0x20, 0x20, 0x20, 0x20, 0x20, 0x20, 0x20, 0x22, 0x69, 0x73, 0x43, 0x6F, 0x6D, 0x49,
    0x6D, 0x70, 0x6F, 0x72, 0x74, 0x22, 0x3A, 0x20, 0x66, 0x61, 0x6C, 0x73, 0x65, 0x2C, 0x0D, 0x0A,
    0x20, 0x20, 0x20, 0x20, 0x20, 0x20, 0x20, 0x20, 0x20, 0x20, 0x20, 0x20, 0x22, 0x63, 0x6F, 0x6D,
    0x49, 0x6E, 0x74, 0x65, 0x72, 0x66, 0x61, 0x63, 0x65, 0x54, 0x79, 0x70, 0x65, 0x4B, 0x69, 0x6E,
    0x64, 0x22, 0x3A, 0x20, 0x30, 0x2C, 0x0D, 0x0A, 0x20, 0x20, 0x20, 0x20, 0x20, 0x20, 0x20, 0x20,
    0x20, 0x20, 0x20, 0x20, 0x22, 0x64, 0x65, 0x63, 0x6C, 0x61, 0x72, 0x69, 0x6E, 0x67, 0x54, 0x79,
    0x70, 0x65, 0x53, 0x68, 0x61, 0x70, 0x65, 0x22, 0x3A, 0x20, 0x30, 0x0D, 0x0A, 0x20, 0x20, 0x20,
    0x20, 0x20, 0x20, 0x20, 0x20, 0x20, 0x20, 0x7D, 0x2C, 0x0D, 0x0A, 0x20, 0x20, 0x20, 0x20, 0x20,
    0x20, 0x20, 0x20, 0x20, 0x20, 0x22, 0x64, 0x69, 0x73, 0x70, 0x61, 0x74, 0x63, 0x68, 0x4B, 0x69,
    0x6E, 0x64, 0x43, 0x6F, 0x64, 0x65, 0x22, 0x3A, 0x20, 0x34, 0x2C, 0x0D, 0x0A, 0x20, 0x20, 0x20,
    0x20, 0x20, 0x20, 0x20, 0x20, 0x20, 0x20, 0x22, 0x69, 0x73, 0x50, 0x72, 0x65, 0x73, 0x65, 0x72,
    0x76, 0x65, 0x53, 0x69, 0x67, 0x22, 0x3A, 0x20, 0x66, 0x61, 0x6C, 0x73, 0x65, 0x0D, 0x0A, 0x20,
    0x20, 0x20, 0x20, 0x20, 0x20, 0x20, 0x20, 0x7D, 0x2C, 0x0D, 0x0A, 0x20, 0x20, 0x20, 0x20, 0x20,
    0x20, 0x20, 0x20, 0x7B, 0x0D, 0x0A, 0x20, 0x20, 0x20, 0x20, 0x20, 0x20, 0x20, 0x20, 0x20, 0x20,
    0x22, 0x6F, 0x70, 0x22, 0x3A, 0x20, 0x22, 0x6C, 0x64, 0x74, 0x6F, 0x6B, 0x65, 0x6E, 0x22, 0x2C,
    0x0D, 0x0A, 0x20, 0x20, 0x20, 0x20, 0x20, 0x20, 0x20, 0x20, 0x20, 0x20, 0x22, 0x6F, 0x70, 0x43,
    0x6F, 0x64, 0x65, 0x22, 0x3A, 0x20, 0x37, 0x30, 0x2C, 0x0D, 0x0A, 0x20, 0x20, 0x20, 0x20, 0x20,
    0x20, 0x20, 0x20, 0x20, 0x20, 0x22, 0x6F, 0x70, 0x65, 0x72, 0x61, 0x6E, 0x64, 0x22, 0x3A, 0x20,
    0x22, 0x53, 0x79, 0x73, 0x74, 0x65, 0x6D, 0x2E, 0x50, 0x72, 0x69, 0x76, 0x61, 0x74, 0x65, 0x2E,
    0x43, 0x6F, 0x72, 0x65, 0x4C, 0x69, 0x62, 0x2F, 0x53, 0x79, 0x73, 0x74, 0x65, 0x6D, 0x2E, 0x52,
    0x65, 0x66, 0x6C, 0x65, 0x63, 0x74, 0x69, 0x6F, 0x6E, 0x2E, 0x41, 0x73, 0x73, 0x65, 0x6D, 0x62,
    0x6C, 0x79, 0x44, 0x65, 0x73, 0x63, 0x72, 0x69, 0x70, 0x74, 0x69, 0x6F, 0x6E, 0x41, 0x74, 0x74,
    0x72, 0x69, 0x62, 0x75, 0x74, 0x65, 0x22, 0x2C, 0x0D, 0x0A, 0x20, 0x20, 0x20, 0x20, 0x20, 0x20,
    0x20, 0x20, 0x20, 0x20, 0x22, 0x69, 0x6C, 0x4F, 0x66, 0x66, 0x73, 0x65, 0x74, 0x22, 0x3A, 0x20,
    0x31, 0x36, 0x2C, 0x0D, 0x0A, 0x20, 0x20, 0x20, 0x20, 0x20, 0x20, 0x20, 0x20, 0x20, 0x20, 0x22,
    0x72, 0x65, 0x73, 0x75, 0x6C, 0x74, 0x54, 0x79, 0x70, 0x65, 0x22, 0x3A, 0x20, 0x22, 0x53, 0x79,
    0x73, 0x74, 0x65, 0x6D, 0x2E, 0x52, 0x75, 0x6E, 0x74, 0x69, 0x6D, 0x65, 0x54, 0x79, 0x70, 0x65,
    0x48, 0x61, 0x6E, 0x64, 0x6C, 0x65, 0x22, 0x2C, 0x0D, 0x0A, 0x20, 0x20, 0x20, 0x20, 0x20, 0x20,
    0x20, 0x20, 0x20, 0x20, 0x22, 0x72, 0x65, 0x66, 0x65, 0x72, 0x65, 0x6E, 0x63, 0x65, 0x22, 0x3A,
    0x20, 0x7B, 0x0D, 0x0A, 0x20, 0x20, 0x20, 0x20, 0x20, 0x20, 0x20, 0x20, 0x20, 0x20, 0x20, 0x20,
    0x22, 0x61, 0x73, 0x73, 0x65, 0x6D, 0x62, 0x6C, 0x79, 0x4E, 0x61, 0x6D, 0x65, 0x22, 0x3A, 0x20,
    0x22, 0x53, 0x79, 0x73, 0x74, 0x65, 0x6D, 0x2E, 0x50, 0x72, 0x69, 0x76, 0x61, 0x74, 0x65, 0x2E,
    0x43, 0x6F, 0x72, 0x65, 0x4C, 0x69, 0x62, 0x22, 0x2C, 0x0D, 0x0A, 0x20, 0x20, 0x20, 0x20, 0x20,
    0x20, 0x20, 0x20, 0x20, 0x20, 0x20, 0x20, 0x22, 0x73, 0x75, 0x62, 0x6A, 0x65, 0x63, 0x74, 0x4B,
    0x69, 0x6E, 0x64, 0x22, 0x3A, 0x20, 0x22, 0x74, 0x79, 0x70, 0x65, 0x22, 0x2C, 0x0D, 0x0A, 0x20,
    0x20, 0x20, 0x20, 0x20, 0x20, 0x20, 0x20, 0x20, 0x20, 0x20, 0x20, 0x22, 0x73, 0x75, 0x62, 0x6A,
    0x65, 0x63, 0x74, 0x49, 0x64, 0x22, 0x3A, 0x20, 0x22, 0x53, 0x79, 0x73, 0x74, 0x65, 0x6D, 0x2E,
    0x50, 0x72, 0x69, 0x76, 0x61, 0x74, 0x65, 0x2E, 0x43, 0x6F, 0x72, 0x65, 0x4C, 0x69, 0x62, 0x2F,
    0x53, 0x79, 0x73, 0x74, 0x65, 0x6D, 0x2E, 0x52, 0x65, 0x66, 0x6C, 0x65, 0x63, 0x74, 0x69, 0x6F,
    0x6E, 0x2E, 0x41, 0x73, 0x73, 0x65, 0x6D, 0x62, 0x6C, 0x79, 0x44, 0x65, 0x73, 0x63, 0x72, 0x69,
    0x70, 0x74, 0x69, 0x6F, 0x6E, 0x41, 0x74, 0x74, 0x72, 0x69, 0x62, 0x75, 0x74, 0x65, 0x22, 0x0D,
    0x0A, 0x20, 0x20, 0x20, 0x20, 0x20, 0x20, 0x20, 0x20, 0x20, 0x20, 0x7D, 0x2C, 0x0D, 0x0A, 0x20,
    0x20, 0x20, 0x20, 0x20, 0x20, 0x20, 0x20, 0x20, 0x20, 0x22, 0x74, 0x61, 0x72, 0x67, 0x65, 0x74,
    0x52, 0x65, 0x66, 0x65, 0x72, 0x65, 0x6E, 0x63, 0x65, 0x22, 0x3A, 0x20, 0x7B, 0x0D, 0x0A, 0x20,
    0x20, 0x20, 0x20, 0x20, 0x20, 0x20, 0x20, 0x20, 0x20, 0x20, 0x20, 0x22, 0x6B, 0x69, 0x6E, 0x64,
    0x22, 0x3A, 0x20, 0x31, 0x2C, 0x0D, 0x0A, 0x20, 0x20, 0x20, 0x20, 0x20, 0x20, 0x20, 0x20, 0x20,
    0x20, 0x20, 0x20, 0x22, 0x61, 0x73, 0x73, 0x65, 0x6D, 0x62, 0x6C, 0x79, 0x4E, 0x61, 0x6D, 0x65,
    0x22, 0x3A, 0x20, 0x22, 0x53, 0x79, 0x73, 0x74, 0x65, 0x6D, 0x2E, 0x50, 0x72, 0x69, 0x76, 0x61,
    0x74, 0x65, 0x2E, 0x43, 0x6F, 0x72, 0x65, 0x4C, 0x69, 0x62, 0x22, 0x2C, 0x0D, 0x0A, 0x20, 0x20,
    0x20, 0x20, 0x20, 0x20, 0x20, 0x20, 0x20, 0x20, 0x20, 0x20, 0x22, 0x73, 0x75, 0x62, 0x6A, 0x65,
    0x63, 0x74, 0x49, 0x64, 0x22, 0x3A, 0x20, 0x22, 0x53, 0x79, 0x73, 0x74, 0x65, 0x6D, 0x2E, 0x50,
    0x72, 0x69, 0x76, 0x61, 0x74, 0x65, 0x2E, 0x43, 0x6F, 0x72, 0x65, 0x4C, 0x69, 0x62, 0x2F, 0x53,
    0x79, 0x73, 0x74, 0x65, 0x6D, 0x2E, 0x52, 0x65, 0x66, 0x6C, 0x65, 0x63, 0x74, 0x69, 0x6F, 0x6E,
    0x2E, 0x41, 0x73, 0x73, 0x65, 0x6D, 0x62, 0x6C, 0x79, 0x44, 0x65, 0x73, 0x63, 0x72, 0x69, 0x70,
    0x74, 0x69, 0x6F, 0x6E, 0x41, 0x74, 0x74, 0x72, 0x69, 0x62, 0x75, 0x74, 0x65, 0x22, 0x2C, 0x0D,
    0x0A, 0x20, 0x20, 0x20, 0x20, 0x20, 0x20, 0x20, 0x20, 0x20, 0x20, 0x20, 0x20, 0x22, 0x74, 0x79,
    0x70, 0x65, 0x53, 0x68, 0x61, 0x70, 0x65, 0x22, 0x3A, 0x20, 0x31, 0x2C, 0x0D, 0x0A, 0x20, 0x20,
    0x20, 0x20, 0x20, 0x20, 0x20, 0x20, 0x20, 0x20, 0x20, 0x20, 0x22, 0x61, 0x72, 0x72, 0x61, 0x79,
    0x45, 0x6C, 0x65, 0x6D, 0x65, 0x6E, 0x74, 0x54, 0x79, 0x70, 0x65, 0x53, 0x68, 0x61, 0x70, 0x65,
    0x22, 0x3A, 0x20, 0x30, 0x2C, 0x0D, 0x0A, 0x20, 0x20, 0x20, 0x20, 0x20, 0x20, 0x20, 0x20, 0x20,
    0x20, 0x20, 0x20, 0x22, 0x69, 0x73, 0x53, 0x65, 0x61, 0x6C, 0x65, 0x64, 0x22, 0x3A, 0x20, 0x66,
    0x61, 0x6C, 0x73, 0x65, 0x2C, 0x0D, 0x0A, 0x20, 0x20, 0x20, 0x20, 0x20, 0x20, 0x20, 0x20, 0x20,
    0x20, 0x20, 0x20, 0x22, 0x69, 0x73, 0x43, 0x6F, 0x6D, 0x49, 0x6D, 0x70, 0x6F, 0x72, 0x74, 0x22,
    0x3A, 0x20, 0x66, 0x61, 0x6C, 0x73, 0x65, 0x2C, 0x0D, 0x0A, 0x20, 0x20, 0x20, 0x20, 0x20, 0x20,
    0x20, 0x20, 0x20, 0x20, 0x20, 0x20, 0x22, 0x63, 0x6F, 0x6D, 0x49, 0x6E, 0x74, 0x65, 0x72, 0x66,
    0x61, 0x63, 0x65, 0x54, 0x79, 0x70, 0x65, 0x4B, 0x69, 0x6E, 0x64, 0x22, 0x3A, 0x20, 0x30, 0x2C,
    0x0D, 0x0A, 0x20, 0x20, 0x20, 0x20, 0x20, 0x20, 0x20, 0x20, 0x20, 0x20, 0x20, 0x20, 0x22, 0x64,
    0x65, 0x63, 0x6C, 0x61, 0x72, 0x69, 0x6E, 0x67, 0x54, 0x79, 0x70, 0x65, 0x53, 0x68, 0x61, 0x70,
    0x65, 0x22, 0x3A, 0x20, 0x30, 0x0D, 0x0A, 0x20, 0x20, 0x20, 0x20, 0x20, 0x20, 0x20, 0x20, 0x20,
    0x20, 0x7D, 0x2C, 0x0D, 0x0A, 0x20, 0x20, 0x20, 0x20, 0x20, 0x20, 0x20, 0x20, 0x20, 0x20, 0x22,
    0x69, 0x73, 0x50, 0x72, 0x65, 0x73, 0x65, 0x72, 0x76, 0x65, 0x53, 0x69, 0x67, 0x22, 0x3A, 0x20,
    0x66, 0x61, 0x6C, 0x73, 0x65, 0x0D, 0x0A, 0x20, 0x20, 0x20, 0x20, 0x20, 0x20, 0x20, 0x20, 0x7D,
    0x2C, 0x0D, 0x0A, 0x20, 0x20, 0x20, 0x20, 0x20, 0x20, 0x20, 0x20, 0x7B, 0x0D, 0x0A, 0x20, 0x20,
    0x20, 0x20, 0x20, 0x20, 0x20, 0x20, 0x20, 0x20, 0x22, 0x6F, 0x70, 0x22, 0x3A, 0x20, 0x22, 0x63,
    0x61, 0x6C, 0x6C, 0x22, 0x2C, 0x0D, 0x0A, 0x20, 0x20, 0x20, 0x20, 0x20, 0x20, 0x20, 0x20, 0x20,
    0x20, 0x22, 0x6F, 0x70, 0x43, 0x6F, 0x64, 0x65, 0x22, 0x3A, 0x20, 0x31, 0x34, 0x2C, 0x0D, 0x0A,
    0x20, 0x20, 0x20, 0x20, 0x20, 0x20, 0x20, 0x20, 0x20, 0x20, 0x22, 0x69, 0x6C, 0x4F, 0x66, 0x66,
    0x73, 0x65, 0x74, 0x22, 0x3A, 0x20, 0x32, 0x31, 0x2C, 0x0D, 0x0A, 0x20, 0x20, 0x20, 0x20, 0x20,
    0x20, 0x20, 0x20, 0x20, 0x20, 0x22, 0x72, 0x65, 0x73, 0x75, 0x6C, 0x74, 0x54, 0x79, 0x70, 0x65,
    0x22, 0x3A, 0x20, 0x22, 0x53, 0x79, 0x73, 0x74, 0x65, 0x6D, 0x2E, 0x54, 0x79, 0x70, 0x65, 0x22,
    0x2C, 0x0D, 0x0A, 0x20, 0x20, 0x20, 0x20, 0x20, 0x20, 0x20, 0x20, 0x20, 0x20, 0x22, 0x63, 0x61,
    0x6C, 0x6C, 0x65, 0x65, 0x22, 0x3A, 0x20, 0x22, 0x53, 0x79, 0x73, 0x74, 0x65, 0x6D, 0x2E, 0x50,
    0x72, 0x69, 0x76, 0x61, 0x74, 0x65, 0x2E, 0x43, 0x6F, 0x72, 0x65, 0x4C, 0x69, 0x62, 0x2F, 0x53,
    0x79, 0x73, 0x74, 0x65, 0x6D, 0x2E, 0x54, 0x79, 0x70, 0x65, 0x3A, 0x3A, 0x47, 0x65, 0x74, 0x54,
    0x79, 0x70, 0x65, 0x46, 0x72, 0x6F, 0x6D, 0x48, 0x61, 0x6E, 0x64, 0x6C, 0x65, 0x3A, 0x53, 0x79,
    0x73, 0x74, 0x65, 0x6D, 0x2E, 0x54, 0x79, 0x70, 0x65, 0x28, 0x53, 0x79, 0x73, 0x74, 0x65, 0x6D,
    0x2E, 0x52, 0x75, 0x6E, 0x74, 0x69, 0x6D, 0x65, 0x54, 0x79, 0x70, 0x65, 0x48, 0x61, 0x6E, 0x64,
    0x6C, 0x65, 0x29, 0x22, 0x2C, 0x0D, 0x0A, 0x20, 0x20, 0x20, 0x20, 0x20, 0x20, 0x20, 0x20, 0x20,
    0x20, 0x22, 0x72, 0x65, 0x66, 0x65, 0x72, 0x65, 0x6E, 0x63, 0x65, 0x22, 0x3A, 0x20, 0x7B, 0x0D,
    0x0A, 0x20, 0x20, 0x20, 0x20, 0x20, 0x20, 0x20, 0x20, 0x20, 0x20, 0x20, 0x20, 0x22, 0x61, 0x73,
    0x73, 0x65, 0x6D, 0x62, 0x6C, 0x79, 0x4E, 0x61, 0x6D, 0x65, 0x22, 0x3A, 0x20, 0x22, 0x53, 0x79,
    0x73, 0x74, 0x65, 0x6D, 0x2E, 0x50, 0x72, 0x69, 0x76, 0x61, 0x74, 0x65, 0x2E, 0x43, 0x6F, 0x72,
    0x65, 0x4C, 0x69, 0x62, 0x22, 0x2C, 0x0D, 0x0A, 0x20, 0x20, 0x20, 0x20, 0x20, 0x20, 0x20, 0x20,
    0x20, 0x20, 0x20, 0x20, 0x22, 0x73, 0x75, 0x62, 0x6A, 0x65, 0x63, 0x74, 0x4B, 0x69, 0x6E, 0x64,
    0x22, 0x3A, 0x20, 0x22, 0x6D, 0x65, 0x74, 0x68, 0x6F, 0x64, 0x22, 0x2C, 0x0D, 0x0A, 0x20, 0x20,
    0x20, 0x20, 0x20, 0x20, 0x20, 0x20, 0x20, 0x20, 0x20, 0x20, 0x22, 0x73, 0x75, 0x62, 0x6A, 0x65,
    0x63, 0x74, 0x49, 0x64, 0x22, 0x3A, 0x20, 0x22, 0x53, 0x79, 0x73, 0x74, 0x65, 0x6D, 0x2E, 0x50,
    0x72, 0x69, 0x76, 0x61, 0x74, 0x65, 0x2E, 0x43, 0x6F, 0x72, 0x65, 0x4C, 0x69, 0x62, 0x2F, 0x53,
    0x79, 0x73, 0x74, 0x65, 0x6D, 0x2E, 0x54, 0x79, 0x70, 0x65, 0x3A, 0x3A, 0x47, 0x65, 0x74, 0x54,
    0x79, 0x70, 0x65, 0x46, 0x72, 0x6F, 0x6D, 0x48, 0x61, 0x6E, 0x64, 0x6C, 0x65, 0x3A, 0x53, 0x79,
    0x73, 0x74, 0x65, 0x6D, 0x2E, 0x54, 0x79, 0x70, 0x65, 0x28, 0x53, 0x79, 0x73, 0x74, 0x65, 0x6D,
    0x2E, 0x52, 0x75, 0x6E, 0x74, 0x69, 0x6D, 0x65, 0x54, 0x79, 0x70, 0x65, 0x48, 0x61, 0x6E, 0x64,
    0x6C, 0x65, 0x29, 0x22, 0x0D, 0x0A, 0x20, 0x20, 0x20, 0x20, 0x20, 0x20, 0x20, 0x20, 0x20, 0x20,
    0x7D, 0x2C, 0x0D, 0x0A, 0x20, 0x20, 0x20, 0x20, 0x20, 0x20, 0x20, 0x20, 0x20, 0x20, 0x22, 0x74,
    0x61, 0x72, 0x67, 0x65, 0x74, 0x52, 0x65, 0x66, 0x65, 0x72, 0x65, 0x6E, 0x63, 0x65, 0x22, 0x3A,
    0x20, 0x7B, 0x0D, 0x0A, 0x20, 0x20, 0x20, 0x20, 0x20, 0x20, 0x20, 0x20, 0x20, 0x20, 0x20, 0x20,
    0x22, 0x6B, 0x69, 0x6E, 0x64, 0x22, 0x3A, 0x20, 0x33, 0x2C, 0x0D, 0x0A, 0x20, 0x20, 0x20, 0x20,
    0x20, 0x20, 0x20, 0x20, 0x20, 0x20, 0x20, 0x20, 0x22, 0x61, 0x73, 0x73, 0x65, 0x6D, 0x62, 0x6C,
    0x79, 0x4E, 0x61, 0x6D, 0x65, 0x22, 0x3A, 0x20, 0x22, 0x53, 0x79, 0x73, 0x74, 0x65, 0x6D, 0x2E,
    0x50, 0x72, 0x69, 0x76, 0x61, 0x74, 0x65, 0x2E, 0x43, 0x6F, 0x72, 0x65, 0x4C, 0x69, 0x62, 0x22,
    0x2C, 0x0D, 0x0A, 0x20, 0x20, 0x20, 0x20, 0x20, 0x20, 0x20, 0x20, 0x20, 0x20, 0x20, 0x20, 0x22,
    0x73, 0x75, 0x62, 0x6A, 0x65, 0x63, 0x74, 0x49, 0x64, 0x22, 0x3A, 0x20, 0x22, 0x53, 0x79, 0x73,
    0x74, 0x65, 0x6D, 0x2E, 0x50, 0x72, 0x69, 0x76, 0x61, 0x74, 0x65, 0x2E, 0x43, 0x6F, 0x72, 0x65,
    0x4C, 0x69, 0x62, 0x2F, 0x53, 0x79, 0x73, 0x74, 0x65, 0x6D, 0x2E, 0x54, 0x79, 0x70, 0x65, 0x3A,
    0x3A, 0x47, 0x65, 0x74, 0x54, 0x79, 0x70, 0x65, 0x46, 0x72, 0x6F, 0x6D, 0x48, 0x61, 0x6E, 0x64,
    0x6C, 0x65, 0x3A, 0x53, 0x79, 0x73, 0x74, 0x65, 0x6D, 0x2E, 0x54, 0x79, 0x70, 0x65, 0x28, 0x53,
    0x79, 0x73, 0x74, 0x65, 0x6D, 0x2E, 0x52, 0x75, 0x6E, 0x74, 0x69, 0x6D, 0x65, 0x54, 0x79, 0x70,
    0x65, 0x48, 0x61, 0x6E, 0x64, 0x6C, 0x65, 0x29, 0x22, 0x2C, 0x0D, 0x0A, 0x20, 0x20, 0x20, 0x20,
    0x20, 0x20, 0x20, 0x20, 0x20, 0x20, 0x20, 0x20, 0x22, 0x74, 0x79, 0x70, 0x65, 0x53, 0x68, 0x61,
    0x70, 0x65, 0x22, 0x3A, 0x20, 0x30, 0x2C, 0x0D, 0x0A, 0x20, 0x20, 0x20, 0x20, 0x20, 0x20, 0x20,
    0x20, 0x20, 0x20, 0x20, 0x20, 0x22, 0x61, 0x72, 0x72, 0x61, 0x79, 0x45, 0x6C, 0x65, 0x6D, 0x65,
    0x6E, 0x74, 0x54, 0x79, 0x70, 0x65, 0x53, 0x68, 0x61, 0x70, 0x65, 0x22, 0x3A, 0x20, 0x30, 0x2C,
    0x0D, 0x0A, 0x20, 0x20, 0x20, 0x20, 0x20, 0x20, 0x20, 0x20, 0x20, 0x20, 0x20, 0x20, 0x22, 0x69,
    0x73, 0x53, 0x65, 0x61, 0x6C, 0x65, 0x64, 0x22, 0x3A, 0x20, 0x66, 0x61, 0x6C, 0x73, 0x65, 0x2C,
    0x0D, 0x0A, 0x20, 0x20, 0x20, 0x20, 0x20, 0x20, 0x20, 0x20, 0x20, 0x20, 0x20, 0x20, 0x22, 0x69,
    0x73, 0x43, 0x6F, 0x6D, 0x49, 0x6D, 0x70, 0x6F, 0x72, 0x74, 0x22, 0x3A, 0x20, 0x66, 0x61, 0x6C,
    0x73, 0x65, 0x2C, 0x0D, 0x0A, 0x20, 0x20, 0x20, 0x20, 0x20, 0x20, 0x20, 0x20, 0x20, 0x20, 0x20,
    0x20, 0x22, 0x63, 0x6F, 0x6D, 0x49, 0x6E, 0x74, 0x65, 0x72, 0x66, 0x61, 0x63, 0x65, 0x54, 0x79,
    0x70, 0x65, 0x4B, 0x69, 0x6E, 0x64, 0x22, 0x3A, 0x20, 0x30, 0x2C, 0x0D, 0x0A, 0x20, 0x20, 0x20,
    0x20, 0x20, 0x20, 0x20, 0x20, 0x20, 0x20, 0x20, 0x20, 0x22, 0x64, 0x65, 0x63, 0x6C, 0x61, 0x72,
    0x69, 0x6E, 0x67, 0x54, 0x79, 0x70, 0x65, 0x53, 0x68, 0x61, 0x70, 0x65, 0x22, 0x3A, 0x20, 0x30,
    0x0D, 0x0A, 0x20, 0x20, 0x20, 0x20, 0x20, 0x20, 0x20, 0x20, 0x20, 0x20, 0x7D, 0x2C, 0x0D, 0x0A,
    0x20, 0x20, 0x20, 0x20, 0x20, 0x20, 0x20, 0x20, 0x20, 0x20, 0x22, 0x64, 0x69, 0x73, 0x70, 0x61,
    0x74, 0x63, 0x68, 0x4B, 0x69, 0x6E, 0x64, 0x43, 0x6F, 0x64, 0x65, 0x22, 0x3A, 0x20, 0x34, 0x2C,
    0x0D, 0x0A, 0x20, 0x20, 0x20, 0x20, 0x20, 0x20, 0x20, 0x20, 0x20, 0x20, 0x22, 0x69, 0x73, 0x50,
    0x72, 0x65, 0x73, 0x65, 0x72, 0x76, 0x65, 0x53, 0x69, 0x67, 0x22, 0x3A, 0x20, 0x66, 0x61, 0x6C,
    0x73, 0x65, 0x0D, 0x0A, 0x20, 0x20, 0x20, 0x20, 0x20, 0x20, 0x20, 0x20, 0x7D, 0x2C, 0x0D, 0x0A,
    0x20, 0x20, 0x20, 0x20, 0x20, 0x20, 0x20, 0x20, 0x7B, 0x0D, 0x0A, 0x20, 0x20, 0x20, 0x20, 0x20,
    0x20, 0x20, 0x20, 0x20, 0x20, 0x22, 0x6F, 0x70, 0x22, 0x3A, 0x20, 0x22, 0x63, 0x61, 0x6C, 0x6C,
    0x22, 0x2C, 0x0D, 0x0A, 0x20, 0x20, 0x20, 0x20, 0x20, 0x20, 0x20, 0x20, 0x20, 0x20, 0x22, 0x6F,
    0x70, 0x43, 0x6F, 0x64, 0x65, 0x22, 0x3A, 0x20, 0x31, 0x34, 0x2C, 0x0D, 0x0A, 0x20, 0x20, 0x20,
    0x20, 0x20, 0x20, 0x20, 0x20, 0x20, 0x20, 0x22, 0x69, 0x6C, 0x4F, 0x66, 0x66, 0x73, 0x65, 0x74,
    0x22, 0x3A, 0x20, 0x32, 0x36, 0x2C, 0x0D, 0x0A, 0x20, 0x20, 0x20, 0x20, 0x20, 0x20, 0x20, 0x20,
    0x20, 0x20, 0x22, 0x72, 0x65, 0x73, 0x75, 0x6C, 0x74, 0x54, 0x79, 0x70, 0x65, 0x22, 0x3A, 0x20,
    0x22, 0x53, 0x79, 0x73, 0x74, 0x65, 0x6D, 0x2E, 0x41, 0x74, 0x74, 0x72, 0x69, 0x62, 0x75, 0x74,
    0x65, 0x22, 0x2C, 0x0D, 0x0A, 0x20, 0x20, 0x20, 0x20, 0x20, 0x20, 0x20, 0x20, 0x20, 0x20, 0x22,
    0x63, 0x61, 0x6C, 0x6C, 0x65, 0x65, 0x22, 0x3A, 0x20, 0x22, 0x53, 0x79, 0x73, 0x74, 0x65, 0x6D,
    0x2E, 0x50, 0x72, 0x69, 0x76, 0x61, 0x74, 0x65, 0x2E, 0x43, 0x6F, 0x72, 0x65, 0x4C, 0x69, 0x62,
    0x2F, 0x53, 0x79, 0x73, 0x74, 0x65, 0x6D, 0x2E, 0x52, 0x65, 0x66, 0x6C, 0x65, 0x63, 0x74, 0x69,
    0x6F, 0x6E, 0x2E, 0x43, 0x75, 0x73, 0x74, 0x6F, 0x6D, 0x41, 0x74, 0x74, 0x72, 0x69, 0x62, 0x75,
    0x74, 0x65, 0x45, 0x78, 0x74, 0x65, 0x6E, 0x73, 0x69, 0x6F, 0x6E, 0x73, 0x3A, 0x3A, 0x47, 0x65,
    0x74, 0x43, 0x75, 0x73, 0x74, 0x6F, 0x6D, 0x41, 0x74, 0x74, 0x72, 0x69, 0x62, 0x75, 0x74, 0x65,
    0x3A, 0x53, 0x79, 0x73, 0x74, 0x65, 0x6D, 0x2E, 0x41, 0x74, 0x74, 0x72, 0x69, 0x62, 0x75, 0x74,
    0x65, 0x28, 0x53, 0x79, 0x73, 0x74, 0x65, 0x6D, 0x2E, 0x52, 0x65, 0x66, 0x6C, 0x65, 0x63, 0x74,
    0x69, 0x6F, 0x6E, 0x2E, 0x41, 0x73, 0x73, 0x65, 0x6D, 0x62, 0x6C, 0x79, 0x2C, 0x53, 0x79, 0x73,
    0x74, 0x65, 0x6D, 0x2E, 0x54, 0x79, 0x70, 0x65, 0x29, 0x22, 0x2C, 0x0D, 0x0A, 0x20, 0x20, 0x20,
    0x20, 0x20, 0x20, 0x20, 0x20, 0x20, 0x20, 0x22, 0x72, 0x65, 0x66, 0x65, 0x72, 0x65, 0x6E, 0x63,
    0x65, 0x22, 0x3A, 0x20, 0x7B, 0x0D, 0x0A, 0x20, 0x20, 0x20, 0x20, 0x20, 0x20, 0x20, 0x20, 0x20,
    0x20, 0x20, 0x20, 0x22, 0x61, 0x73, 0x73, 0x65, 0x6D, 0x62, 0x6C, 0x79, 0x4E, 0x61, 0x6D, 0x65,
    0x22, 0x3A, 0x20, 0x22, 0x53, 0x79, 0x73, 0x74, 0x65, 0x6D, 0x2E, 0x50, 0x72, 0x69, 0x76, 0x61,
    0x74, 0x65, 0x2E, 0x43, 0x6F, 0x72, 0x65, 0x4C, 0x69, 0x62, 0x22, 0x2C, 0x0D, 0x0A, 0x20, 0x20,
    0x20, 0x20, 0x20, 0x20, 0x20, 0x20, 0x20, 0x20, 0x20, 0x20, 0x22, 0x73, 0x75, 0x62, 0x6A, 0x65,
    0x63, 0x74, 0x4B, 0x69, 0x6E, 0x64, 0x22, 0x3A, 0x20, 0x22, 0x6D, 0x65, 0x74, 0x68, 0x6F, 0x64,
    0x22, 0x2C, 0x0D, 0x0A, 0x20, 0x20, 0x20, 0x20, 0x20, 0x20, 0x20, 0x20, 0x20, 0x20, 0x20, 0x20,
    0x22, 0x73, 0x75, 0x62, 0x6A, 0x65, 0x63, 0x74, 0x49, 0x64, 0x22, 0x3A, 0x20, 0x22, 0x53, 0x79,
    0x73, 0x74, 0x65, 0x6D, 0x2E, 0x50, 0x72, 0x69, 0x76, 0x61, 0x74, 0x65, 0x2E, 0x43, 0x6F, 0x72,
    0x65, 0x4C, 0x69, 0x62, 0x2F, 0x53, 0x79, 0x73, 0x74, 0x65, 0x6D, 0x2E, 0x52, 0x65, 0x66, 0x6C,
    0x65, 0x63, 0x74, 0x69, 0x6F, 0x6E, 0x2E, 0x43, 0x75, 0x73, 0x74, 0x6F, 0x6D, 0x41, 0x74, 0x74,
    0x72, 0x69, 0x62, 0x75, 0x74, 0x65, 0x45, 0x78, 0x74, 0x65, 0x6E, 0x73, 0x69, 0x6F, 0x6E, 0x73,
    0x3A, 0x3A, 0x47, 0x65, 0x74, 0x43, 0x75, 0x73, 0x74, 0x6F, 0x6D, 0x41, 0x74, 0x74, 0x72, 0x69,
    0x62, 0x75, 0x74, 0x65, 0x3A, 0x53, 0x79, 0x73, 0x74, 0x65, 0x6D, 0x2E, 0x41, 0x74, 0x74, 0x72,
    0x69, 0x62, 0x75, 0x74, 0x65, 0x28, 0x53, 0x79, 0x73, 0x74, 0x65, 0x6D, 0x2E, 0x52, 0x65, 0x66,
    0x6C, 0x65, 0x63, 0x74, 0x69, 0x6F, 0x6E, 0x2E, 0x41, 0x73, 0x73, 0x65, 0x6D, 0x62, 0x6C, 0x79,
    0x2C, 0x53, 0x79, 0x73, 0x74, 0x65, 0x6D, 0x2E, 0x54, 0x79, 0x70, 0x65, 0x29, 0x22, 0x0D, 0x0A,
    0x20, 0x20, 0x20, 0x20, 0x20, 0x20, 0x20, 0x20, 0x20, 0x20, 0x7D, 0x2C, 0x0D, 0x0A, 0x20, 0x20,
    0x20, 0x20, 0x20, 0x20, 0x20, 0x20, 0x20, 0x20, 0x22, 0x74, 0x61, 0x72, 0x67, 0x65, 0x74, 0x52,
    0x65, 0x66, 0x65, 0x72, 0x65, 0x6E, 0x63, 0x65, 0x22, 0x3A, 0x20, 0x7B, 0x0D, 0x0A, 0x20, 0x20,
    0x20, 0x20, 0x20, 0x20, 0x20, 0x20, 0x20, 0x20, 0x20, 0x20, 0x22, 0x6B, 0x69, 0x6E, 0x64, 0x22,
    0x3A, 0x20, 0x33, 0x2C, 0x0D, 0x0A, 0x20, 0x20, 0x20, 0x20, 0x20, 0x20, 0x20, 0x20, 0x20, 0x20,
    0x20, 0x20, 0x22, 0x61, 0x73, 0x73, 0x65, 0x6D, 0x62, 0x6C, 0x79, 0x4E, 0x61, 0x6D, 0x65, 0x22,
    0x3A, 0x20, 0x22, 0x53, 0x79, 0x73, 0x74, 0x65, 0x6D, 0x2E, 0x50, 0x72, 0x69, 0x76, 0x61, 0x74,
    0x65, 0x2E, 0x43, 0x6F, 0x72, 0x65, 0x4C, 0x69, 0x62, 0x22, 0x2C, 0x0D, 0x0A, 0x20, 0x20, 0x20,
    0x20, 0x20, 0x20, 0x20, 0x20, 0x20, 0x20, 0x20, 0x20, 0x22, 0x73, 0x75, 0x62, 0x6A, 0x65, 0x63,
    0x74, 0x49, 0x64, 0x22, 0x3A, 0x20, 0x22, 0x53, 0x79, 0x73, 0x74, 0x65, 0x6D, 0x2E, 0x50, 0x72,
    0x69, 0x76, 0x61, 0x74, 0x65, 0x2E, 0x43, 0x6F, 0x72, 0x65, 0x4C, 0x69, 0x62, 0x2F, 0x53, 0x79,
    0x73, 0x74, 0x65, 0x6D, 0x2E, 0x52, 0x65, 0x66, 0x6C, 0x65, 0x63, 0x74, 0x69, 0x6F, 0x6E, 0x2E,
    0x43, 0x75, 0x73, 0x74, 0x6F, 0x6D, 0x41, 0x74, 0x74, 0x72, 0x69, 0x62, 0x75, 0x74, 0x65, 0x45,
    0x78, 0x74, 0x65, 0x6E, 0x73, 0x69, 0x6F, 0x6E, 0x73, 0x3A, 0x3A, 0x47, 0x65, 0x74, 0x43, 0x75,
    0x73, 0x74, 0x6F, 0x6D, 0x41, 0x74, 0x74, 0x72, 0x69, 0x62, 0x75, 0x74, 0x65, 0x3A, 0x53, 0x79,
    0x73, 0x74, 0x65, 0x6D, 0x2E, 0x41, 0x74, 0x74, 0x72, 0x69, 0x62, 0x75, 0x74, 0x65, 0x28, 0x53,
    0x79, 0x73, 0x74, 0x65, 0x6D, 0x2E, 0x52, 0x65, 0x66, 0x6C, 0x65, 0x63, 0x74, 0x69, 0x6F, 0x6E,
    0x2E, 0x41, 0x73, 0x73, 0x65, 0x6D, 0x62, 0x6C, 0x79, 0x2C, 0x53, 0x79, 0x73, 0x74, 0x65, 0x6D,
    0x2E, 0x54, 0x79, 0x70, 0x65, 0x29, 0x22, 0x2C, 0x0D, 0x0A, 0x20, 0x20, 0x20, 0x20, 0x20, 0x20,
    0x20, 0x20, 0x20, 0x20, 0x20, 0x20, 0x22, 0x74, 0x79, 0x70, 0x65, 0x53, 0x68, 0x61, 0x70, 0x65,
    0x22, 0x3A, 0x20, 0x30, 0x2C, 0x0D, 0x0A, 0x20, 0x20, 0x20, 0x20, 0x20, 0x20, 0x20, 0x20, 0x20,
    0x20, 0x20, 0x20, 0x22, 0x61, 0x72, 0x72, 0x61, 0x79, 0x45, 0x6C, 0x65, 0x6D, 0x65, 0x6E, 0x74,
    0x54, 0x79, 0x70, 0x65, 0x53, 0x68, 0x61, 0x70, 0x65, 0x22, 0x3A, 0x20, 0x30, 0x2C, 0x0D, 0x0A,
    0x20, 0x20, 0x20, 0x20, 0x20, 0x20, 0x20, 0x20, 0x20, 0x20, 0x20, 0x20, 0x22, 0x69, 0x73, 0x53,
    0x65, 0x61, 0x6C, 0x65, 0x64, 0x22, 0x3A, 0x20, 0x66, 0x61, 0x6C, 0x73, 0x65, 0x2C, 0x0D, 0x0A,
    0x20, 0x20, 0x20, 0x20, 0x20, 0x20, 0x20, 0x20, 0x20, 0x20, 0x20, 0x20, 0x22, 0x69, 0x73, 0x43,
    0x6F, 0x6D, 0x49, 0x6D, 0x70, 0x6F, 0x72, 0x74, 0x22, 0x3A, 0x20, 0x66, 0x61, 0x6C, 0x73, 0x65,
    0x2C, 0x0D, 0x0A, 0x20, 0x20, 0x20, 0x20, 0x20, 0x20, 0x20, 0x20, 0x20, 0x20, 0x20, 0x20, 0x22,
    0x63, 0x6F, 0x6D, 0x49, 0x6E, 0x74, 0x65, 0x72, 0x66, 0x61, 0x63, 0x65, 0x54, 0x79, 0x70, 0x65,
    0x4B, 0x69, 0x6E, 0x64, 0x22, 0x3A, 0x20, 0x30, 0x2C, 0x0D, 0x0A, 0x20, 0x20, 0x20, 0x20, 0x20,
    0x20, 0x20, 0x20, 0x20, 0x20, 0x20, 0x20, 0x22, 0x64, 0x65, 0x63, 0x6C, 0x61, 0x72, 0x69, 0x6E,
    0x67, 0x54, 0x79, 0x70, 0x65, 0x53, 0x68, 0x61, 0x70, 0x65, 0x22, 0x3A, 0x20, 0x30, 0x0D, 0x0A,
    0x20, 0x20, 0x20, 0x20, 0x20, 0x20, 0x20, 0x20, 0x20, 0x20, 0x7D, 0x2C, 0x0D, 0x0A, 0x20, 0x20,
    0x20, 0x20, 0x20, 0x20, 0x20, 0x20, 0x20, 0x20, 0x22, 0x64, 0x69, 0x73, 0x70, 0x61, 0x74, 0x63,
    0x68, 0x4B, 0x69, 0x6E, 0x64, 0x43, 0x6F, 0x64, 0x65, 0x22, 0x3A, 0x20, 0x34, 0x2C, 0x0D, 0x0A,
    0x20, 0x20, 0x20, 0x20, 0x20, 0x20, 0x20, 0x20, 0x20, 0x20, 0x22, 0x69, 0x73, 0x50, 0x72, 0x65,
    0x73, 0x65, 0x72, 0x76, 0x65, 0x53, 0x69, 0x67, 0x22, 0x3A, 0x20, 0x66, 0x61, 0x6C, 0x73, 0x65,
    0x0D, 0x0A, 0x20, 0x20, 0x20, 0x20, 0x20, 0x20, 0x20, 0x20, 0x7D, 0x2C, 0x0D, 0x0A, 0x20, 0x20,
    0x20, 0x20, 0x20, 0x20, 0x20, 0x20, 0x7B, 0x0D, 0x0A, 0x20, 0x20, 0x20, 0x20, 0x20, 0x20, 0x20,
    0x20, 0x20, 0x20, 0x22, 0x6F, 0x70, 0x22, 0x3A, 0x20, 0x22, 0x63, 0x61, 0x6C, 0x6C, 0x76, 0x69,
    0x72, 0x74, 0x22, 0x2C, 0x0D, 0x0A, 0x20, 0x20, 0x20, 0x20, 0x20, 0x20, 0x20, 0x20, 0x20, 0x20,
    0x22, 0x6F, 0x70, 0x43, 0x6F, 0x64, 0x65, 0x22, 0x3A, 0x20, 0x31, 0x35, 0x2C, 0x0D, 0x0A, 0x20,
    0x20, 0x20, 0x20, 0x20, 0x20, 0x20, 0x20, 0x20, 0x20, 0x22, 0x69, 0x6C, 0x4F, 0x66, 0x66, 0x73,
    0x65, 0x74, 0x22, 0x3A, 0x20, 0x33, 0x31, 0x2C, 0x0D, 0x0A, 0x20, 0x20, 0x20, 0x20, 0x20, 0x20,
    0x20, 0x20, 0x20, 0x20, 0x22, 0x72, 0x65, 0x73, 0x75, 0x6C, 0x74, 0x54, 0x79, 0x70, 0x65, 0x22,
    0x3A, 0x20, 0x22, 0x53, 0x79, 0x73, 0x74, 0x65, 0x6D, 0x2E, 0x49, 0x6E, 0x74, 0x33, 0x32, 0x22,
    0x2C, 0x0D, 0x0A, 0x20, 0x20, 0x20, 0x20, 0x20, 0x20, 0x20, 0x20, 0x20, 0x20, 0x22, 0x63, 0x61,
    0x6C, 0x6C, 0x65, 0x65, 0x22, 0x3A, 0x20, 0x22, 0x53, 0x79, 0x73, 0x74, 0x65, 0x6D, 0x2E, 0x50,
    0x72, 0x69, 0x76, 0x61, 0x74, 0x65, 0x2E, 0x43, 0x6F, 0x72, 0x65, 0x4C, 0x69, 0x62, 0x2F, 0x53,
    0x79, 0x73, 0x74, 0x65, 0x6D, 0x2E, 0x4F, 0x62, 0x6A, 0x65, 0x63, 0x74, 0x3A, 0x3A, 0x47, 0x65,
    0x74, 0x48, 0x61, 0x73, 0x68, 0x43, 0x6F, 0x64, 0x65, 0x3A, 0x53, 0x79, 0x73, 0x74, 0x65, 0x6D,
    0x2E, 0x49, 0x6E, 0x74, 0x33, 0x32, 0x28, 0x29, 0x22, 0x2C, 0x0D, 0x0A, 0x20, 0x20, 0x20, 0x20,
    0x20, 0x20, 0x20, 0x20, 0x20, 0x20, 0x22, 0x72, 0x65, 0x66, 0x65, 0x72, 0x65, 0x6E, 0x63, 0x65,
    0x22, 0x3A, 0x20, 0x7B, 0x0D, 0x0A, 0x20, 0x20, 0x20, 0x20, 0x20, 0x20, 0x20, 0x20, 0x20, 0x20,
    0x20, 0x20, 0x22, 0x61, 0x73, 0x73, 0x65, 0x6D, 0x62, 0x6C, 0x79, 0x4E, 0x61, 0x6D, 0x65, 0x22,
    0x3A, 0x20, 0x22, 0x53, 0x79, 0x73, 0x74, 0x65, 0x6D, 0x2E, 0x50, 0x72, 0x69, 0x76, 0x61, 0x74,
    0x65, 0x2E, 0x43, 0x6F, 0x72, 0x65, 0x4C, 0x69, 0x62, 0x22, 0x2C, 0x0D, 0x0A, 0x20, 0x20, 0x20,
    0x20, 0x20, 0x20, 0x20, 0x20, 0x20, 0x20, 0x20, 0x20, 0x22, 0x73, 0x75, 0x62, 0x6A, 0x65, 0x63,
    0x74, 0x4B, 0x69, 0x6E, 0x64, 0x22, 0x3A, 0x20, 0x22, 0x6D, 0x65, 0x74, 0x68, 0x6F, 0x64, 0x22,
    0x2C, 0x0D, 0x0A, 0x20, 0x20, 0x20, 0x20, 0x20, 0x20, 0x20, 0x20, 0x20, 0x20, 0x20, 0x20, 0x22,
    0x73, 0x75, 0x62, 0x6A, 0x65, 0x63, 0x74, 0x49, 0x64, 0x22, 0x3A, 0x20, 0x22, 0x53, 0x79, 0x73,
    0x74, 0x65, 0x6D, 0x2E, 0x50, 0x72, 0x69, 0x76, 0x61, 0x74, 0x65, 0x2E, 0x43, 0x6F, 0x72, 0x65,
    0x4C, 0x69, 0x62, 0x2F, 0x53, 0x79, 0x73, 0x74, 0x65, 0x6D, 0x2E, 0x4F, 0x62, 0x6A, 0x65, 0x63,
    0x74, 0x3A, 0x3A, 0x47, 0x65, 0x74, 0x48, 0x61, 0x73, 0x68, 0x43, 0x6F, 0x64, 0x65, 0x3A, 0x53,
    0x79, 0x73, 0x74, 0x65, 0x6D, 0x2E, 0x49, 0x6E, 0x74, 0x33, 0x32, 0x28, 0x29, 0x22, 0x0D, 0x0A,
    0x20, 0x20, 0x20, 0x20, 0x20, 0x20, 0x20, 0x20, 0x20, 0x20, 0x7D, 0x2C, 0x0D, 0x0A, 0x20, 0x20,
    0x20, 0x20, 0x20, 0x20, 0x20, 0x20, 0x20, 0x20, 0x22, 0x74, 0x61, 0x72, 0x67, 0x65, 0x74, 0x52,
    0x65, 0x66, 0x65, 0x72, 0x65, 0x6E, 0x63, 0x65, 0x22, 0x3A, 0x20, 0x7B, 0x0D, 0x0A, 0x20, 0x20,
    0x20, 0x20, 0x20, 0x20, 0x20, 0x20, 0x20, 0x20, 0x20, 0x20, 0x22, 0x6B, 0x69, 0x6E, 0x64, 0x22,
    0x3A, 0x20, 0x33, 0x2C, 0x0D, 0x0A, 0x20, 0x20, 0x20, 0x20, 0x20, 0x20, 0x20, 0x20, 0x20, 0x20,
    0x20, 0x20, 0x22, 0x61, 0x73, 0x73, 0x65, 0x6D, 0x62, 0x6C, 0x79, 0x4E, 0x61, 0x6D, 0x65, 0x22,
    0x3A, 0x20, 0x22, 0x53, 0x79, 0x73, 0x74, 0x65, 0x6D, 0x2E, 0x50, 0x72, 0x69, 0x76, 0x61, 0x74,
    0x65, 0x2E, 0x43, 0x6F, 0x72, 0x65, 0x4C, 0x69, 0x62, 0x22, 0x2C, 0x0D, 0x0A, 0x20, 0x20, 0x20,
    0x20, 0x20, 0x20, 0x20, 0x20, 0x20, 0x20, 0x20, 0x20, 0x22, 0x73, 0x75, 0x62, 0x6A, 0x65, 0x63,
    0x74, 0x49, 0x64, 0x22, 0x3A, 0x20, 0x22, 0x53, 0x79, 0x73, 0x74, 0x65, 0x6D, 0x2E, 0x50, 0x72,
    0x69, 0x76, 0x61, 0x74, 0x65, 0x2E, 0x43, 0x6F, 0x72, 0x65, 0x4C, 0x69, 0x62, 0x2F, 0x53, 0x79,
    0x73, 0x74, 0x65, 0x6D, 0x2E, 0x4F, 0x62, 0x6A, 0x65, 0x63, 0x74, 0x3A, 0x3A, 0x47, 0x65, 0x74,
    0x48, 0x61, 0x73, 0x68, 0x43, 0x6F, 0x64, 0x65, 0x3A, 0x53, 0x79, 0x73, 0x74, 0x65, 0x6D, 0x2E,
    0x49, 0x6E, 0x74, 0x33, 0x32, 0x28, 0x29, 0x22, 0x2C, 0x0D, 0x0A, 0x20, 0x20, 0x20, 0x20, 0x20,
    0x20, 0x20, 0x20, 0x20, 0x20, 0x20, 0x20, 0x22, 0x74, 0x79, 0x70, 0x65, 0x53, 0x68, 0x61, 0x70,
    0x65, 0x22, 0x3A, 0x20, 0x30, 0x2C, 0x0D, 0x0A, 0x20, 0x20, 0x20, 0x20, 0x20, 0x20, 0x20, 0x20,
    0x20, 0x20, 0x20, 0x20, 0x22, 0x61, 0x72, 0x72, 0x61, 0x79, 0x45, 0x6C, 0x65, 0x6D, 0x65, 0x6E,
    0x74, 0x54, 0x79, 0x70, 0x65, 0x53, 0x68, 0x61, 0x70, 0x65, 0x22, 0x3A, 0x20, 0x30, 0x2C, 0x0D,
    0x0A, 0x20, 0x20, 0x20, 0x20, 0x20, 0x20, 0x20, 0x20, 0x20, 0x20, 0x20, 0x20, 0x22, 0x69, 0x73,
    0x53, 0x65, 0x61, 0x6C, 0x65, 0x64, 0x22, 0x3A, 0x20, 0x66, 0x61, 0x6C, 0x73, 0x65, 0x2C, 0x0D,
    0x0A, 0x20, 0x20, 0x20, 0x20, 0x20, 0x20, 0x20, 0x20, 0x20, 0x20, 0x20, 0x20, 0x22, 0x69, 0x73,
    0x43, 0x6F, 0x6D, 0x49, 0x6D, 0x70, 0x6F, 0x72, 0x74, 0x22, 0x3A, 0x20, 0x66, 0x61, 0x6C, 0x73,
    0x65, 0x2C, 0x0D, 0x0A, 0x20, 0x20, 0x20, 0x20, 0x20, 0x20, 0x20, 0x20, 0x20, 0x20, 0x20, 0x20,
    0x22, 0x63, 0x6F, 0x6D, 0x49, 0x6E, 0x74, 0x65, 0x72, 0x66, 0x61, 0x63, 0x65, 0x54, 0x79, 0x70,
    0x65, 0x4B, 0x69, 0x6E, 0x64, 0x22, 0x3A, 0x20, 0x30, 0x2C, 0x0D, 0x0A, 0x20, 0x20, 0x20, 0x20,
    0x20, 0x20, 0x20, 0x20, 0x20, 0x20, 0x20, 0x20, 0x22, 0x64, 0x65, 0x63, 0x6C, 0x61, 0x72, 0x69,
    0x6E, 0x67, 0x54, 0x79, 0x70, 0x65, 0x53, 0x68, 0x61, 0x70, 0x65, 0x22, 0x3A, 0x20, 0x30, 0x0D,
    0x0A, 0x20, 0x20, 0x20, 0x20, 0x20, 0x20, 0x20, 0x20, 0x20, 0x20, 0x7D, 0x2C, 0x0D, 0x0A, 0x20,
    0x20, 0x20, 0x20, 0x20, 0x20, 0x20, 0x20, 0x20, 0x20, 0x22, 0x64, 0x69, 0x73, 0x70, 0x61, 0x74,
    0x63, 0x68, 0x4B, 0x69, 0x6E, 0x64, 0x43, 0x6F, 0x64, 0x65, 0x22, 0x3A, 0x20, 0x34, 0x2C, 0x0D,
    0x0A, 0x20, 0x20, 0x20, 0x20, 0x20, 0x20, 0x20, 0x20, 0x20, 0x20, 0x22, 0x69, 0x73, 0x50, 0x72,
    0x65, 0x73, 0x65, 0x72, 0x76, 0x65, 0x53, 0x69, 0x67, 0x22, 0x3A, 0x20, 0x66, 0x61, 0x6C, 0x73,
    0x65, 0x0D, 0x0A, 0x20, 0x20, 0x20, 0x20, 0x20, 0x20, 0x20, 0x20, 0x7D, 0x2C, 0x0D, 0x0A, 0x20,
    0x20, 0x20, 0x20, 0x20, 0x20, 0x20, 0x20, 0x7B, 0x0D, 0x0A, 0x20, 0x20, 0x20, 0x20, 0x20, 0x20,
    0x20, 0x20, 0x20, 0x20, 0x22, 0x6F, 0x70, 0x22, 0x3A, 0x20, 0x22, 0x6C, 0x64, 0x63, 0x2E, 0x69,
    0x34, 0x22, 0x2C, 0x0D, 0x0A, 0x20, 0x20, 0x20, 0x20, 0x20, 0x20, 0x20, 0x20, 0x20, 0x20, 0x22,
    0x6F, 0x70, 0x43, 0x6F, 0x64, 0x65, 0x22, 0x3A, 0x20, 0x30, 0x2C, 0x0D, 0x0A, 0x20, 0x20, 0x20,
    0x20, 0x20, 0x20, 0x20, 0x20, 0x20, 0x20, 0x22, 0x6F, 0x70, 0x65, 0x72, 0x61, 0x6E, 0x64, 0x22,
    0x3A, 0x20, 0x39, 0x30, 0x36, 0x38, 0x37, 0x30, 0x37, 0x34, 0x34, 0x2C, 0x0D, 0x0A, 0x20, 0x20,
    0x20, 0x20, 0x20, 0x20, 0x20, 0x20, 0x20, 0x20, 0x22, 0x69, 0x6C, 0x4F, 0x66, 0x66, 0x73, 0x65,
    0x74, 0x22, 0x3A, 0x20, 0x33, 0x36, 0x2C, 0x0D, 0x0A, 0x20, 0x20, 0x20, 0x20, 0x20, 0x20, 0x20,
    0x20, 0x20, 0x20, 0x22, 0x72, 0x65, 0x73, 0x75, 0x6C, 0x74, 0x54, 0x79, 0x70, 0x65, 0x22, 0x3A,
    0x20, 0x22, 0x53, 0x79, 0x73, 0x74, 0x65, 0x6D, 0x2E, 0x49, 0x6E, 0x74, 0x33, 0x32, 0x22, 0x2C,
    0x0D, 0x0A, 0x20, 0x20, 0x20, 0x20, 0x20, 0x20, 0x20, 0x20, 0x20, 0x20, 0x22, 0x69, 0x73, 0x50,
    0x72, 0x65, 0x73, 0x65, 0x72, 0x76, 0x65, 0x53, 0x69, 0x67, 0x22, 0x3A, 0x20, 0x66, 0x61, 0x6C,
    0x73, 0x65, 0x0D, 0x0A, 0x20, 0x20, 0x20, 0x20, 0x20, 0x20, 0x20, 0x20, 0x7D, 0x2C, 0x0D, 0x0A,
    0x20, 0x20, 0x20, 0x20, 0x20, 0x20, 0x20, 0x20, 0x7B, 0x0D, 0x0A, 0x20, 0x20, 0x20, 0x20, 0x20,
    0x20, 0x20, 0x20, 0x20, 0x20, 0x22, 0x6F, 0x70, 0x22, 0x3A, 0x20, 0x22, 0x63, 0x65, 0x71, 0x22,
    0x2C, 0x0D, 0x0A, 0x20, 0x20, 0x20, 0x20, 0x20, 0x20, 0x20, 0x20, 0x20, 0x20, 0x22, 0x6F, 0x70,
    0x43, 0x6F, 0x64, 0x65, 0x22, 0x3A, 0x20, 0x33, 0x31, 0x2C, 0x0D, 0x0A, 0x20, 0x20, 0x20, 0x20,
    0x20, 0x20, 0x20, 0x20, 0x20, 0x20, 0x22, 0x69, 0x6C, 0x4F, 0x66, 0x66, 0x73, 0x65, 0x74, 0x22,
    0x3A, 0x20, 0x34, 0x31, 0x2C, 0x0D, 0x0A, 0x20, 0x20, 0x20, 0x20, 0x20, 0x20, 0x20, 0x20, 0x20,
    0x20, 0x22, 0x72, 0x65, 0x73, 0x75, 0x6C, 0x74, 0x54, 0x79, 0x70, 0x65, 0x22, 0x3A, 0x20, 0x22,
    0x53, 0x79, 0x73, 0x74, 0x65, 0x6D, 0x2E, 0x49, 0x6E, 0x74, 0x33, 0x32, 0x22, 0x2C, 0x0D, 0x0A,
    0x20, 0x20, 0x20, 0x20, 0x20, 0x20, 0x20, 0x20, 0x20, 0x20, 0x22, 0x69, 0x73, 0x50, 0x72, 0x65,
    0x73, 0x65, 0x72, 0x76, 0x65, 0x53, 0x69, 0x67, 0x22, 0x3A, 0x20, 0x66, 0x61, 0x6C, 0x73, 0x65,
    0x0D, 0x0A, 0x20, 0x20, 0x20, 0x20, 0x20, 0x20, 0x20, 0x20, 0x7D, 0x2C, 0x0D, 0x0A, 0x20, 0x20,
    0x20, 0x20, 0x20, 0x20, 0x20, 0x20, 0x7B, 0x0D, 0x0A, 0x20, 0x20, 0x20, 0x20, 0x20, 0x20, 0x20,
    0x20, 0x20, 0x20, 0x22, 0x6F, 0x70, 0x22, 0x3A, 0x20, 0x22, 0x6C, 0x64, 0x63, 0x2E, 0x69, 0x34,
    0x22, 0x2C, 0x0D, 0x0A, 0x20, 0x20, 0x20, 0x20, 0x20, 0x20, 0x20, 0x20, 0x20, 0x20, 0x22, 0x6F,
    0x70, 0x43, 0x6F, 0x64, 0x65, 0x22, 0x3A, 0x20, 0x30, 0x2C, 0x0D, 0x0A, 0x20, 0x20, 0x20, 0x20,
    0x20, 0x20, 0x20, 0x20, 0x20, 0x20, 0x22, 0x6F, 0x70, 0x65, 0x72, 0x61, 0x6E, 0x64, 0x22, 0x3A,
    0x20, 0x30, 0x2C, 0x0D, 0x0A, 0x20, 0x20, 0x20, 0x20, 0x20, 0x20, 0x20, 0x20, 0x20, 0x20, 0x22,
    0x69, 0x6C, 0x4F, 0x66, 0x66, 0x73, 0x65, 0x74, 0x22, 0x3A, 0x20, 0x34, 0x33, 0x2C, 0x0D, 0x0A,
    0x20, 0x20, 0x20, 0x20, 0x20, 0x20, 0x20, 0x20, 0x20, 0x20, 0x22, 0x72, 0x65, 0x73, 0x75, 0x6C,
    0x74, 0x54, 0x79, 0x70, 0x65, 0x22, 0x3A, 0x20, 0x22, 0x53, 0x79, 0x73, 0x74, 0x65, 0x6D, 0x2E,
    0x49, 0x6E, 0x74, 0x33, 0x32, 0x22, 0x2C, 0x0D, 0x0A, 0x20, 0x20, 0x20, 0x20, 0x20, 0x20, 0x20,
    0x20, 0x20, 0x20, 0x22, 0x69, 0x73, 0x50, 0x72, 0x65, 0x73, 0x65, 0x72, 0x76, 0x65, 0x53, 0x69,
    0x67, 0x22, 0x3A, 0x20, 0x66, 0x61, 0x6C, 0x73, 0x65, 0x0D, 0x0A, 0x20, 0x20, 0x20, 0x20, 0x20,
    0x20, 0x20, 0x20, 0x7D, 0x2C, 0x0D, 0x0A, 0x20, 0x20, 0x20, 0x20, 0x20, 0x20, 0x20, 0x20, 0x7B,
    0x0D, 0x0A, 0x20, 0x20, 0x20, 0x20, 0x20, 0x20, 0x20, 0x20, 0x20, 0x20, 0x22, 0x6F, 0x70, 0x22,
    0x3A, 0x20, 0x22, 0x63, 0x65, 0x71, 0x22, 0x2C, 0x0D, 0x0A, 0x20, 0x20, 0x20, 0x20, 0x20, 0x20,
    0x20, 0x20, 0x20, 0x20, 0x22, 0x6F, 0x70, 0x43, 0x6F, 0x64, 0x65, 0x22, 0x3A, 0x20, 0x33, 0x31,
    0x2C, 0x0D, 0x0A, 0x20, 0x20, 0x20, 0x20, 0x20, 0x20, 0x20, 0x20, 0x20, 0x20, 0x22, 0x69, 0x6C,
    0x4F, 0x66, 0x66, 0x73, 0x65, 0x74, 0x22, 0x3A, 0x20, 0x34, 0x34, 0x2C, 0x0D, 0x0A, 0x20, 0x20,
    0x20, 0x20, 0x20, 0x20, 0x20, 0x20, 0x20, 0x20, 0x22, 0x72, 0x65, 0x73, 0x75, 0x6C, 0x74, 0x54,
    0x79, 0x70, 0x65, 0x22, 0x3A, 0x20, 0x22, 0x53, 0x79, 0x73, 0x74, 0x65, 0x6D, 0x2E, 0x49, 0x6E,
    0x74, 0x33, 0x32, 0x22, 0x2C, 0x0D, 0x0A, 0x20, 0x20, 0x20, 0x20, 0x20, 0x20, 0x20, 0x20, 0x20,
    0x20, 0x22, 0x69, 0x73, 0x50, 0x72, 0x65, 0x73, 0x65, 0x72, 0x76, 0x65, 0x53, 0x69, 0x67, 0x22,
    0x3A, 0x20, 0x66, 0x61, 0x6C, 0x73, 0x65, 0x0D, 0x0A, 0x20, 0x20, 0x20, 0x20, 0x20, 0x20, 0x20,
    0x20, 0x7D, 0x2C, 0x0D, 0x0A, 0x20, 0x20, 0x20, 0x20, 0x20, 0x20, 0x20, 0x20, 0x7B, 0x0D, 0x0A,
    0x20, 0x20, 0x20, 0x20, 0x20, 0x20, 0x20, 0x20, 0x20, 0x20, 0x22, 0x6F, 0x70, 0x22, 0x3A, 0x20,
    0x22, 0x73, 0x74, 0x6C, 0x6F, 0x63, 0x22, 0x2C, 0x0D, 0x0A, 0x20, 0x20, 0x20, 0x20, 0x20, 0x20,
    0x20, 0x20, 0x20, 0x20, 0x22, 0x6F, 0x70, 0x43, 0x6F, 0x64, 0x65, 0x22, 0x3A, 0x20, 0x38, 0x2C,
    0x0D, 0x0A, 0x20, 0x20, 0x20, 0x20, 0x20, 0x20, 0x20, 0x20, 0x20, 0x20, 0x22, 0x6F, 0x70, 0x65,
    0x72, 0x61, 0x6E, 0x64, 0x22, 0x3A, 0x20, 0x30, 0x2C, 0x0D, 0x0A, 0x20, 0x20, 0x20, 0x20, 0x20,
    0x20, 0x20, 0x20, 0x20, 0x20, 0x22, 0x69, 0x6C, 0x4F, 0x66, 0x66, 0x73, 0x65, 0x74, 0x22, 0x3A,
    0x20, 0x34, 0x36, 0x2C, 0x0D, 0x0A, 0x20, 0x20, 0x20, 0x20, 0x20, 0x20, 0x20, 0x20, 0x20, 0x20,
    0x22, 0x72, 0x65, 0x73, 0x75, 0x6C, 0x74, 0x54, 0x79, 0x70, 0x65, 0x22, 0x3A, 0x20, 0x22, 0x53,
    0x79, 0x73, 0x74, 0x65, 0x6D, 0x2E, 0x56, 0x6F, 0x69, 0x64, 0x22, 0x2C, 0x0D, 0x0A, 0x20, 0x20,
    0x20, 0x20, 0x20, 0x20, 0x20, 0x20, 0x20, 0x20, 0x22, 0x69, 0x73, 0x50, 0x72, 0x65, 0x73, 0x65,
    0x72, 0x76, 0x65, 0x53, 0x69, 0x67, 0x22, 0x3A, 0x20, 0x66, 0x61, 0x6C, 0x73, 0x65, 0x0D, 0x0A,
    0x20, 0x20, 0x20, 0x20, 0x20, 0x20, 0x20, 0x20, 0x7D, 0x2C, 0x0D, 0x0A, 0x20, 0x20, 0x20, 0x20,
    0x20, 0x20, 0x20, 0x20, 0x7B, 0x0D, 0x0A, 0x20, 0x20, 0x20, 0x20, 0x20, 0x20, 0x20, 0x20, 0x20,
    0x20, 0x22, 0x6F, 0x70, 0x22, 0x3A, 0x20, 0x22, 0x6C, 0x64, 0x6C, 0x6F, 0x63, 0x22, 0x2C, 0x0D,
    0x0A, 0x20, 0x20, 0x20, 0x20, 0x20, 0x20, 0x20, 0x20, 0x20, 0x20, 0x22, 0x6F, 0x70, 0x43, 0x6F,
    0x64, 0x65, 0x22, 0x3A, 0x20, 0x37, 0x2C, 0x0D, 0x0A, 0x20, 0x20, 0x20, 0x20, 0x20, 0x20, 0x20,
    0x20, 0x20, 0x20, 0x22, 0x6F, 0x70, 0x65, 0x72, 0x61, 0x6E, 0x64, 0x22, 0x3A, 0x20, 0x30, 0x2C,
    0x0D, 0x0A, 0x20, 0x20, 0x20, 0x20, 0x20, 0x20, 0x20, 0x20, 0x20, 0x20, 0x22, 0x69, 0x6C, 0x4F,
    0x66, 0x66, 0x73, 0x65, 0x74, 0x22, 0x3A, 0x20, 0x34, 0x37, 0x2C, 0x0D, 0x0A, 0x20, 0x20, 0x20,
    0x20, 0x20, 0x20, 0x20, 0x20, 0x20, 0x20, 0x22, 0x69, 0x73, 0x50, 0x72, 0x65, 0x73, 0x65, 0x72,
    0x76, 0x65, 0x53, 0x69, 0x67, 0x22, 0x3A, 0x20, 0x66, 0x61, 0x6C, 0x73, 0x65, 0x0D, 0x0A, 0x20,
    0x20, 0x20, 0x20, 0x20, 0x20, 0x20, 0x20, 0x7D, 0x2C, 0x0D, 0x0A, 0x20, 0x20, 0x20, 0x20, 0x20,
    0x20, 0x20, 0x20, 0x7B, 0x0D, 0x0A, 0x20, 0x20, 0x20, 0x20, 0x20, 0x20, 0x20, 0x20, 0x20, 0x20,
    0x22, 0x6F, 0x70, 0x22, 0x3A, 0x20, 0x22, 0x62, 0x72, 0x66, 0x61, 0x6C, 0x73, 0x65, 0x22, 0x2C,
    0x0D, 0x0A, 0x20, 0x20, 0x20, 0x20, 0x20, 0x20, 0x20, 0x20, 0x20, 0x20, 0x22, 0x6F, 0x70, 0x43,
    0x6F, 0x64, 0x65, 0x22, 0x3A, 0x20, 0x31, 0x39, 0x2C, 0x0D, 0x0A, 0x20, 0x20, 0x20, 0x20, 0x20,
    0x20, 0x20, 0x20, 0x20, 0x20, 0x22, 0x6F, 0x70, 0x65, 0x72, 0x61, 0x6E, 0x64, 0x22, 0x3A, 0x20,
    0x35, 0x36, 0x2C, 0x0D, 0x0A, 0x20, 0x20, 0x20, 0x20, 0x20, 0x20, 0x20, 0x20, 0x20, 0x20, 0x22,
    0x69, 0x6C, 0x4F, 0x66, 0x66, 0x73, 0x65, 0x74, 0x22, 0x3A, 0x20, 0x34, 0x38, 0x2C, 0x0D, 0x0A,
    0x20, 0x20, 0x20, 0x20, 0x20, 0x20, 0x20, 0x20, 0x20, 0x20, 0x22, 0x72, 0x65, 0x73, 0x75, 0x6C,
    0x74, 0x54, 0x79, 0x70, 0x65, 0x22, 0x3A, 0x20, 0x22, 0x53, 0x79, 0x73, 0x74, 0x65, 0x6D, 0x2E,
    0x56, 0x6F, 0x69, 0x64, 0x22, 0x2C, 0x0D, 0x0A, 0x20, 0x20, 0x20, 0x20, 0x20, 0x20, 0x20, 0x20,
    0x20, 0x20, 0x22, 0x69, 0x73, 0x50, 0x72, 0x65, 0x73, 0x65, 0x72, 0x76, 0x65, 0x53, 0x69, 0x67,
    0x22, 0x3A, 0x20, 0x66, 0x61, 0x6C, 0x73, 0x65, 0x0D, 0x0A, 0x20, 0x20, 0x20, 0x20, 0x20, 0x20,
    0x20, 0x20, 0x7D, 0x2C, 0x0D, 0x0A, 0x20, 0x20, 0x20, 0x20, 0x20, 0x20, 0x20, 0x20, 0x7B, 0x0D,
    0x0A, 0x20, 0x20, 0x20, 0x20, 0x20, 0x20, 0x20, 0x20, 0x20, 0x20, 0x22, 0x6F, 0x70, 0x22, 0x3A,
    0x20, 0x22, 0x6C, 0x64, 0x63, 0x2E, 0x69, 0x34, 0x22, 0x2C, 0x0D, 0x0A, 0x20, 0x20, 0x20, 0x20,
    0x20, 0x20, 0x20, 0x20, 0x20, 0x20, 0x22, 0x6F, 0x70, 0x43, 0x6F, 0x64, 0x65, 0x22, 0x3A, 0x20,
    0x30, 0x2C, 0x0D, 0x0A, 0x20, 0x20, 0x20, 0x20, 0x20, 0x20, 0x20, 0x20, 0x20, 0x20, 0x22, 0x6F,
    0x70, 0x65, 0x72, 0x61, 0x6E, 0x64, 0x22, 0x3A, 0x20, 0x31, 0x2C, 0x0D, 0x0A, 0x20, 0x20, 0x20,
    0x20, 0x20, 0x20, 0x20, 0x20, 0x20, 0x20, 0x22, 0x69, 0x6C, 0x4F, 0x66, 0x66, 0x73, 0x65, 0x74,
    0x22, 0x3A, 0x20, 0x35, 0x30, 0x2C, 0x0D, 0x0A, 0x20, 0x20, 0x20, 0x20, 0x20, 0x20, 0x20, 0x20,
    0x20, 0x20, 0x22, 0x72, 0x65, 0x73, 0x75, 0x6C, 0x74, 0x54, 0x79, 0x70, 0x65, 0x22, 0x3A, 0x20,
    0x22, 0x53, 0x79, 0x73, 0x74, 0x65, 0x6D, 0x2E, 0x49, 0x6E, 0x74, 0x33, 0x32, 0x22, 0x2C, 0x0D,
    0x0A, 0x20, 0x20, 0x20, 0x20, 0x20, 0x20, 0x20, 0x20, 0x20, 0x20, 0x22, 0x69, 0x73, 0x50, 0x72,
    0x65, 0x73, 0x65, 0x72, 0x76, 0x65, 0x53, 0x69, 0x67, 0x22, 0x3A, 0x20, 0x66, 0x61, 0x6C, 0x73,
    0x65, 0x0D, 0x0A, 0x20, 0x20, 0x20, 0x20, 0x20, 0x20, 0x20, 0x20, 0x7D, 0x2C, 0x0D, 0x0A, 0x20,
    0x20, 0x20, 0x20, 0x20, 0x20, 0x20, 0x20, 0x7B, 0x0D, 0x0A, 0x20, 0x20, 0x20, 0x20, 0x20, 0x20,
    0x20, 0x20, 0x20, 0x20, 0x22, 0x6F, 0x70, 0x22, 0x3A, 0x20, 0x22, 0x73, 0x74, 0x73, 0x66, 0x6C,
    0x64, 0x22, 0x2C, 0x0D, 0x0A, 0x20, 0x20, 0x20, 0x20, 0x20, 0x20, 0x20, 0x20, 0x20, 0x20, 0x22,
    0x6F, 0x70, 0x43, 0x6F, 0x64, 0x65, 0x22, 0x3A, 0x20, 0x31, 0x33, 0x2C, 0x0D, 0x0A, 0x20, 0x20,
    0x20, 0x20, 0x20, 0x20, 0x20, 0x20, 0x20, 0x20, 0x22, 0x6F, 0x70, 0x65, 0x72, 0x61, 0x6E, 0x64,
    0x22, 0x3A, 0x20, 0x22, 0x41, 0x74, 0x74, 0x72, 0x69, 0x62, 0x75, 0x74, 0x65, 0x73, 0x43, 0x75,
    0x73, 0x74, 0x6F, 0x6D, 0x4D, 0x65, 0x74, 0x61, 0x64, 0x61, 0x74, 0x61, 0x53, 0x75, 0x62, 0x6A,
    0x65, 0x63, 0x74, 0x73, 0x2F, 0x41, 0x74, 0x74, 0x72, 0x69, 0x62, 0x75, 0x74, 0x65, 0x73, 0x43,
    0x75, 0x73, 0x74, 0x6F, 0x6D, 0x4D, 0x65, 0x74, 0x61, 0x64, 0x61, 0x74, 0x61, 0x53, 0x75, 0x62,
    0x6A, 0x65, 0x63, 0x74, 0x73, 0x3A, 0x3A, 0x5F, 0x65, 0x78, 0x69, 0x74, 0x43, 0x6F, 0x64, 0x65,
    0x22, 0x2C, 0x0D, 0x0A, 0x20, 0x20, 0x20, 0x20, 0x20, 0x20, 0x20, 0x20, 0x20, 0x20, 0x22, 0x69,
    0x6C, 0x4F, 0x66, 0x66, 0x73, 0x65, 0x74, 0x22, 0x3A, 0x20, 0x35, 0x31, 0x2C, 0x0D, 0x0A, 0x20,
    0x20, 0x20, 0x20, 0x20, 0x20, 0x20, 0x20, 0x20, 0x20, 0x22, 0x72, 0x65, 0x73, 0x75, 0x6C, 0x74,
    0x54, 0x79, 0x70, 0x65, 0x22, 0x3A, 0x20, 0x22, 0x53, 0x79, 0x73, 0x74, 0x65, 0x6D, 0x2E, 0x56,
    0x6F, 0x69, 0x64, 0x22, 0x2C, 0x0D, 0x0A, 0x20, 0x20, 0x20, 0x20, 0x20, 0x20, 0x20, 0x20, 0x20,
    0x20, 0x22, 0x72, 0x65, 0x66, 0x65, 0x72, 0x65, 0x6E, 0x63, 0x65, 0x22, 0x3A, 0x20, 0x7B, 0x0D,
    0x0A, 0x20, 0x20, 0x20, 0x20, 0x20, 0x20, 0x20, 0x20, 0x20, 0x20, 0x20, 0x20, 0x22, 0x61, 0x73,
    0x73, 0x65, 0x6D, 0x62, 0x6C, 0x79, 0x4E, 0x61, 0x6D, 0x65, 0x22, 0x3A, 0x20, 0x22, 0x41, 0x74,
    0x74, 0x72, 0x69, 0x62, 0x75, 0x74, 0x65, 0x73, 0x43, 0x75, 0x73, 0x74, 0x6F, 0x6D, 0x4D, 0x65,
    0x74, 0x61, 0x64, 0x61, 0x74, 0x61, 0x53, 0x75, 0x62, 0x6A, 0x65, 0x63, 0x74, 0x73, 0x22, 0x2C,
    0x0D, 0x0A, 0x20, 0x20, 0x20, 0x20, 0x20, 0x20, 0x20, 0x20, 0x20, 0x20, 0x20, 0x20, 0x22, 0x73,
    0x75, 0x62, 0x6A, 0x65, 0x63, 0x74, 0x4B, 0x69, 0x6E, 0x64, 0x22, 0x3A, 0x20, 0x22, 0x66, 0x69,
    0x65, 0x6C, 0x64, 0x22, 0x2C, 0x0D, 0x0A, 0x20, 0x20, 0x20, 0x20, 0x20, 0x20, 0x20, 0x20, 0x20,
    0x20, 0x20, 0x20, 0x22, 0x73, 0x75, 0x62, 0x6A, 0x65, 0x63, 0x74, 0x49, 0x64, 0x22, 0x3A, 0x20,
    0x22, 0x41, 0x74, 0x74, 0x72, 0x69, 0x62, 0x75, 0x74, 0x65, 0x73, 0x43, 0x75, 0x73, 0x74, 0x6F,
    0x6D, 0x4D, 0x65, 0x74, 0x61, 0x64, 0x61, 0x74, 0x61, 0x53, 0x75, 0x62, 0x6A, 0x65, 0x63, 0x74,
    0x73, 0x2F, 0x41, 0x74, 0x74, 0x72, 0x69, 0x62, 0x75, 0x74, 0x65, 0x73, 0x43, 0x75, 0x73, 0x74,
    0x6F, 0x6D, 0x4D, 0x65, 0x74, 0x61, 0x64, 0x61, 0x74, 0x61, 0x53, 0x75, 0x62, 0x6A, 0x65, 0x63,
    0x74, 0x73, 0x3A, 0x3A, 0x5F, 0x65, 0x78, 0x69, 0x74, 0x43, 0x6F, 0x64, 0x65, 0x22, 0x0D, 0x0A,
    0x20, 0x20, 0x20, 0x20, 0x20, 0x20, 0x20, 0x20, 0x20, 0x20, 0x7D, 0x2C, 0x0D, 0x0A, 0x20, 0x20,
    0x20, 0x20, 0x20, 0x20, 0x20, 0x20, 0x20, 0x20, 0x22, 0x74, 0x61, 0x72, 0x67, 0x65, 0x74, 0x52,
    0x65, 0x66, 0x65, 0x72, 0x65, 0x6E, 0x63, 0x65, 0x22, 0x3A, 0x20, 0x7B, 0x0D, 0x0A, 0x20, 0x20,
    0x20, 0x20, 0x20, 0x20, 0x20, 0x20, 0x20, 0x20, 0x20, 0x20, 0x22, 0x6B, 0x69, 0x6E, 0x64, 0x22,
    0x3A, 0x20, 0x32, 0x2C, 0x0D, 0x0A, 0x20, 0x20, 0x20, 0x20, 0x20, 0x20, 0x20, 0x20, 0x20, 0x20,
    0x20, 0x20, 0x22, 0x61, 0x73, 0x73, 0x65, 0x6D, 0x62, 0x6C, 0x79, 0x4E, 0x61, 0x6D, 0x65, 0x22,
    0x3A, 0x20, 0x22, 0x41, 0x74, 0x74, 0x72, 0x69, 0x62, 0x75, 0x74, 0x65, 0x73, 0x43, 0x75, 0x73,
    0x74, 0x6F, 0x6D, 0x4D, 0x65, 0x74, 0x61, 0x64, 0x61, 0x74, 0x61, 0x53, 0x75, 0x62, 0x6A, 0x65,
    0x63, 0x74, 0x73, 0x22, 0x2C, 0x0D, 0x0A, 0x20, 0x20, 0x20, 0x20, 0x20, 0x20, 0x20, 0x20, 0x20,
    0x20, 0x20, 0x20, 0x22, 0x73, 0x75, 0x62, 0x6A, 0x65, 0x63, 0x74, 0x49, 0x64, 0x22, 0x3A, 0x20,
    0x22, 0x41, 0x74, 0x74, 0x72, 0x69, 0x62, 0x75, 0x74, 0x65, 0x73, 0x43, 0x75, 0x73, 0x74, 0x6F,
    0x6D, 0x4D, 0x65, 0x74, 0x61, 0x64, 0x61, 0x74, 0x61, 0x53, 0x75, 0x62, 0x6A, 0x65, 0x63, 0x74,
    0x73, 0x2F, 0x41, 0x74, 0x74, 0x72, 0x69, 0x62, 0x75, 0x74, 0x65, 0x73, 0x43, 0x75, 0x73, 0x74,
    0x6F, 0x6D, 0x4D, 0x65, 0x74, 0x61, 0x64, 0x61, 0x74, 0x61, 0x53, 0x75, 0x62, 0x6A, 0x65, 0x63,
    0x74, 0x73, 0x3A, 0x3A, 0x5F, 0x65, 0x78, 0x69, 0x74, 0x43, 0x6F, 0x64, 0x65, 0x22, 0x2C, 0x0D,
    0x0A, 0x20, 0x20, 0x20, 0x20, 0x20, 0x20, 0x20, 0x20, 0x20, 0x20, 0x20, 0x20, 0x22, 0x74, 0x79,
    0x70, 0x65, 0x53, 0x68, 0x61, 0x70, 0x65, 0x22, 0x3A, 0x20, 0x30, 0x2C, 0x0D, 0x0A, 0x20, 0x20,
    0x20, 0x20, 0x20, 0x20, 0x20, 0x20, 0x20, 0x20, 0x20, 0x20, 0x22, 0x61, 0x72, 0x72, 0x61, 0x79,
    0x45, 0x6C, 0x65, 0x6D, 0x65, 0x6E, 0x74, 0x54, 0x79, 0x70, 0x65, 0x53, 0x68, 0x61, 0x70, 0x65,
    0x22, 0x3A, 0x20, 0x30, 0x2C, 0x0D, 0x0A, 0x20, 0x20, 0x20, 0x20, 0x20, 0x20, 0x20, 0x20, 0x20,
    0x20, 0x20, 0x20, 0x22, 0x69, 0x73, 0x53, 0x65, 0x61, 0x6C, 0x65, 0x64, 0x22, 0x3A, 0x20, 0x66,
    0x61, 0x6C, 0x73, 0x65, 0x2C, 0x0D, 0x0A, 0x20, 0x20, 0x20, 0x20, 0x20, 0x20, 0x20, 0x20, 0x20,
    0x20, 0x20, 0x20, 0x22, 0x69, 0x73, 0x43, 0x6F, 0x6D, 0x49, 0x6D, 0x70, 0x6F, 0x72, 0x74, 0x22,
    0x3A, 0x20, 0x66, 0x61, 0x6C, 0x73, 0x65, 0x2C, 0x0D, 0x0A, 0x20, 0x20, 0x20, 0x20, 0x20, 0x20,
    0x20, 0x20, 0x20, 0x20, 0x20, 0x20, 0x22, 0x63, 0x6F, 0x6D, 0x49, 0x6E, 0x74, 0x65, 0x72, 0x66,
    0x61, 0x63, 0x65, 0x54, 0x79, 0x70, 0x65, 0x4B, 0x69, 0x6E, 0x64, 0x22, 0x3A, 0x20, 0x30, 0x2C,
    0x0D, 0x0A, 0x20, 0x20, 0x20, 0x20, 0x20, 0x20, 0x20, 0x20, 0x20, 0x20, 0x20, 0x20, 0x22, 0x64,
    0x65, 0x63, 0x6C, 0x61, 0x72, 0x69, 0x6E, 0x67, 0x54, 0x79, 0x70, 0x65, 0x53, 0x75, 0x62, 0x6A,
    0x65, 0x63, 0x74, 0x49, 0x64, 0x22, 0x3A, 0x20, 0x22, 0x41, 0x74, 0x74, 0x72, 0x69, 0x62, 0x75,
    0x74, 0x65, 0x73, 0x43, 0x75, 0x73, 0x74, 0x6F, 0x6D, 0x4D, 0x65, 0x74, 0x61, 0x64, 0x61, 0x74,
    0x61, 0x53, 0x75, 0x62, 0x6A, 0x65, 0x63, 0x74, 0x73, 0x2F, 0x41, 0x74, 0x74, 0x72, 0x69, 0x62,
    0x75, 0x74, 0x65, 0x73, 0x43, 0x75, 0x73, 0x74, 0x6F, 0x6D, 0x4D, 0x65, 0x74, 0x61, 0x64, 0x61,
    0x74, 0x61, 0x53, 0x75, 0x62, 0x6A, 0x65, 0x63, 0x74, 0x73, 0x22, 0x2C, 0x0D, 0x0A, 0x20, 0x20,
    0x20, 0x20, 0x20, 0x20, 0x20, 0x20, 0x20, 0x20, 0x20, 0x20, 0x22, 0x64, 0x65, 0x63, 0x6C, 0x61,
    0x72, 0x69, 0x6E, 0x67, 0x54, 0x79, 0x70, 0x65, 0x53, 0x68, 0x61, 0x70, 0x65, 0x22, 0x3A, 0x20,
    0x31, 0x2C, 0x0D, 0x0A, 0x20, 0x20, 0x20, 0x20, 0x20, 0x20, 0x20, 0x20, 0x20, 0x20, 0x20, 0x20,
    0x22, 0x66, 0x69, 0x65, 0x6C, 0x64, 0x54, 0x79, 0x70, 0x65, 0x53, 0x75, 0x62, 0x6A, 0x65, 0x63,
    0x74, 0x49, 0x64, 0x22, 0x3A, 0x20, 0x22, 0x53, 0x79, 0x73, 0x74, 0x65, 0x6D, 0x2E, 0x49, 0x6E,
    0x74, 0x33, 0x32, 0x22, 0x0D, 0x0A, 0x20, 0x20, 0x20, 0x20, 0x20, 0x20, 0x20, 0x20, 0x20, 0x20,
    0x7D, 0x2C, 0x0D, 0x0A, 0x20, 0x20, 0x20, 0x20, 0x20, 0x20, 0x20, 0x20, 0x20, 0x20, 0x22, 0x72,
    0x75, 0x6E, 0x74, 0x69, 0x6D, 0x65, 0x53, 0x65, 0x72, 0x76, 0x69, 0x63, 0x65, 0x4B, 0x69, 0x6E,
    0x64, 0x22, 0x3A, 0x20, 0x35, 0x2C, 0x0D, 0x0A, 0x20, 0x20, 0x20, 0x20, 0x20, 0x20, 0x20, 0x20,
    0x20, 0x20, 0x22, 0x69, 0x73, 0x50, 0x72, 0x65, 0x73, 0x65, 0x72, 0x76, 0x65, 0x53, 0x69, 0x67,
    0x22, 0x3A, 0x20, 0x66, 0x61, 0x6C, 0x73, 0x65, 0x0D, 0x0A, 0x20, 0x20, 0x20, 0x20, 0x20, 0x20,
    0x20, 0x20, 0x7D, 0x2C, 0x0D, 0x0A, 0x20, 0x20, 0x20, 0x20, 0x20, 0x20, 0x20, 0x20, 0x7B, 0x0D,
    0x0A, 0x20, 0x20, 0x20, 0x20, 0x20, 0x20, 0x20, 0x20, 0x20, 0x20, 0x22, 0x6F, 0x70, 0x22, 0x3A,
    0x20, 0x22, 0x72, 0x65, 0x74, 0x22, 0x2C, 0x0D, 0x0A, 0x20, 0x20, 0x20, 0x20, 0x20, 0x20, 0x20,
    0x20, 0x20, 0x20, 0x22, 0x6F, 0x70, 0x43, 0x6F, 0x64, 0x65, 0x22, 0x3A, 0x20, 0x35, 0x33, 0x2C,
    0x0D, 0x0A, 0x20, 0x20, 0x20, 0x20, 0x20, 0x20, 0x20, 0x20, 0x20, 0x20, 0x22, 0x69, 0x6C, 0x4F,
    0x66, 0x66, 0x73, 0x65, 0x74, 0x22, 0x3A, 0x20, 0x35, 0x36, 0x2C, 0x0D, 0x0A, 0x20, 0x20, 0x20,
    0x20, 0x20, 0x20, 0x20, 0x20, 0x20, 0x20, 0x22, 0x69, 0x73, 0x50, 0x72, 0x65, 0x73, 0x65, 0x72,
    0x76, 0x65, 0x53, 0x69, 0x67, 0x22, 0x3A, 0x20, 0x66, 0x61, 0x6C, 0x73, 0x65, 0x0D, 0x0A, 0x20,
    0x20, 0x20, 0x20, 0x20, 0x20, 0x20, 0x20, 0x7D, 0x0D, 0x0A, 0x20, 0x20, 0x20, 0x20, 0x20, 0x20,
    0x5D, 0x2C, 0x0D, 0x0A, 0x20, 0x20, 0x20, 0x20, 0x20, 0x20, 0x22, 0x69, 0x73, 0x50, 0x49, 0x6E,
    0x76, 0x6F, 0x6B, 0x65, 0x22, 0x3A, 0x20, 0x66, 0x61, 0x6C, 0x73, 0x65, 0x2C, 0x0D, 0x0A, 0x20,
    0x20, 0x20, 0x20, 0x20, 0x20, 0x22, 0x69, 0x73, 0x55, 0x6E, 0x6D, 0x61, 0x6E, 0x61, 0x67, 0x65,
    0x64, 0x43, 0x61, 0x6C, 0x6C, 0x65, 0x72, 0x73, 0x4F, 0x6E, 0x6C, 0x79, 0x22, 0x3A, 0x20, 0x66,
    0x61, 0x6C, 0x73, 0x65, 0x2C, 0x0D, 0x0A, 0x20, 0x20, 0x20, 0x20, 0x20, 0x20, 0x22, 0x69, 0x6D,
    0x70, 0x6F, 0x72, 0x74, 0x43, 0x61, 0x6C, 0x6C, 0x69, 0x6E, 0x67, 0x43, 0x6F, 0x6E, 0x76, 0x65,
    0x6E, 0x74, 0x69, 0x6F, 0x6E, 0x22, 0x3A, 0x20, 0x30, 0x2C, 0x0D, 0x0A, 0x20, 0x20, 0x20, 0x20,
    0x20, 0x20, 0x22, 0x69, 0x6D, 0x70, 0x6F, 0x72, 0x74, 0x43, 0x68, 0x61, 0x72, 0x53, 0x65, 0x74,
    0x22, 0x3A, 0x20, 0x30, 0x2C, 0x0D, 0x0A, 0x20, 0x20, 0x20, 0x20, 0x20, 0x20, 0x22, 0x69, 0x6D,
    0x70, 0x6F, 0x72, 0x74, 0x53, 0x65, 0x74, 0x4C, 0x61, 0x73, 0x74, 0x45, 0x72, 0x72, 0x6F, 0x72,
    0x22, 0x3A, 0x20, 0x66, 0x61, 0x6C, 0x73, 0x65, 0x2C, 0x0D, 0x0A, 0x20, 0x20, 0x20, 0x20, 0x20,
    0x20, 0x22, 0x69, 0x73, 0x49, 0x6E, 0x74, 0x65, 0x72, 0x6E, 0x61, 0x6C, 0x4C, 0x69, 0x6E, 0x6B,
    0x22, 0x3A, 0x20, 0x66, 0x61, 0x6C, 0x73, 0x65, 0x2C, 0x0D, 0x0A, 0x20, 0x20, 0x20, 0x20, 0x20,
    0x20, 0x22, 0x69, 0x73, 0x53, 0x75, 0x70, 0x70, 0x72, 0x65, 0x73, 0x73, 0x47, 0x43, 0x54, 0x72,
    0x61, 0x6E, 0x73, 0x69, 0x74, 0x69, 0x6F, 0x6E, 0x22, 0x3A, 0x20, 0x66, 0x61, 0x6C, 0x73, 0x65,
    0x2C, 0x0D, 0x0A, 0x20, 0x20, 0x20, 0x20, 0x20, 0x20, 0x22, 0x68, 0x61, 0x73, 0x42, 0x6C, 0x69,
    0x74, 0x74, 0x61, 0x62, 0x6C, 0x65, 0x53, 0x74, 0x72, 0x75, 0x63, 0x74, 0x52, 0x65, 0x74, 0x75,
    0x72, 0x6E, 0x22, 0x3A, 0x20, 0x66, 0x61, 0x6C, 0x73, 0x65, 0x2C, 0x0D, 0x0A, 0x20, 0x20, 0x20,
    0x20, 0x20, 0x20, 0x22, 0x64, 0x65, 0x63, 0x6C, 0x61, 0x72, 0x69, 0x6E, 0x67, 0x41, 0x73, 0x73,
    0x65, 0x6D, 0x62, 0x6C, 0x79, 0x4E, 0x61, 0x6D, 0x65, 0x22, 0x3A, 0x20, 0x22, 0x41, 0x74, 0x74,
    0x72, 0x69, 0x62, 0x75, 0x74, 0x65, 0x73, 0x43, 0x75, 0x73, 0x74, 0x6F, 0x6D, 0x4D, 0x65, 0x74,
    0x61, 0x64, 0x61, 0x74, 0x61, 0x53, 0x75, 0x62, 0x6A, 0x65, 0x63, 0x74, 0x73, 0x22, 0x0D, 0x0A,
    0x20, 0x20, 0x20, 0x20, 0x7D, 0x00, 0x7B, 0x0D, 0x0A, 0x20, 0x20, 0x20, 0x20, 0x20, 0x20, 0x22,
    0x6D, 0x65, 0x74, 0x68, 0x6F, 0x64, 0x49, 0x64, 0x22, 0x3A, 0x20, 0x22, 0x61, 0x74, 0x74, 0x72,
    0x69, 0x62, 0x75, 0x74, 0x65, 0x73, 0x2D, 0x63, 0x75, 0x73, 0x74, 0x6F, 0x6D, 0x2D, 0x6D, 0x65,
    0x74, 0x61, 0x64, 0x61, 0x74, 0x61, 0x2D, 0x73, 0x75, 0x62, 0x6A, 0x65, 0x63, 0x74, 0x73, 0x2E,
    0x61, 0x74, 0x74, 0x72, 0x69, 0x62, 0x75, 0x74, 0x65, 0x73, 0x2D, 0x63, 0x75, 0x73, 0x74, 0x6F,
    0x6D, 0x2D, 0x6D, 0x65, 0x74, 0x61, 0x64, 0x61, 0x74, 0x61, 0x2D, 0x73, 0x75, 0x62, 0x6A, 0x65,
    0x63, 0x74, 0x73, 0x2E, 0x73, 0x75, 0x62, 0x6A, 0x65, 0x63, 0x74, 0x2D, 0x32, 0x22, 0x2C, 0x0D,
    0x0A, 0x20, 0x20, 0x20, 0x20, 0x20, 0x20, 0x22, 0x73, 0x75, 0x62, 0x6A, 0x65, 0x63, 0x74, 0x49,
    0x64, 0x22, 0x3A, 0x20, 0x22, 0x41, 0x74, 0x74, 0x72, 0x69, 0x62, 0x75, 0x74, 0x65, 0x73, 0x43,
    0x75, 0x73, 0x74, 0x6F, 0x6D, 0x4D, 0x65, 0x74, 0x61, 0x64, 0x61, 0x74, 0x61, 0x53, 0x75, 0x62,
    0x6A, 0x65, 0x63, 0x74, 0x73, 0x2F, 0x41, 0x74, 0x74, 0x72, 0x69, 0x62, 0x75, 0x74, 0x65, 0x73,
    0x43, 0x75, 0x73, 0x74, 0x6F, 0x6D, 0x4D, 0x65, 0x74, 0x61, 0x64, 0x61, 0x74, 0x61, 0x53, 0x75,
    0x62, 0x6A, 0x65, 0x63, 0x74, 0x73, 0x3A, 0x3A, 0x53, 0x75, 0x62, 0x6A, 0x65, 0x63, 0x74, 0x5F,
    0x32, 0x3A, 0x53, 0x79, 0x73, 0x74, 0x65, 0x6D, 0x2E, 0x56, 0x6F, 0x69, 0x64, 0x28, 0x29, 0x22,
    0x2C, 0x0D, 0x0A, 0x20, 0x20, 0x20, 0x20, 0x20, 0x20, 0x22, 0x73, 0x69, 0x67, 0x6E, 0x61, 0x74,
    0x75, 0x72, 0x65, 0x22, 0x3A, 0x20, 0x22, 0x53, 0x79, 0x73, 0x74, 0x65, 0x6D, 0x2E, 0x56, 0x6F,
    0x69, 0x64, 0x20, 0x41, 0x74, 0x74, 0x72, 0x69, 0x62, 0x75, 0x74, 0x65, 0x73, 0x43, 0x75, 0x73,
    0x74, 0x6F, 0x6D, 0x4D, 0x65, 0x74, 0x61, 0x64, 0x61, 0x74, 0x61, 0x53, 0x75, 0x62, 0x6A, 0x65,
    0x63, 0x74, 0x73, 0x3A, 0x3A, 0x53, 0x75, 0x62, 0x6A, 0x65, 0x63, 0x74, 0x5F, 0x32, 0x28, 0x29,
    0x22, 0x2C, 0x0D, 0x0A, 0x20, 0x20, 0x20, 0x20, 0x20, 0x20, 0x22, 0x69, 0x64, 0x65, 0x6E, 0x74,
    0x69, 0x74, 0x79, 0x22, 0x3A, 0x20, 0x7B, 0x0D, 0x0A, 0x20, 0x20, 0x20, 0x20, 0x20, 0x20, 0x20,
    0x20, 0x22, 0x61, 0x73, 0x73, 0x65, 0x6D, 0x62, 0x6C, 0x79, 0x4E, 0x61, 0x6D, 0x65, 0x22, 0x3A,
    0x20, 0x22, 0x41, 0x74, 0x74, 0x72, 0x69, 0x62, 0x75, 0x74, 0x65, 0x73, 0x43, 0x75, 0x73, 0x74,
    0x6F, 0x6D, 0x4D, 0x65, 0x74, 0x61, 0x64, 0x61, 0x74, 0x61, 0x53, 0x75, 0x62, 0x6A, 0x65, 0x63,
    0x74, 0x73, 0x22, 0x2C, 0x0D, 0x0A, 0x20, 0x20, 0x20, 0x20, 0x20, 0x20, 0x20, 0x20, 0x22, 0x64,
    0x65, 0x63, 0x6C, 0x61, 0x72, 0x69, 0x6E, 0x67, 0x54, 0x79, 0x70, 0x65, 0x53, 0x75, 0x62, 0x6A,
    0x65, 0x63, 0x74, 0x49, 0x64, 0x22, 0x3A, 0x20, 0x22, 0x41, 0x74, 0x74, 0x72, 0x69, 0x62, 0x75,
    0x74, 0x65, 0x73, 0x43, 0x75, 0x73, 0x74, 0x6F, 0x6D, 0x4D, 0x65, 0x74, 0x61, 0x64, 0x61, 0x74,
    0x61, 0x53, 0x75, 0x62, 0x6A, 0x65, 0x63, 0x74, 0x73, 0x2F, 0x41, 0x74, 0x74, 0x72, 0x69, 0x62,
    0x75, 0x74, 0x65, 0x73, 0x43, 0x75, 0x73, 0x74, 0x6F, 0x6D, 0x4D, 0x65, 0x74, 0x61, 0x64, 0x61,
    0x74, 0x61, 0x53, 0x75, 0x62, 0x6A, 0x65, 0x63, 0x74, 0x73, 0x22, 0x2C, 0x0D, 0x0A, 0x20, 0x20,
    0x20, 0x20, 0x20, 0x20, 0x20, 0x20, 0x22, 0x64, 0x65, 0x66, 0x69, 0x6E, 0x69, 0x74, 0x69, 0x6F,
    0x6E, 0x53, 0x75, 0x62, 0x6A, 0x65, 0x63, 0x74, 0x49, 0x64, 0x22, 0x3A, 0x20, 0x22, 0x41, 0x74,
    0x74, 0x72, 0x69, 0x62, 0x75, 0x74, 0x65, 0x73, 0x43, 0x75, 0x73, 0x74, 0x6F, 0x6D, 0x4D, 0x65,
    0x74, 0x61, 0x64, 0x61, 0x74, 0x61, 0x53, 0x75, 0x62, 0x6A, 0x65, 0x63, 0x74, 0x73, 0x2F, 0x41,
    0x74, 0x74, 0x72, 0x69, 0x62, 0x75, 0x74, 0x65, 0x73, 0x43, 0x75, 0x73, 0x74, 0x6F, 0x6D, 0x4D,
    0x65, 0x74, 0x61, 0x64, 0x61, 0x74, 0x61, 0x53, 0x75, 0x62, 0x6A, 0x65, 0x63, 0x74, 0x73, 0x3A,
    0x3A, 0x53, 0x75, 0x62, 0x6A, 0x65, 0x63, 0x74, 0x5F, 0x32, 0x3A, 0x53, 0x79, 0x73, 0x74, 0x65,
    0x6D, 0x2E, 0x56, 0x6F, 0x69, 0x64, 0x28, 0x29, 0x22, 0x2C, 0x0D, 0x0A, 0x20, 0x20, 0x20, 0x20,
    0x20, 0x20, 0x20, 0x20, 0x22, 0x73, 0x75, 0x62, 0x6A, 0x65, 0x63, 0x74, 0x49, 0x64, 0x22, 0x3A,
    0x20, 0x22, 0x41, 0x74, 0x74, 0x72, 0x69, 0x62, 0x75, 0x74, 0x65, 0x73, 0x43, 0x75, 0x73, 0x74,
    0x6F, 0x6D, 0x4D, 0x65, 0x74, 0x61, 0x64, 0x61, 0x74, 0x61, 0x53, 0x75, 0x62, 0x6A, 0x65, 0x63,
    0x74, 0x73, 0x2F, 0x41, 0x74, 0x74, 0x72, 0x69, 0x62, 0x75, 0x74, 0x65, 0x73, 0x43, 0x75, 0x73,
    0x74, 0x6F, 0x6D, 0x4D, 0x65, 0x74, 0x61, 0x64, 0x61, 0x74, 0x61, 0x53, 0x75, 0x62, 0x6A, 0x65,
    0x63, 0x74, 0x73, 0x3A, 0x3A, 0x53, 0x75, 0x62, 0x6A, 0x65, 0x63, 0x74, 0x5F, 0x32, 0x3A, 0x53,
    0x79, 0x73, 0x74, 0x65, 0x6D, 0x2E, 0x56, 0x6F, 0x69, 0x64, 0x28, 0x29, 0x22, 0x2C, 0x0D, 0x0A,
    0x20, 0x20, 0x20, 0x20, 0x20, 0x20, 0x20, 0x20, 0x22, 0x6D, 0x65, 0x74, 0x68, 0x6F, 0x64, 0x49,
    0x64, 0x22, 0x3A, 0x20, 0x22, 0x61, 0x74, 0x74, 0x72, 0x69, 0x62, 0x75, 0x74, 0x65, 0x73, 0x2D,
    0x63, 0x75, 0x73, 0x74, 0x6F, 0x6D, 0x2D, 0x6D, 0x65, 0x74, 0x61, 0x64, 0x61, 0x74, 0x61, 0x2D,
    0x73, 0x75, 0x62, 0x6A, 0x65, 0x63, 0x74, 0x73, 0x2E, 0x61, 0x74, 0x74, 0x72, 0x69, 0x62, 0x75,
    0x74, 0x65, 0x73, 0x2D, 0x63, 0x75, 0x73, 0x74, 0x6F, 0x6D, 0x2D, 0x6D, 0x65, 0x74, 0x61, 0x64,
    0x61, 0x74, 0x61, 0x2D, 0x73, 0x75, 0x62, 0x6A, 0x65, 0x63, 0x74, 0x73, 0x2E, 0x73, 0x75, 0x62,
    0x6A, 0x65, 0x63, 0x74, 0x2D, 0x32, 0x22, 0x2C, 0x0D, 0x0A, 0x20, 0x20, 0x20, 0x20, 0x20, 0x20,
    0x20, 0x20, 0x22, 0x73, 0x69, 0x67, 0x6E, 0x61, 0x74, 0x75, 0x72, 0x65, 0x22, 0x3A, 0x20, 0x22,
    0x53, 0x79, 0x73, 0x74, 0x65, 0x6D, 0x2E, 0x56, 0x6F, 0x69, 0x64, 0x20, 0x41, 0x74, 0x74, 0x72,
    0x69, 0x62, 0x75, 0x74, 0x65, 0x73, 0x43, 0x75, 0x73, 0x74, 0x6F, 0x6D, 0x4D, 0x65, 0x74, 0x61,
    0x64, 0x61, 0x74, 0x61, 0x53, 0x75, 0x62, 0x6A, 0x65, 0x63, 0x74, 0x73, 0x3A, 0x3A, 0x53, 0x75,
    0x62, 0x6A, 0x65, 0x63, 0x74, 0x5F, 0x32, 0x28, 0x29, 0x22, 0x0D, 0x0A, 0x20, 0x20, 0x20, 0x20,
    0x20, 0x20, 0x7D, 0x2C, 0x0D, 0x0A, 0x20, 0x20, 0x20, 0x20, 0x20, 0x20, 0x22, 0x6E, 0x61, 0x74,
    0x69, 0x76, 0x65, 0x53, 0x79, 0x6D, 0x62, 0x6F, 0x6C, 0x22, 0x3A, 0x20, 0x22, 0x41, 0x74, 0x74,
    0x72, 0x69, 0x62, 0x75, 0x74, 0x65, 0x73, 0x43, 0x75, 0x73, 0x74, 0x6F, 0x6D, 0x4D, 0x65, 0x74,
    0x61, 0x64, 0x61, 0x74, 0x61, 0x53, 0x75, 0x62, 0x6A, 0x65, 0x63, 0x74, 0x73, 0x5F, 0x41, 0x74,
    0x74, 0x72, 0x69, 0x62, 0x75, 0x74, 0x65, 0x73, 0x43, 0x75, 0x73, 0x74, 0x6F, 0x6D, 0x4D, 0x65,
    0x74, 0x61, 0x64, 0x61, 0x74, 0x61, 0x53, 0x75, 0x62, 0x6A, 0x65, 0x63, 0x74, 0x73, 0x5F, 0x53,
    0x75, 0x62, 0x6A, 0x65, 0x63, 0x74, 0x5F, 0x32, 0x22, 0x2C, 0x0D, 0x0A, 0x20, 0x20, 0x20, 0x20,
    0x20, 0x20, 0x22, 0x69, 0x73, 0x53, 0x74, 0x61, 0x74, 0x69, 0x63, 0x22, 0x3A, 0x20, 0x74, 0x72,
    0x75, 0x65, 0x2C, 0x0D, 0x0A, 0x20, 0x20, 0x20, 0x20, 0x20, 0x20, 0x22, 0x72, 0x65, 0x74, 0x75,
    0x72, 0x6E, 0x54, 0x79, 0x70, 0x65, 0x22, 0x3A, 0x20, 0x22, 0x53, 0x79, 0x73, 0x74, 0x65, 0x6D,
    0x2E, 0x56, 0x6F, 0x69, 0x64, 0x22, 0x2C, 0x0D, 0x0A, 0x20, 0x20, 0x20, 0x20, 0x20, 0x20, 0x22,
    0x72, 0x65, 0x74, 0x75, 0x72, 0x6E, 0x41, 0x62, 0x69, 0x22, 0x3A, 0x20, 0x7B, 0x0D, 0x0A, 0x20,
    0x20, 0x20, 0x20, 0x20, 0x20, 0x20, 0x20, 0x22, 0x63, 0x61, 0x72, 0x72, 0x69, 0x65, 0x72, 0x4B,
    0x69, 0x6E, 0x64, 0x43, 0x6F, 0x64, 0x65, 0x22, 0x3A, 0x20, 0x30, 0x2C, 0x0D, 0x0A, 0x20, 0x20,
    0x20, 0x20, 0x20, 0x20, 0x20, 0x20, 0x22, 0x74, 0x79, 0x70, 0x65, 0x53, 0x68, 0x61, 0x70, 0x65,
    0x22, 0x3A, 0x20, 0x31, 0x0D, 0x0A, 0x20, 0x20, 0x20, 0x20, 0x20, 0x20, 0x7D, 0x2C, 0x0D, 0x0A,
    0x20, 0x20, 0x20, 0x20, 0x20, 0x20, 0x22, 0x70, 0x61, 0x72, 0x61, 0x6D, 0x65, 0x74, 0x65, 0x72,
    0x43, 0x6F, 0x75, 0x6E, 0x74, 0x22, 0x3A, 0x20, 0x30, 0x2C, 0x0D, 0x0A, 0x20, 0x20, 0x20, 0x20,
    0x20, 0x20, 0x22, 0x70, 0x61, 0x72, 0x61, 0x6D, 0x65, 0x74, 0x65, 0x72, 0x41, 0x62, 0x69, 0x73,
    0x22, 0x3A, 0x20, 0x5B, 0x5D, 0x2C, 0x0D, 0x0A, 0x20, 0x20, 0x20, 0x20, 0x20, 0x20, 0x22, 0x6C,
    0x6F, 0x63, 0x61, 0x6C, 0x43, 0x6F, 0x75, 0x6E, 0x74, 0x22, 0x3A, 0x20, 0x31, 0x2C, 0x0D, 0x0A,
    0x20, 0x20, 0x20, 0x20, 0x20, 0x20, 0x22, 0x65, 0x78, 0x63, 0x65, 0x70, 0x74, 0x69, 0x6F, 0x6E,
    0x52, 0x65, 0x67, 0x69, 0x6F, 0x6E, 0x43, 0x6F, 0x75, 0x6E, 0x74, 0x22, 0x3A, 0x20, 0x30, 0x2C,
    0x0D, 0x0A, 0x20, 0x20, 0x20, 0x20, 0x20, 0x20, 0x22, 0x65, 0x78, 0x63, 0x65, 0x70, 0x74, 0x69,
    0x6F, 0x6E, 0x52, 0x65, 0x67, 0x69, 0x6F, 0x6E, 0x73, 0x22, 0x3A, 0x20, 0x5B, 0x5D, 0x2C, 0x0D,
    0x0A, 0x20, 0x20, 0x20, 0x20, 0x20, 0x20, 0x22, 0x69, 0x6E, 0x73, 0x74, 0x72, 0x75, 0x63, 0x74,
    0x69, 0x6F, 0x6E, 0x73, 0x22, 0x3A, 0x20, 0x5B, 0x0D, 0x0A, 0x20, 0x20, 0x20, 0x20, 0x20, 0x20,
    0x20, 0x20, 0x7B, 0x0D, 0x0A, 0x20, 0x20, 0x20, 0x20, 0x20, 0x20, 0x20, 0x20, 0x20, 0x20, 0x22,
    0x6F, 0x70, 0x22, 0x3A, 0x20, 0x22, 0x6C, 0x64, 0x74, 0x6F, 0x6B, 0x65, 0x6E, 0x22, 0x2C, 0x0D,
    0x0A, 0x20, 0x20, 0x20, 0x20, 0x20, 0x20, 0x20, 0x20, 0x20, 0x20, 0x22, 0x6F, 0x70, 0x43, 0x6F,
    0x64, 0x65, 0x22, 0x3A, 0x20, 0x37, 0x30, 0x2C, 0x0D, 0x0A, 0x20, 0x20, 0x20, 0x20, 0x20, 0x20,
    0x20, 0x20, 0x20, 0x20, 0x22, 0x6F, 0x70, 0x65, 0x72, 0x61, 0x6E, 0x64, 0x22, 0x3A, 0x20, 0x22,
    0x53, 0x79, 0x73, 0x74, 0x65, 0x6D, 0x2E, 0x50, 0x72, 0x69, 0x76, 0x61, 0x74, 0x65, 0x2E, 0x43,
    0x6F, 0x72, 0x65, 0x4C, 0x69, 0x62, 0x2F, 0x53, 0x79, 0x73, 0x74, 0x65, 0x6D, 0x2E, 0x42, 0x79,
    0x74, 0x65, 0x22, 0x2C, 0x0D, 0x0A, 0x20, 0x20, 0x20, 0x20, 0x20, 0x20, 0x20, 0x20, 0x20, 0x20,
    0x22, 0x69, 0x6C, 0x4F, 0x66, 0x66, 0x73, 0x65, 0x74, 0x22, 0x3A, 0x20, 0x31, 0x2C, 0x0D, 0x0A,
    0x20, 0x20, 0x20, 0x20, 0x20, 0x20, 0x20, 0x20, 0x20, 0x20, 0x22, 0x72, 0x65, 0x73, 0x75, 0x6C,
    0x74, 0x54, 0x79, 0x70, 0x65, 0x22, 0x3A, 0x20, 0x22, 0x53, 0x79, 0x73, 0x74, 0x65, 0x6D, 0x2E,
    0x52, 0x75, 0x6E, 0x74, 0x69, 0x6D, 0x65, 0x54, 0x79, 0x70, 0x65, 0x48, 0x61, 0x6E, 0x64, 0x6C,
    0x65, 0x22, 0x2C, 0x0D, 0x0A, 0x20, 0x20, 0x20, 0x20, 0x20, 0x20, 0x20, 0x20, 0x20, 0x20, 0x22,
    0x72, 0x65, 0x66, 0x65, 0x72, 0x65, 0x6E, 0x63, 0x65, 0x22, 0x3A, 0x20, 0x7B, 0x0D, 0x0A, 0x20,
    0x20, 0x20, 0x20, 0x20, 0x20, 0x20, 0x20, 0x20, 0x20, 0x20, 0x20, 0x22, 0x61, 0x73, 0x73, 0x65,
    0x6D, 0x62, 0x6C, 0x79, 0x4E, 0x61, 0x6D, 0x65, 0x22, 0x3A, 0x20, 0x22, 0x53, 0x79, 0x73, 0x74,
    0x65, 0x6D, 0x2E, 0x50, 0x72, 0x69, 0x76, 0x61, 0x74, 0x65, 0x2E, 0x43, 0x6F, 0x72, 0x65, 0x4C,
    0x69, 0x62, 0x22, 0x2C, 0x0D, 0x0A, 0x20, 0x20, 0x20, 0x20, 0x20, 0x20, 0x20, 0x20, 0x20, 0x20,
    0x20, 0x20, 0x22, 0x73, 0x75, 0x62, 0x6A, 0x65, 0x63, 0x74, 0x4B, 0x69, 0x6E, 0x64, 0x22, 0x3A,
    0x20, 0x22, 0x74, 0x79, 0x70, 0x65, 0x22, 0x2C, 0x0D, 0x0A, 0x20, 0x20, 0x20, 0x20, 0x20, 0x20,
    0x20, 0x20, 0x20, 0x20, 0x20, 0x20, 0x22, 0x73, 0x75, 0x62, 0x6A, 0x65, 0x63, 0x74, 0x49, 0x64,
    0x22, 0x3A, 0x20, 0x22, 0x53, 0x79, 0x73, 0x74, 0x65, 0x6D, 0x2E, 0x50, 0x72, 0x69, 0x76, 0x61,
    0x74, 0x65, 0x2E, 0x43, 0x6F, 0x72, 0x65, 0x4C, 0x69, 0x62, 0x2F, 0x53, 0x79, 0x73, 0x74, 0x65,
    0x6D, 0x2E, 0x42, 0x79, 0x74, 0x65, 0x22, 0x0D, 0x0A, 0x20, 0x20, 0x20, 0x20, 0x20, 0x20, 0x20,
    0x20, 0x20, 0x20, 0x7D, 0x2C, 0x0D, 0x0A, 0x20, 0x20, 0x20, 0x20, 0x20, 0x20, 0x20, 0x20, 0x20,
    0x20, 0x22, 0x74, 0x61, 0x72, 0x67, 0x65, 0x74, 0x52, 0x65, 0x66, 0x65, 0x72, 0x65, 0x6E, 0x63,
    0x65, 0x22, 0x3A, 0x20, 0x7B, 0x0D, 0x0A, 0x20, 0x20, 0x20, 0x20, 0x20, 0x20, 0x20, 0x20, 0x20,
    0x20, 0x20, 0x20, 0x22, 0x6B, 0x69, 0x6E, 0x64, 0x22, 0x3A, 0x20, 0x31, 0x2C, 0x0D, 0x0A, 0x20,
    0x20, 0x20, 0x20, 0x20, 0x20, 0x20, 0x20, 0x20, 0x20, 0x20, 0x20, 0x22, 0x61, 0x73, 0x73, 0x65,
    0x6D, 0x62, 0x6C, 0x79, 0x4E, 0x61, 0x6D, 0x65, 0x22, 0x3A, 0x20, 0x22, 0x53, 0x79, 0x73, 0x74,
    0x65, 0x6D, 0x2E, 0x50, 0x72, 0x69, 0x76, 0x61, 0x74, 0x65, 0x2E, 0x43, 0x6F, 0x72, 0x65, 0x4C,
    0x69, 0x62, 0x22, 0x2C, 0x0D, 0x0A, 0x20, 0x20, 0x20, 0x20, 0x20, 0x20, 0x20, 0x20, 0x20, 0x20,
    0x20, 0x20, 0x22, 0x73, 0x75, 0x62, 0x6A, 0x65, 0x63, 0x74, 0x49, 0x64, 0x22, 0x3A, 0x20, 0x22,
    0x53, 0x79, 0x73, 0x74, 0x65, 0x6D, 0x2E, 0x50, 0x72, 0x69, 0x76, 0x61, 0x74, 0x65, 0x2E, 0x43,
    0x6F, 0x72, 0x65, 0x4C, 0x69, 0x62, 0x2F, 0x53, 0x79, 0x73, 0x74, 0x65, 0x6D, 0x2E, 0x42, 0x79,
    0x74, 0x65, 0x22, 0x2C, 0x0D, 0x0A, 0x20, 0x20, 0x20, 0x20, 0x20, 0x20, 0x20, 0x20, 0x20, 0x20,
    0x20, 0x20, 0x22, 0x74, 0x79, 0x70, 0x65, 0x53, 0x68, 0x61, 0x70, 0x65, 0x22, 0x3A, 0x20, 0x31,
    0x2C, 0x0D, 0x0A, 0x20, 0x20, 0x20, 0x20, 0x20, 0x20, 0x20, 0x20, 0x20, 0x20, 0x20, 0x20, 0x22,
    0x61, 0x72, 0x72, 0x61, 0x79, 0x45, 0x6C, 0x65, 0x6D, 0x65, 0x6E, 0x74, 0x54, 0x79, 0x70, 0x65,
    0x53, 0x68, 0x61, 0x70, 0x65, 0x22, 0x3A, 0x20, 0x30, 0x2C, 0x0D, 0x0A, 0x20, 0x20, 0x20, 0x20,
    0x20, 0x20, 0x20, 0x20, 0x20, 0x20, 0x20, 0x20, 0x22, 0x69, 0x73, 0x53, 0x65, 0x61, 0x6C, 0x65,
    0x64, 0x22, 0x3A, 0x20, 0x66, 0x61, 0x6C, 0x73, 0x65, 0x2C, 0x0D, 0x0A, 0x20, 0x20, 0x20, 0x20,
    0x20, 0x20, 0x20, 0x20, 0x20, 0x20, 0x20, 0x20, 0x22, 0x69, 0x73, 0x43, 0x6F, 0x6D, 0x49, 0x6D,
    0x70, 0x6F, 0x72, 0x74, 0x22, 0x3A, 0x20, 0x66, 0x61, 0x6C, 0x73, 0x65, 0x2C, 0x0D, 0x0A, 0x20,
    0x20, 0x20, 0x20, 0x20, 0x20, 0x20, 0x20, 0x20, 0x20, 0x20, 0x20, 0x22, 0x63, 0x6F, 0x6D, 0x49,
    0x6E, 0x74, 0x65, 0x72, 0x66, 0x61, 0x63, 0x65, 0x54, 0x79, 0x70, 0x65, 0x4B, 0x69, 0x6E, 0x64,
    0x22, 0x3A, 0x20, 0x30, 0x2C, 0x0D, 0x0A, 0x20, 0x20, 0x20, 0x20, 0x20, 0x20, 0x20, 0x20, 0x20,
    0x20, 0x20, 0x20, 0x22, 0x64, 0x65, 0x63, 0x6C, 0x61, 0x72, 0x69, 0x6E, 0x67, 0x54, 0x79, 0x70,
    0x65, 0x53, 0x68, 0x61, 0x70, 0x65, 0x22, 0x3A, 0x20, 0x30, 0x0D, 0x0A, 0x20, 0x20, 0x20, 0x20,
    0x20, 0x20, 0x20, 0x20, 0x20, 0x20, 0x7D, 0x2C, 0x0D, 0x0A, 0x20, 0x20, 0x20, 0x20, 0x20, 0x20,
    0x20, 0x20, 0x20, 0x20, 0x22, 0x69, 0x73, 0x50, 0x72, 0x65, 0x73, 0x65, 0x72, 0x76, 0x65, 0x53,
    0x69, 0x67, 0x22, 0x3A, 0x20, 0x66, 0x61, 0x6C, 0x73, 0x65, 0x0D, 0x0A, 0x20, 0x20, 0x20, 0x20,
    0x20, 0x20, 0x20, 0x20, 0x7D, 0x2C, 0x0D, 0x0A, 0x20, 0x20, 0x20, 0x20, 0x20, 0x20, 0x20, 0x20,
    0x7B, 0x0D, 0x0A, 0x20, 0x20, 0x20, 0x20, 0x20, 0x20, 0x20, 0x20, 0x20, 0x20, 0x22, 0x6F, 0x70,
    0x22, 0x3A, 0x20, 0x22, 0x63, 0x61, 0x6C, 0x6C, 0x22, 0x2C, 0x0D, 0x0A, 0x20, 0x20, 0x20, 0x20,
    0x20, 0x20, 0x20, 0x20, 0x20, 0x20, 0x22, 0x6F, 0x70, 0x43, 0x6F, 0x64, 0x65, 0x22, 0x3A, 0x20,
    0x31, 0x34, 0x2C, 0x0D, 0x0A, 0x20, 0x20, 0x20, 0x20, 0x20, 0x20, 0x20, 0x20, 0x20, 0x20, 0x22,
    0x69, 0x6C, 0x4F, 0x66, 0x66, 0x73, 0x65, 0x74, 0x22, 0x3A, 0x20, 0x36, 0x2C, 0x0D, 0x0A, 0x20,
    0x20, 0x20, 0x20, 0x20, 0x20, 0x20, 0x20, 0x20, 0x20, 0x22, 0x72, 0x65, 0x73, 0x75, 0x6C, 0x74,
    0x54, 0x79, 0x70, 0x65, 0x22, 0x3A, 0x20, 0x22, 0x53, 0x79, 0x73, 0x74, 0x65, 0x6D, 0x2E, 0x54,
    0x79, 0x70, 0x65, 0x22, 0x2C, 0x0D, 0x0A, 0x20, 0x20, 0x20, 0x20, 0x20, 0x20, 0x20, 0x20, 0x20,
    0x20, 0x22, 0x63, 0x61, 0x6C, 0x6C, 0x65, 0x65, 0x22, 0x3A, 0x20, 0x22, 0x53, 0x79, 0x73, 0x74,
    0x65, 0x6D, 0x2E, 0x50, 0x72, 0x69, 0x76, 0x61, 0x74, 0x65, 0x2E, 0x43, 0x6F, 0x72, 0x65, 0x4C,
    0x69, 0x62, 0x2F, 0x53, 0x79, 0x73, 0x74, 0x65, 0x6D, 0x2E, 0x54, 0x79, 0x70, 0x65, 0x3A, 0x3A,
    0x47, 0x65, 0x74, 0x54, 0x79, 0x70, 0x65, 0x46, 0x72, 0x6F, 0x6D, 0x48, 0x61, 0x6E, 0x64, 0x6C,
    0x65, 0x3A, 0x53, 0x79, 0x73, 0x74, 0x65, 0x6D, 0x2E, 0x54, 0x79, 0x70, 0x65, 0x28, 0x53, 0x79,
    0x73, 0x74, 0x65, 0x6D, 0x2E, 0x52, 0x75, 0x6E, 0x74, 0x69, 0x6D, 0x65, 0x54, 0x79, 0x70, 0x65,
    0x48, 0x61, 0x6E, 0x64, 0x6C, 0x65, 0x29, 0x22, 0x2C, 0x0D, 0x0A, 0x20, 0x20, 0x20, 0x20, 0x20,
    0x20, 0x20, 0x20, 0x20, 0x20, 0x22, 0x72, 0x65, 0x66, 0x65, 0x72, 0x65, 0x6E, 0x63, 0x65, 0x22,
    0x3A, 0x20, 0x7B, 0x0D, 0x0A, 0x20, 0x20, 0x20, 0x20, 0x20, 0x20, 0x20, 0x20, 0x20, 0x20, 0x20,
    0x20, 0x22, 0x61, 0x73, 0x73, 0x65, 0x6D, 0x62, 0x6C, 0x79, 0x4E, 0x61, 0x6D, 0x65, 0x22, 0x3A,
    0x20, 0x22, 0x53, 0x79, 0x73, 0x74, 0x65, 0x6D, 0x2E, 0x50, 0x72, 0x69, 0x76, 0x61, 0x74, 0x65,
    0x2E, 0x43, 0x6F, 0x72, 0x65, 0x4C, 0x69, 0x62, 0x22, 0x2C, 0x0D, 0x0A, 0x20, 0x20, 0x20, 0x20,
    0x20, 0x20, 0x20, 0x20, 0x20, 0x20, 0x20, 0x20, 0x22, 0x73, 0x75, 0x62, 0x6A, 0x65, 0x63, 0x74,
    0x4B, 0x69, 0x6E, 0x64, 0x22, 0x3A, 0x20, 0x22, 0x6D, 0x65, 0x74, 0x68, 0x6F, 0x64, 0x22, 0x2C,
    0x0D, 0x0A, 0x20, 0x20, 0x20, 0x20, 0x20, 0x20, 0x20, 0x20, 0x20, 0x20, 0x20, 0x20, 0x22, 0x73,
    0x75, 0x62, 0x6A, 0x65, 0x63, 0x74, 0x49, 0x64, 0x22, 0x3A, 0x20, 0x22, 0x53, 0x79, 0x73, 0x74,
    0x65, 0x6D, 0x2E, 0x50, 0x72, 0x69, 0x76, 0x61, 0x74, 0x65, 0x2E, 0x43, 0x6F, 0x72, 0x65, 0x4C,
    0x69, 0x62, 0x2F, 0x53, 0x79, 0x73, 0x74, 0x65, 0x6D, 0x2E, 0x54, 0x79, 0x70, 0x65, 0x3A, 0x3A,
    0x47, 0x65, 0x74, 0x54, 0x79, 0x70, 0x65, 0x46, 0x72, 0x6F, 0x6D, 0x48, 0x61, 0x6E, 0x64, 0x6C,
    0x65, 0x3A, 0x53, 0x79, 0x73, 0x74, 0x65, 0x6D, 0x2E, 0x54, 0x79, 0x70, 0x65, 0x28, 0x53, 0x79,
    0x73, 0x74, 0x65, 0x6D, 0x2E, 0x52, 0x75, 0x6E, 0x74, 0x69, 0x6D, 0x65, 0x54, 0x79, 0x70, 0x65,
    0x48, 0x61, 0x6E, 0x64, 0x6C, 0x65, 0x29, 0x22, 0x0D, 0x0A, 0x20, 0x20, 0x20, 0x20, 0x20, 0x20,
    0x20, 0x20, 0x20, 0x20, 0x7D, 0x2C, 0x0D, 0x0A, 0x20, 0x20, 0x20, 0x20, 0x20, 0x20, 0x20, 0x20,
    0x20, 0x20, 0x22, 0x74, 0x61, 0x72, 0x67, 0x65, 0x74, 0x52, 0x65, 0x66, 0x65, 0x72, 0x65, 0x6E,
    0x63, 0x65, 0x22, 0x3A, 0x20, 0x7B, 0x0D, 0x0A, 0x20, 0x20, 0x20, 0x20, 0x20, 0x20, 0x20, 0x20,
    0x20, 0x20, 0x20, 0x20, 0x22, 0x6B, 0x69, 0x6E, 0x64, 0x22, 0x3A, 0x20, 0x33, 0x2C, 0x0D, 0x0A,
    0x20, 0x20, 0x20, 0x20, 0x20, 0x20, 0x20, 0x20, 0x20, 0x20, 0x20, 0x20, 0x22, 0x61, 0x73, 0x73,
    0x65, 0x6D, 0x62, 0x6C, 0x79, 0x4E, 0x61, 0x6D, 0x65, 0x22, 0x3A, 0x20, 0x22, 0x53, 0x79, 0x73,
    0x74, 0x65, 0x6D, 0x2E, 0x50, 0x72, 0x69, 0x76, 0x61, 0x74, 0x65, 0x2E, 0x43, 0x6F, 0x72, 0x65,
    0x4C, 0x69, 0x62, 0x22, 0x2C, 0x0D, 0x0A, 0x20, 0x20, 0x20, 0x20, 0x20, 0x20, 0x20, 0x20, 0x20,
    0x20, 0x20, 0x20, 0x22, 0x73, 0x75, 0x62, 0x6A, 0x65, 0x63, 0x74, 0x49, 0x64, 0x22, 0x3A, 0x20,
    0x22, 0x53, 0x79, 0x73, 0x74, 0x65, 0x6D, 0x2E, 0x50, 0x72, 0x69, 0x76, 0x61, 0x74, 0x65, 0x2E,
    0x43, 0x6F, 0x72, 0x65, 0x4C, 0x69, 0x62, 0x2F, 0x53, 0x79, 0x73, 0x74, 0x65, 0x6D, 0x2E, 0x54,
    0x79, 0x70, 0x65, 0x3A, 0x3A, 0x47, 0x65, 0x74, 0x54, 0x79, 0x70, 0x65, 0x46, 0x72, 0x6F, 0x6D,
    0x48, 0x61, 0x6E, 0x64, 0x6C, 0x65, 0x3A, 0x53, 0x79, 0x73, 0x74, 0x65, 0x6D, 0x2E, 0x54, 0x79,
    0x70, 0x65, 0x28, 0x53, 0x79, 0x73, 0x74, 0x65, 0x6D, 0x2E, 0x52, 0x75, 0x6E, 0x74, 0x69, 0x6D,
    0x65, 0x54, 0x79, 0x70, 0x65, 0x48, 0x61, 0x6E, 0x64, 0x6C, 0x65, 0x29, 0x22, 0x2C, 0x0D, 0x0A,
    0x20, 0x20, 0x20, 0x20, 0x20, 0x20, 0x20, 0x20, 0x20, 0x20, 0x20, 0x20, 0x22, 0x74, 0x79, 0x70,
    0x65, 0x53, 0x68, 0x61, 0x70, 0x65, 0x22, 0x3A, 0x20, 0x30, 0x2C, 0x0D, 0x0A, 0x20, 0x20, 0x20,
    0x20, 0x20, 0x20, 0x20, 0x20, 0x20, 0x20, 0x20, 0x20, 0x22, 0x61, 0x72, 0x72, 0x61, 0x79, 0x45,
    0x6C, 0x65, 0x6D, 0x65, 0x6E, 0x74, 0x54, 0x79, 0x70, 0x65, 0x53, 0x68, 0x61, 0x70, 0x65, 0x22,
    0x3A, 0x20, 0x30, 0x2C, 0x0D, 0x0A, 0x20, 0x20, 0x20, 0x20, 0x20, 0x20, 0x20, 0x20, 0x20, 0x20,
    0x20, 0x20, 0x22, 0x69, 0x73, 0x53, 0x65, 0x61, 0x6C, 0x65, 0x64, 0x22, 0x3A, 0x20, 0x66, 0x61,
    0x6C, 0x73, 0x65, 0x2C, 0x0D, 0x0A, 0x20, 0x20, 0x20, 0x20, 0x20, 0x20, 0x20, 0x20, 0x20, 0x20,
    0x20, 0x20, 0x22, 0x69, 0x73, 0x43, 0x6F, 0x6D, 0x49, 0x6D, 0x70, 0x6F, 0x72, 0x74, 0x22, 0x3A,
    0x20, 0x66, 0x61, 0x6C, 0x73, 0x65, 0x2C, 0x0D, 0x0A, 0x20, 0x20, 0x20, 0x20, 0x20, 0x20, 0x20,
    0x20, 0x20, 0x20, 0x20, 0x20, 0x22, 0x63, 0x6F, 0x6D, 0x49, 0x6E, 0x74, 0x65, 0x72, 0x66, 0x61,
    0x63, 0x65, 0x54, 0x79, 0x70, 0x65, 0x4B, 0x69, 0x6E, 0x64, 0x22, 0x3A, 0x20, 0x30, 0x2C, 0x0D,
    0x0A, 0x20, 0x20, 0x20, 0x20, 0x20, 0x20, 0x20, 0x20, 0x20, 0x20, 0x20, 0x20, 0x22, 0x64, 0x65,
    0x63, 0x6C, 0x61, 0x72, 0x69, 0x6E, 0x67, 0x54, 0x79, 0x70, 0x65, 0x53, 0x68, 0x61, 0x70, 0x65,
    0x22, 0x3A, 0x20, 0x30, 0x0D, 0x0A, 0x20, 0x20, 0x20, 0x20, 0x20, 0x20, 0x20, 0x20, 0x20, 0x20,
    0x7D, 0x2C, 0x0D, 0x0A, 0x20, 0x20, 0x20, 0x20, 0x20, 0x20, 0x20, 0x20, 0x20, 0x20, 0x22, 0x64,
    0x69, 0x73, 0x70, 0x61, 0x74, 0x63, 0x68, 0x4B, 0x69, 0x6E, 0x64, 0x43, 0x6F, 0x64, 0x65, 0x22,
    0x3A, 0x20, 0x34, 0x2C, 0x0D, 0x0A, 0x20, 0x20, 0x20, 0x20, 0x20, 0x20, 0x20, 0x20, 0x20, 0x20,
    0x22, 0x69, 0x73, 0x50, 0x72, 0x65, 0x73, 0x65, 0x72, 0x76, 0x65, 0x53, 0x69, 0x67, 0x22, 0x3A,
    0x20, 0x66, 0x61, 0x6C, 0x73, 0x65, 0x0D, 0x0A, 0x20, 0x20, 0x20, 0x20, 0x20, 0x20, 0x20, 0x20,
    0x7D, 0x2C, 0x0D, 0x0A, 0x20, 0x20, 0x20, 0x20, 0x20, 0x20, 0x20, 0x20, 0x7B, 0x0D, 0x0A, 0x20,
    0x20, 0x20, 0x20, 0x20, 0x20, 0x20, 0x20, 0x20, 0x20, 0x22, 0x6F, 0x70, 0x22, 0x3A, 0x20, 0x22,
    0x63, 0x61, 0x6C, 0x6C, 0x76, 0x69, 0x72, 0x74, 0x22, 0x2C, 0x0D, 0x0A, 0x20, 0x20, 0x20, 0x20,
    0x20, 0x20, 0x20, 0x20, 0x20, 0x20, 0x22, 0x6F, 0x70, 0x43, 0x6F, 0x64, 0x65, 0x22, 0x3A, 0x20,
    0x31, 0x35, 0x2C, 0x0D, 0x0A, 0x20, 0x20, 0x20, 0x20, 0x20, 0x20, 0x20, 0x20, 0x20, 0x20, 0x22,
    0x69, 0x6C, 0x4F, 0x66, 0x66, 0x73, 0x65, 0x74, 0x22, 0x3A, 0x20, 0x31, 0x31, 0x2C, 0x0D, 0x0A,
    0x20, 0x20, 0x20, 0x20, 0x20, 0x20, 0x20, 0x20, 0x20, 0x20, 0x22, 0x72, 0x65, 0x73, 0x75, 0x6C,
    0x74, 0x54, 0x79, 0x70, 0x65, 0x22, 0x3A, 0x20, 0x22, 0x53, 0x79, 0x73, 0x74, 0x65, 0x6D, 0x2E,
    0x52, 0x65, 0x66, 0x6C, 0x65, 0x63, 0x74, 0x69, 0x6F, 0x6E, 0x2E, 0x41, 0x73, 0x73, 0x65, 0x6D,
    0x62, 0x6C, 0x79, 0x22, 0x2C, 0x0D, 0x0A, 0x20, 0x20, 0x20, 0x20, 0x20, 0x20, 0x20, 0x20, 0x20,
    0x20, 0x22, 0x63, 0x61, 0x6C, 0x6C, 0x65, 0x65, 0x22, 0x3A, 0x20, 0x22, 0x53, 0x79, 0x73, 0x74,
    0x65, 0x6D, 0x2E, 0x50, 0x72, 0x69, 0x76, 0x61, 0x74, 0x65, 0x2E, 0x43, 0x6F, 0x72, 0x65, 0x4C,
    0x69, 0x62, 0x2F, 0x53, 0x79, 0x73, 0x74, 0x65, 0x6D, 0x2E, 0x54, 0x79, 0x70, 0x65, 0x3A, 0x3A,
    0x67, 0x65, 0x74, 0x5F, 0x41, 0x73, 0x73, 0x65, 0x6D, 0x62, 0x6C, 0x79, 0x3A, 0x53, 0x79, 0x73,
    0x74, 0x65, 0x6D, 0x2E, 0x52, 0x65, 0x66, 0x6C, 0x65, 0x63, 0x74, 0x69, 0x6F, 0x6E, 0x2E, 0x41,
    0x73, 0x73, 0x65, 0x6D, 0x62, 0x6C, 0x79, 0x28, 0x29, 0x22, 0x2C, 0x0D, 0x0A, 0x20, 0x20, 0x20,
    0x20, 0x20, 0x20, 0x20, 0x20, 0x20, 0x20, 0x22, 0x72, 0x65, 0x66, 0x65, 0x72, 0x65, 0x6E, 0x63,
    0x65, 0x22, 0x3A, 0x20, 0x7B, 0x0D, 0x0A, 0x20, 0x20, 0x20, 0x20, 0x20, 0x20, 0x20, 0x20, 0x20,
    0x20, 0x20, 0x20, 0x22, 0x61, 0x73, 0x73, 0x65, 0x6D, 0x62, 0x6C, 0x79, 0x4E, 0x61, 0x6D, 0x65,
    0x22, 0x3A, 0x20, 0x22, 0x53, 0x79, 0x73, 0x74, 0x65, 0x6D, 0x2E, 0x50, 0x72, 0x69, 0x76, 0x61,
    0x74, 0x65, 0x2E, 0x43, 0x6F, 0x72, 0x65, 0x4C, 0x69, 0x62, 0x22, 0x2C, 0x0D, 0x0A, 0x20, 0x20,
    0x20, 0x20, 0x20, 0x20, 0x20, 0x20, 0x20, 0x20, 0x20, 0x20, 0x22, 0x73, 0x75, 0x62, 0x6A, 0x65,
    0x63, 0x74, 0x4B, 0x69, 0x6E, 0x64, 0x22, 0x3A, 0x20, 0x22, 0x6D, 0x65, 0x74, 0x68, 0x6F, 0x64,
    0x22, 0x2C, 0x0D, 0x0A, 0x20, 0x20, 0x20, 0x20, 0x20, 0x20, 0x20, 0x20, 0x20, 0x20, 0x20, 0x20,
    0x22, 0x73, 0x75, 0x62, 0x6A, 0x65, 0x63, 0x74, 0x49, 0x64, 0x22, 0x3A, 0x20, 0x22, 0x53, 0x79,
    0x73, 0x74, 0x65, 0x6D, 0x2E, 0x50, 0x72, 0x69, 0x76, 0x61, 0x74, 0x65, 0x2E, 0x43, 0x6F, 0x72,
    0x65, 0x4C, 0x69, 0x62, 0x2F, 0x53, 0x79, 0x73, 0x74, 0x65, 0x6D, 0x2E, 0x54, 0x79, 0x70, 0x65,
    0x3A, 0x3A, 0x67, 0x65, 0x74, 0x5F, 0x41, 0x73, 0x73, 0x65, 0x6D, 0x62, 0x6C, 0x79, 0x3A, 0x53,
    0x79, 0x73, 0x74, 0x65, 0x6D, 0x2E, 0x52, 0x65, 0x66, 0x6C, 0x65, 0x63, 0x74, 0x69, 0x6F, 0x6E,
    0x2E, 0x41, 0x73, 0x73, 0x65, 0x6D, 0x62, 0x6C, 0x79, 0x28, 0x29, 0x22, 0x0D, 0x0A, 0x20, 0x20,
    0x20, 0x20, 0x20, 0x20, 0x20, 0x20, 0x20, 0x20, 0x7D, 0x2C, 0x0D, 0x0A, 0x20, 0x20, 0x20, 0x20,
    0x20, 0x20, 0x20, 0x20, 0x20, 0x20, 0x22, 0x74, 0x61, 0x72, 0x67, 0x65, 0x74, 0x52, 0x65, 0x66,
    0x65, 0x72, 0x65, 0x6E, 0x63, 0x65, 0x22, 0x3A, 0x20, 0x7B, 0x0D, 0x0A, 0x20, 0x20, 0x20, 0x20,
    0x20, 0x20, 0x20, 0x20, 0x20, 0x20, 0x20, 0x20, 0x22, 0x6B, 0x69, 0x6E, 0x64, 0x22, 0x3A, 0x20,
    0x33, 0x2C, 0x0D, 0x0A, 0x20, 0x20, 0x20, 0x20, 0x20, 0x20, 0x20, 0x20, 0x20, 0x20, 0x20, 0x20,
    0x22, 0x61, 0x73, 0x73, 0x65, 0x6D, 0x62, 0x6C, 0x79, 0x4E, 0x61, 0x6D, 0x65, 0x22, 0x3A, 0x20,
    0x22, 0x53, 0x79, 0x73, 0x74, 0x65, 0x6D, 0x2E, 0x50, 0x72, 0x69, 0x76, 0x61, 0x74, 0x65, 0x2E,
    0x43, 0x6F, 0x72, 0x65, 0x4C, 0x69, 0x62, 0x22, 0x2C, 0x0D, 0x0A, 0x20, 0x20, 0x20, 0x20, 0x20,
    0x20, 0x20, 0x20, 0x20, 0x20, 0x20, 0x20, 0x22, 0x73, 0x75, 0x62, 0x6A, 0x65, 0x63, 0x74, 0x49,
    0x64, 0x22, 0x3A, 0x20, 0x22, 0x53, 0x79, 0x73, 0x74, 0x65, 0x6D, 0x2E, 0x50, 0x72, 0x69, 0x76,
    0x61, 0x74, 0x65, 0x2E, 0x43, 0x6F, 0x72, 0x65, 0x4C, 0x69, 0x62, 0x2F, 0x53, 0x79, 0x73, 0x74,
    0x65, 0x6D, 0x2E, 0x54, 0x79, 0x70, 0x65, 0x3A, 0x3A, 0x67, 0x65, 0x74, 0x5F, 0x41, 0x73, 0x73,
    0x65, 0x6D, 0x62, 0x6C, 0x79, 0x3A, 0x53, 0x79, 0x73, 0x74, 0x65, 0x6D, 0x2E, 0x52, 0x65, 0x66,
    0x6C, 0x65, 0x63, 0x74, 0x69, 0x6F, 0x6E, 0x2E, 0x41, 0x73, 0x73, 0x65, 0x6D, 0x62, 0x6C, 0x79,
    0x28, 0x29, 0x22, 0x2C, 0x0D, 0x0A, 0x20, 0x20, 0x20, 0x20, 0x20, 0x20, 0x20, 0x20, 0x20, 0x20,
    0x20, 0x20, 0x22, 0x74, 0x79, 0x70, 0x65, 0x53, 0x68, 0x61, 0x70, 0x65, 0x22, 0x3A, 0x20, 0x30,
    0x2C, 0x0D, 0x0A, 0x20, 0x20, 0x20, 0x20, 0x20, 0x20, 0x20, 0x20, 0x20, 0x20, 0x20, 0x20, 0x22,
    0x61, 0x72, 0x72, 0x61, 0x79, 0x45, 0x6C, 0x65, 0x6D, 0x65, 0x6E, 0x74, 0x54, 0x79, 0x70, 0x65,
    0x53, 0x68, 0x61, 0x70, 0x65, 0x22, 0x3A, 0x20, 0x30, 0x2C, 0x0D, 0x0A, 0x20, 0x20, 0x20, 0x20,
    0x20, 0x20, 0x20, 0x20, 0x20, 0x20, 0x20, 0x20, 0x22, 0x69, 0x73, 0x53, 0x65, 0x61, 0x6C, 0x65,
    0x64, 0x22, 0x3A, 0x20, 0x66, 0x61, 0x6C, 0x73, 0x65, 0x2C, 0x0D, 0x0A, 0x20, 0x20, 0x20, 0x20,
    0x20, 0x20, 0x20, 0x20, 0x20, 0x20, 0x20, 0x20, 0x22, 0x69, 0x73, 0x43, 0x6F, 0x6D, 0x49, 0x6D,
    0x70, 0x6F, 0x72, 0x74, 0x22, 0x3A, 0x20, 0x66, 0x61, 0x6C, 0x73, 0x65, 0x2C, 0x0D, 0x0A, 0x20,
    0x20, 0x20, 0x20, 0x20, 0x20, 0x20, 0x20, 0x20, 0x20, 0x20, 0x20, 0x22, 0x63, 0x6F, 0x6D, 0x49,
    0x6E, 0x74, 0x65, 0x72, 0x66, 0x61, 0x63, 0x65, 0x54, 0x79, 0x70, 0x65, 0x4B, 0x69, 0x6E, 0x64,
    0x22, 0x3A, 0x20, 0x30, 0x2C, 0x0D, 0x0A, 0x20, 0x20, 0x20, 0x20, 0x20, 0x20, 0x20, 0x20, 0x20,
    0x20, 0x20, 0x20, 0x22, 0x64, 0x65, 0x63, 0x6C, 0x61, 0x72, 0x69, 0x6E, 0x67, 0x54, 0x79, 0x70,
    0x65, 0x53, 0x68, 0x61, 0x70, 0x65, 0x22, 0x3A, 0x20, 0x30, 0x0D, 0x0A, 0x20, 0x20, 0x20, 0x20,
    0x20, 0x20, 0x20, 0x20, 0x20, 0x20, 0x7D, 0x2C, 0x0D, 0x0A, 0x20, 0x20, 0x20, 0x20, 0x20, 0x20,
    0x20, 0x20, 0x20, 0x20, 0x22, 0x64, 0x69, 0x73, 0x70, 0x61, 0x74, 0x63, 0x68, 0x4B, 0x69, 0x6E,
    0x64, 0x43, 0x6F, 0x64, 0x65, 0x22, 0x3A, 0x20, 0x34, 0x2C, 0x0D, 0x0A, 0x20, 0x20, 0x20, 0x20,
    0x20, 0x20, 0x20, 0x20, 0x20, 0x20, 0x22, 0x69, 0x73, 0x50, 0x72, 0x65, 0x73, 0x65, 0x72, 0x76,
    0x65, 0x53, 0x69, 0x67, 0x22, 0x3A, 0x20, 0x66, 0x61, 0x6C, 0x73, 0x65, 0x0D, 0x0A, 0x20, 0x20,
    0x20, 0x20, 0x20, 0x20, 0x20, 0x20, 0x7D, 0x2C, 0x0D, 0x0A, 0x20, 0x20, 0x20, 0x20, 0x20, 0x20,
    0x20, 0x20, 0x7B, 0x0D, 0x0A, 0x20, 0x20, 0x20, 0x20, 0x20, 0x20, 0x20, 0x20, 0x20, 0x20, 0x22,
    0x6F, 0x70, 0x22, 0x3A, 0x20, 0x22, 0x6C, 0x64, 0x74, 0x6F, 0x6B, 0x65, 0x6E, 0x22, 0x2C, 0x0D,
    0x0A, 0x20, 0x20, 0x20, 0x20, 0x20, 0x20, 0x20, 0x20, 0x20, 0x20, 0x22, 0x6F, 0x70, 0x43, 0x6F,
    0x64, 0x65, 0x22, 0x3A, 0x20, 0x37, 0x30, 0x2C, 0x0D, 0x0A, 0x20, 0x20, 0x20, 0x20, 0x20, 0x20,
    0x20, 0x20, 0x20, 0x20, 0x22, 0x6F, 0x70, 0x65, 0x72, 0x61, 0x6E, 0x64, 0x22, 0x3A, 0x20, 0x22,
    0x53, 0x79, 0x73, 0x74, 0x65, 0x6D, 0x2E, 0x50, 0x72, 0x69, 0x76, 0x61, 0x74, 0x65, 0x2E, 0x43,
    0x6F, 0x72, 0x65, 0x4C, 0x69, 0x62, 0x2F, 0x53, 0x79, 0x73, 0x74, 0x65, 0x6D, 0x2E, 0x52, 0x65,
    0x66, 0x6C, 0x65, 0x63, 0x74, 0x69, 0x6F, 0x6E, 0x2E, 0x41, 0x73, 0x73, 0x65, 0x6D, 0x62, 0x6C,
    0x79, 0x44, 0x65, 0x73, 0x63, 0x72, 0x69, 0x70, 0x74, 0x69, 0x6F, 0x6E, 0x41, 0x74, 0x74, 0x72,
    0x69, 0x62, 0x75, 0x74, 0x65, 0x22, 0x2C, 0x0D, 0x0A, 0x20, 0x20, 0x20, 0x20, 0x20, 0x20, 0x20,
    0x20, 0x20, 0x20, 0x22, 0x69, 0x6C, 0x4F, 0x66, 0x66, 0x73, 0x65, 0x74, 0x22, 0x3A, 0x20, 0x31,
    0x36, 0x2C, 0x0D, 0x0A, 0x20, 0x20, 0x20, 0x20, 0x20, 0x20, 0x20, 0x20, 0x20, 0x20, 0x22, 0x72,
    0x65, 0x73, 0x75, 0x6C, 0x74, 0x54, 0x79, 0x70, 0x65, 0x22, 0x3A, 0x20, 0x22, 0x53, 0x79, 0x73,
    0x74, 0x65, 0x6D, 0x2E, 0x52, 0x75, 0x6E, 0x74, 0x69, 0x6D, 0x65, 0x54, 0x79, 0x70, 0x65, 0x48,
    0x61, 0x6E, 0x64, 0x6C, 0x65, 0x22, 0x2C, 0x0D, 0x0A, 0x20, 0x20, 0x20, 0x20, 0x20, 0x20, 0x20,
    0x20, 0x20, 0x20, 0x22, 0x72, 0x65, 0x66, 0x65, 0x72, 0x65, 0x6E, 0x63, 0x65, 0x22, 0x3A, 0x20,
    0x7B, 0x0D, 0x0A, 0x20, 0x20, 0x20, 0x20, 0x20, 0x20, 0x20, 0x20, 0x20, 0x20, 0x20, 0x20, 0x22,
    0x61, 0x73, 0x73, 0x65, 0x6D, 0x62, 0x6C, 0x79, 0x4E, 0x61, 0x6D, 0x65, 0x22, 0x3A, 0x20, 0x22,
    0x53, 0x79, 0x73, 0x74, 0x65, 0x6D, 0x2E, 0x50, 0x72, 0x69, 0x76, 0x61, 0x74, 0x65, 0x2E, 0x43,
    0x6F, 0x72, 0x65, 0x4C, 0x69, 0x62, 0x22, 0x2C, 0x0D, 0x0A, 0x20, 0x20, 0x20, 0x20, 0x20, 0x20,
    0x20, 0x20, 0x20, 0x20, 0x20, 0x20, 0x22, 0x73, 0x75, 0x62, 0x6A, 0x65, 0x63, 0x74, 0x4B, 0x69,
    0x6E, 0x64, 0x22, 0x3A, 0x20, 0x22, 0x74, 0x79, 0x70, 0x65, 0x22, 0x2C, 0x0D, 0x0A, 0x20, 0x20,
    0x20, 0x20, 0x20, 0x20, 0x20, 0x20, 0x20, 0x20, 0x20, 0x20, 0x22, 0x73, 0x75, 0x62, 0x6A, 0x65,
    0x63, 0x74, 0x49, 0x64, 0x22, 0x3A, 0x20, 0x22, 0x53, 0x79, 0x73, 0x74, 0x65, 0x6D, 0x2E, 0x50,
    0x72, 0x69, 0x76, 0x61, 0x74, 0x65, 0x2E, 0x43, 0x6F, 0x72, 0x65, 0x4C, 0x69, 0x62, 0x2F, 0x53,
    0x79, 0x73, 0x74, 0x65, 0x6D, 0x2E, 0x52, 0x65, 0x66, 0x6C, 0x65, 0x63, 0x74, 0x69, 0x6F, 0x6E,
    0x2E, 0x41, 0x73, 0x73, 0x65, 0x6D, 0x62, 0x6C, 0x79, 0x44, 0x65, 0x73, 0x63, 0x72, 0x69, 0x70,
    0x74, 0x69, 0x6F, 0x6E, 0x41, 0x74, 0x74, 0x72, 0x69, 0x62, 0x75, 0x74, 0x65, 0x22, 0x0D, 0x0A,
    0x20, 0x20, 0x20, 0x20, 0x20, 0x20, 0x20, 0x20, 0x20, 0x20, 0x7D, 0x2C, 0x0D, 0x0A, 0x20, 0x20,
    0x20, 0x20, 0x20, 0x20, 0x20, 0x20, 0x20, 0x20, 0x22, 0x74, 0x61, 0x72, 0x67, 0x65, 0x74, 0x52,
    0x65, 0x66, 0x65, 0x72, 0x65, 0x6E, 0x63, 0x65, 0x22, 0x3A, 0x20, 0x7B, 0x0D, 0x0A, 0x20, 0x20,
    0x20, 0x20, 0x20, 0x20, 0x20, 0x20, 0x20, 0x20, 0x20, 0x20, 0x22, 0x6B, 0x69, 0x6E, 0x64, 0x22,
    0x3A, 0x20, 0x31, 0x2C, 0x0D, 0x0A, 0x20, 0x20, 0x20, 0x20, 0x20, 0x20, 0x20, 0x20, 0x20, 0x20,
    0x20, 0x20, 0x22, 0x61, 0x73, 0x73, 0x65, 0x6D, 0x62, 0x6C, 0x79, 0x4E, 0x61, 0x6D, 0x65, 0x22,
    0x3A, 0x20, 0x22, 0x53, 0x79, 0x73, 0x74, 0x65, 0x6D, 0x2E, 0x50, 0x72, 0x69, 0x76, 0x61, 0x74,
    0x65, 0x2E, 0x43, 0x6F, 0x72, 0x65, 0x4C, 0x69, 0x62, 0x22, 0x2C, 0x0D, 0x0A, 0x20, 0x20, 0x20,
    0x20, 0x20, 0x20, 0x20, 0x20, 0x20, 0x20, 0x20, 0x20, 0x22, 0x73, 0x75, 0x62, 0x6A, 0x65, 0x63,
    0x74, 0x49, 0x64, 0x22, 0x3A, 0x20, 0x22, 0x53, 0x79, 0x73, 0x74, 0x65, 0x6D, 0x2E, 0x50, 0x72,
    0x69, 0x76, 0x61, 0x74, 0x65, 0x2E, 0x43, 0x6F, 0x72, 0x65, 0x4C, 0x69, 0x62, 0x2F, 0x53, 0x79,
    0x73, 0x74, 0x65, 0x6D, 0x2E, 0x52, 0x65, 0x66, 0x6C, 0x65, 0x63, 0x74, 0x69, 0x6F, 0x6E, 0x2E,
    0x41, 0x73, 0x73, 0x65, 0x6D, 0x62, 0x6C, 0x79, 0x44, 0x65, 0x73, 0x63, 0x72, 0x69, 0x70, 0x74,
    0x69, 0x6F, 0x6E, 0x41, 0x74, 0x74, 0x72, 0x69, 0x62, 0x75, 0x74, 0x65, 0x22, 0x2C, 0x0D, 0x0A,
    0x20, 0x20, 0x20, 0x20, 0x20, 0x20, 0x20, 0x20, 0x20, 0x20, 0x20, 0x20, 0x22, 0x74, 0x79, 0x70,
    0x65, 0x53, 0x68, 0x61, 0x70, 0x65, 0x22, 0x3A, 0x20, 0x31, 0x2C, 0x0D, 0x0A, 0x20, 0x20, 0x20,
    0x20, 0x20, 0x20, 0x20, 0x20, 0x20, 0x20, 0x20, 0x20, 0x22, 0x61, 0x72, 0x72, 0x61, 0x79, 0x45,
    0x6C, 0x65, 0x6D, 0x65, 0x6E, 0x74, 0x54, 0x79, 0x70, 0x65, 0x53, 0x68, 0x61, 0x70, 0x65, 0x22,
    0x3A, 0x20, 0x30, 0x2C, 0x0D, 0x0A, 0x20, 0x20, 0x20, 0x20, 0x20, 0x20, 0x20, 0x20, 0x20, 0x20,
    0x20, 0x20, 0x22, 0x69, 0x73, 0x53, 0x65, 0x61, 0x6C, 0x65, 0x64, 0x22, 0x3A, 0x20, 0x66, 0x61,
    0x6C, 0x73, 0x65, 0x2C, 0x0D, 0x0A, 0x20, 0x20, 0x20, 0x20, 0x20, 0x20, 0x20, 0x20, 0x20, 0x20,
    0x20, 0x20, 0x22, 0x69, 0x73, 0x43, 0x6F, 0x6D, 0x49, 0x6D, 0x70, 0x6F, 0x72, 0x74, 0x22, 0x3A,
    0x20, 0x66, 0x61, 0x6C, 0x73, 0x65, 0x2C, 0x0D, 0x0A, 0x20, 0x20, 0x20, 0x20, 0x20, 0x20, 0x20,
    0x20, 0x20, 0x20, 0x20, 0x20, 0x22, 0x63, 0x6F, 0x6D, 0x49, 0x6E, 0x74, 0x65, 0x72, 0x66, 0x61,
    0x63, 0x65, 0x54, 0x79, 0x70, 0x65, 0x4B, 0x69, 0x6E, 0x64, 0x22, 0x3A, 0x20, 0x30, 0x2C, 0x0D,
    0x0A, 0x20, 0x20, 0x20, 0x20, 0x20, 0x20, 0x20, 0x20, 0x20, 0x20, 0x20, 0x20, 0x22, 0x64, 0x65,
    0x63, 0x6C, 0x61, 0x72, 0x69, 0x6E, 0x67, 0x54, 0x79, 0x70, 0x65, 0x53, 0x68, 0x61, 0x70, 0x65,
    0x22, 0x3A, 0x20, 0x30, 0x0D, 0x0A, 0x20, 0x20, 0x20, 0x20, 0x20, 0x20, 0x20, 0x20, 0x20, 0x20,
    0x7D, 0x2C, 0x0D, 0x0A, 0x20, 0x20, 0x20, 0x20, 0x20, 0x20, 0x20, 0x20, 0x20, 0x20, 0x22, 0x69,
    0x73, 0x50, 0x72, 0x65, 0x73, 0x65, 0x72, 0x76, 0x65, 0x53, 0x69, 0x67, 0x22, 0x3A, 0x20, 0x66,
    0x61, 0x6C, 0x73, 0x65, 0x0D, 0x0A, 0x20, 0x20, 0x20, 0x20, 0x20, 0x20, 0x20, 0x20, 0x7D, 0x2C,
    0x0D, 0x0A, 0x20, 0x20, 0x20, 0x20, 0x20, 0x20, 0x20, 0x20, 0x7B, 0x0D, 0x0A, 0x20, 0x20, 0x20,
    0x20, 0x20, 0x20, 0x20, 0x20, 0x20, 0x20, 0x22, 0x6F, 0x70, 0x22, 0x3A, 0x20, 0x22, 0x63, 0x61,
    0x6C, 0x6C, 0x22, 0x2C, 0x0D, 0x0A, 0x20, 0x20, 0x20, 0x20, 0x20, 0x20, 0x20, 0x20, 0x20, 0x20,
    0x22, 0x6F, 0x70, 0x43, 0x6F, 0x64, 0x65, 0x22, 0x3A, 0x20, 0x31, 0x34, 0x2C, 0x0D, 0x0A, 0x20,
    0x20, 0x20, 0x20, 0x20, 0x20, 0x20, 0x20, 0x20, 0x20, 0x22, 0x69, 0x6C, 0x4F, 0x66, 0x66, 0x73,
    0x65, 0x74, 0x22, 0x3A, 0x20, 0x32, 0x31, 0x2C, 0x0D, 0x0A, 0x20, 0x20, 0x20, 0x20, 0x20, 0x20,
    0x20, 0x20, 0x20, 0x20, 0x22, 0x72, 0x65, 0x73, 0x75, 0x6C, 0x74, 0x54, 0x79, 0x70, 0x65, 0x22,
    0x3A, 0x20, 0x22, 0x53, 0x79, 0x73, 0x74, 0x65, 0x6D, 0x2E, 0x54, 0x79, 0x70, 0x65, 0x22, 0x2C,
    0x0D, 0x0A, 0x20, 0x20, 0x20, 0x20, 0x20, 0x20, 0x20, 0x20, 0x20, 0x20, 0x22, 0x63, 0x61, 0x6C,
    0x6C, 0x65, 0x65, 0x22, 0x3A, 0x20, 0x22, 0x53, 0x79, 0x73, 0x74, 0x65, 0x6D, 0x2E, 0x50, 0x72,
    0x69, 0x76, 0x61, 0x74, 0x65, 0x2E, 0x43, 0x6F, 0x72, 0x65, 0x4C, 0x69, 0x62, 0x2F, 0x53, 0x79,
    0x73, 0x74, 0x65, 0x6D, 0x2E, 0x54, 0x79, 0x70, 0x65, 0x3A, 0x3A, 0x47, 0x65, 0x74, 0x54, 0x79,
    0x70, 0x65, 0x46, 0x72, 0x6F, 0x6D, 0x48, 0x61, 0x6E, 0x64, 0x6C, 0x65, 0x3A, 0x53, 0x79, 0x73,
    0x74, 0x65, 0x6D, 0x2E, 0x54, 0x79, 0x70, 0x65, 0x28, 0x53, 0x79, 0x73, 0x74, 0x65, 0x6D, 0x2E,
    0x52, 0x75, 0x6E, 0x74, 0x69, 0x6D, 0x65, 0x54, 0x79, 0x70, 0x65, 0x48, 0x61, 0x6E, 0x64, 0x6C,
    0x65, 0x29, 0x22, 0x2C, 0x0D, 0x0A, 0x20, 0x20, 0x20, 0x20, 0x20, 0x20, 0x20, 0x20, 0x20, 0x20,
    0x22, 0x72, 0x65, 0x66, 0x65, 0x72, 0x65, 0x6E, 0x63, 0x65, 0x22, 0x3A, 0x20, 0x7B, 0x0D, 0x0A,
    0x20, 0x20, 0x20, 0x20, 0x20, 0x20, 0x20, 0x20, 0x20, 0x20, 0x20, 0x20, 0x22, 0x61, 0x73, 0x73,
    0x65, 0x6D, 0x62, 0x6C, 0x79, 0x4E, 0x61, 0x6D, 0x65, 0x22, 0x3A, 0x20, 0x22, 0x53, 0x79, 0x73,
    0x74, 0x65, 0x6D, 0x2E, 0x50, 0x72, 0x69, 0x76, 0x61, 0x74, 0x65, 0x2E, 0x43, 0x6F, 0x72, 0x65,
    0x4C, 0x69, 0x62, 0x22, 0x2C, 0x0D, 0x0A, 0x20, 0x20, 0x20, 0x20, 0x20, 0x20, 0x20, 0x20, 0x20,
    0x20, 0x20, 0x20, 0x22, 0x73, 0x75, 0x62, 0x6A, 0x65, 0x63, 0x74, 0x4B, 0x69, 0x6E, 0x64, 0x22,
    0x3A, 0x20, 0x22, 0x6D, 0x65, 0x74, 0x68, 0x6F, 0x64, 0x22, 0x2C, 0x0D, 0x0A, 0x20, 0x20, 0x20,
    0x20, 0x20, 0x20, 0x20, 0x20, 0x20, 0x20, 0x20, 0x20, 0x22, 0x73, 0x75, 0x62, 0x6A, 0x65, 0x63,
    0x74, 0x49, 0x64, 0x22, 0x3A, 0x20, 0x22, 0x53, 0x79, 0x73, 0x74, 0x65, 0x6D, 0x2E, 0x50, 0x72,
    0x69, 0x76, 0x61, 0x74, 0x65, 0x2E, 0x43, 0x6F, 0x72, 0x65, 0x4C, 0x69, 0x62, 0x2F, 0x53, 0x79,
    0x73, 0x74, 0x65, 0x6D, 0x2E, 0x54, 0x79, 0x70, 0x65, 0x3A, 0x3A, 0x47, 0x65, 0x74, 0x54, 0x79,
    0x70, 0x65, 0x46, 0x72, 0x6F, 0x6D, 0x48, 0x61, 0x6E, 0x64, 0x6C, 0x65, 0x3A, 0x53, 0x79, 0x73,
    0x74, 0x65, 0x6D, 0x2E, 0x54, 0x79, 0x70, 0x65, 0x28, 0x53, 0x79, 0x73, 0x74, 0x65, 0x6D, 0x2E,
    0x52, 0x75, 0x6E, 0x74, 0x69, 0x6D, 0x65, 0x54, 0x79, 0x70, 0x65, 0x48, 0x61, 0x6E, 0x64, 0x6C,
    0x65, 0x29, 0x22, 0x0D, 0x0A, 0x20, 0x20, 0x20, 0x20, 0x20, 0x20, 0x20, 0x20, 0x20, 0x20, 0x7D,
    0x2C, 0x0D, 0x0A, 0x20, 0x20, 0x20, 0x20, 0x20, 0x20, 0x20, 0x20, 0x20, 0x20, 0x22, 0x74, 0x61,
    0x72, 0x67, 0x65, 0x74, 0x52, 0x65, 0x66, 0x65, 0x72, 0x65, 0x6E, 0x63, 0x65, 0x22, 0x3A, 0x20,
    0x7B, 0x0D, 0x0A, 0x20, 0x20, 0x20, 0x20, 0x20, 0x20, 0x20, 0x20, 0x20, 0x20, 0x20, 0x20, 0x22,
    0x6B, 0x69, 0x6E, 0x64, 0x22, 0x3A, 0x20, 0x33, 0x2C, 0x0D, 0x0A, 0x20, 0x20, 0x20, 0x20, 0x20,
    0x20, 0x20, 0x20, 0x20, 0x20, 0x20, 0x20, 0x22, 0x61, 0x73, 0x73, 0x65, 0x6D, 0x62, 0x6C, 0x79,
    0x4E, 0x61, 0x6D, 0x65, 0x22, 0x3A, 0x20, 0x22, 0x53, 0x79, 0x73, 0x74, 0x65, 0x6D, 0x2E, 0x50,
    0x72, 0x69, 0x76, 0x61, 0x74, 0x65, 0x2E, 0x43, 0x6F, 0x72, 0x65, 0x4C, 0x69, 0x62, 0x22, 0x2C,
    0x0D, 0x0A, 0x20, 0x20, 0x20, 0x20, 0x20, 0x20, 0x20, 0x20, 0x20, 0x20, 0x20, 0x20, 0x22, 0x73,
    0x75, 0x62, 0x6A, 0x65, 0x63, 0x74, 0x49, 0x64, 0x22, 0x3A, 0x20, 0x22, 0x53, 0x79, 0x73, 0x74,
    0x65, 0x6D, 0x2E, 0x50, 0x72, 0x69, 0x76, 0x61, 0x74, 0x65, 0x2E, 0x43, 0x6F, 0x72, 0x65, 0x4C,
    0x69, 0x62, 0x2F, 0x53, 0x79, 0x73, 0x74, 0x65, 0x6D, 0x2E, 0x54, 0x79, 0x70, 0x65, 0x3A, 0x3A,
    0x47, 0x65, 0x74, 0x54, 0x79, 0x70, 0x65, 0x46, 0x72, 0x6F, 0x6D, 0x48, 0x61, 0x6E, 0x64, 0x6C,
    0x65, 0x3A, 0x53, 0x79, 0x73, 0x74, 0x65, 0x6D, 0x2E, 0x54, 0x79, 0x70, 0x65, 0x28, 0x53, 0x79,
    0x73, 0x74, 0x65, 0x6D, 0x2E, 0x52, 0x75, 0x6E, 0x74, 0x69, 0x6D, 0x65, 0x54, 0x79, 0x70, 0x65,
    0x48, 0x61, 0x6E, 0x64, 0x6C, 0x65, 0x29, 0x22, 0x2C, 0x0D, 0x0A, 0x20, 0x20, 0x20, 0x20, 0x20,
    0x20, 0x20, 0x20, 0x20, 0x20, 0x20, 0x20, 0x22, 0x74, 0x79, 0x70, 0x65, 0x53, 0x68, 0x61, 0x70,
    0x65, 0x22, 0x3A, 0x20, 0x30, 0x2C, 0x0D, 0x0A, 0x20, 0x20, 0x20, 0x20, 0x20, 0x20, 0x20, 0x20,
    0x20, 0x20, 0x20, 0x20, 0x22, 0x61, 0x72, 0x72, 0x61, 0x79, 0x45, 0x6C, 0x65, 0x6D, 0x65, 0x6E,
    0x74, 0x54, 0x79, 0x70, 0x65, 0x53, 0x68, 0x61, 0x70, 0x65, 0x22, 0x3A, 0x20, 0x30, 0x2C, 0x0D,
    0x0A, 0x20, 0x20, 0x20, 0x20, 0x20, 0x20, 0x20, 0x20, 0x20, 0x20, 0x20, 0x20, 0x22, 0x69, 0x73,
    0x53, 0x65, 0x61, 0x6C, 0x65, 0x64, 0x22, 0x3A, 0x20, 0x66, 0x61, 0x6C, 0x73, 0x65, 0x2C, 0x0D,
    0x0A, 0x20, 0x20, 0x20, 0x20, 0x20, 0x20, 0x20, 0x20, 0x20, 0x20, 0x20, 0x20, 0x22, 0x69, 0x73,
    0x43, 0x6F, 0x6D, 0x49, 0x6D, 0x70, 0x6F, 0x72, 0x74, 0x22, 0x3A, 0x20, 0x66, 0x61, 0x6C, 0x73,
    0x65, 0x2C, 0x0D, 0x0A, 0x20, 0x20, 0x20, 0x20, 0x20, 0x20, 0x20, 0x20, 0x20, 0x20, 0x20, 0x20,
    0x22, 0x63, 0x6F, 0x6D, 0x49, 0x6E, 0x74, 0x65, 0x72, 0x66, 0x61, 0x63, 0x65, 0x54, 0x79, 0x70,
    0x65, 0x4B, 0x69, 0x6E, 0x64, 0x22, 0x3A, 0x20, 0x30, 0x2C, 0x0D, 0x0A, 0x20, 0x20, 0x20, 0x20,
    0x20, 0x20, 0x20, 0x20, 0x20, 0x20, 0x20, 0x20, 0x22, 0x64, 0x65, 0x63, 0x6C, 0x61, 0x72, 0x69,
    0x6E, 0x67, 0x54, 0x79, 0x70, 0x65, 0x53, 0x68, 0x61, 0x70, 0x65, 0x22, 0x3A, 0x20, 0x30, 0x0D,
    0x0A, 0x20, 0x20, 0x20, 0x20, 0x20, 0x20, 0x20, 0x20, 0x20, 0x20, 0x7D, 0x2C, 0x0D, 0x0A, 0x20,
    0x20, 0x20, 0x20, 0x20, 0x20, 0x20, 0x20, 0x20, 0x20, 0x22, 0x64, 0x69, 0x73, 0x70, 0x61, 0x74,
    0x63, 0x68, 0x4B, 0x69, 0x6E, 0x64, 0x43, 0x6F, 0x64, 0x65, 0x22, 0x3A, 0x20, 0x34, 0x2C, 0x0D,
    0x0A, 0x20, 0x20, 0x20, 0x20, 0x20, 0x20, 0x20, 0x20, 0x20, 0x20, 0x22, 0x69, 0x73, 0x50, 0x72,
    0x65, 0x73, 0x65, 0x72, 0x76, 0x65, 0x53, 0x69, 0x67, 0x22, 0x3A, 0x20, 0x66, 0x61, 0x6C, 0x73,
    0x65, 0x0D, 0x0A, 0x20, 0x20, 0x20, 0x20, 0x20, 0x20, 0x20, 0x20, 0x7D, 0x2C, 0x0D, 0x0A, 0x20,
    0x20, 0x20, 0x20, 0x20, 0x20, 0x20, 0x20, 0x7B, 0x0D, 0x0A, 0x20, 0x20, 0x20, 0x20, 0x20, 0x20,
    0x20, 0x20, 0x20, 0x20, 0x22, 0x6F, 0x70, 0x22, 0x3A, 0x20, 0x22, 0x63, 0x61, 0x6C, 0x6C, 0x22,
    0x2C, 0x0D, 0x0A, 0x20, 0x20, 0x20, 0x20, 0x20, 0x20, 0x20, 0x20, 0x20, 0x20, 0x22, 0x6F, 0x70,
    0x43, 0x6F, 0x64, 0x65, 0x22, 0x3A, 0x20, 0x31, 0x34, 0x2C, 0x0D, 0x0A, 0x20, 0x20, 0x20, 0x20,
    0x20, 0x20, 0x20, 0x20, 0x20, 0x20, 0x22, 0x69, 0x6C, 0x4F, 0x66, 0x66, 0x73, 0x65, 0x74, 0x22,
    0x3A, 0x20, 0x32, 0x36, 0x2C, 0x0D, 0x0A, 0x20, 0x20, 0x20, 0x20, 0x20, 0x20, 0x20, 0x20, 0x20,
    0x20, 0x22, 0x72, 0x65, 0x73, 0x75, 0x6C, 0x74, 0x54, 0x79, 0x70, 0x65, 0x22, 0x3A, 0x20, 0x22,
    0x53, 0x79, 0x73, 0x74, 0x65, 0x6D, 0x2E, 0x43, 0x6F, 0x6C, 0x6C, 0x65, 0x63, 0x74, 0x69, 0x6F,
    0x6E, 0x73, 0x2E, 0x47, 0x65, 0x6E, 0x65, 0x72, 0x69, 0x63, 0x2E, 0x49, 0x45, 0x6E, 0x75, 0x6D,
    0x65, 0x72, 0x61, 0x62, 0x6C, 0x65, 0x5C, 0x75, 0x30, 0x30, 0x33, 0x43, 0x53, 0x79, 0x73, 0x74,
    0x65, 0x6D, 0x2E, 0x41, 0x74, 0x74, 0x72, 0x69, 0x62, 0x75, 0x74, 0x65, 0x5C, 0x75, 0x30, 0x30,
    0x33, 0x45, 0x22, 0x2C, 0x0D, 0x0A, 0x20, 0x20, 0x20, 0x20, 0x20, 0x20, 0x20, 0x20, 0x20, 0x20,
    0x22, 0x63, 0x61, 0x6C, 0x6C, 0x65, 0x65, 0x22, 0x3A, 0x20, 0x22, 0x53, 0x79, 0x73, 0x74, 0x65,
    0x6D, 0x2E, 0x50, 0x72, 0x69, 0x76, 0x61, 0x74, 0x65, 0x2E, 0x43, 0x6F, 0x72, 0x65, 0x4C, 0x69,
    0x62, 0x2F, 0x53, 0x79, 0x73, 0x74, 0x65, 0x6D, 0x2E, 0x52, 0x65, 0x66, 0x6C, 0x65, 0x63, 0x74,
    0x69, 0x6F, 0x6E, 0x2E, 0x43, 0x75, 0x73, 0x74, 0x6F, 0x6D, 0x41, 0x74, 0x74, 0x72, 0x69, 0x62,
    0x75, 0x74, 0x65, 0x45, 0x78, 0x74, 0x65, 0x6E, 0x73, 0x69, 0x6F, 0x6E, 0x73, 0x3A, 0x3A, 0x47,
    0x65, 0x74, 0x43, 0x75, 0x73, 0x74, 0x6F, 0x6D, 0x41, 0x74, 0x74, 0x72, 0x69, 0x62, 0x75, 0x74,
    0x65, 0x73, 0x3A, 0x53, 0x79, 0x73, 0x74, 0x65, 0x6D, 0x2E, 0x43, 0x6F, 0x6C, 0x6C, 0x65, 0x63,
    0x74, 0x69, 0x6F, 0x6E, 0x73, 0x2E, 0x47, 0x65, 0x6E, 0x65, 0x72, 0x69, 0x63, 0x2E, 0x49, 0x45,
    0x6E, 0x75, 0x6D, 0x65, 0x72, 0x61, 0x62, 0x6C, 0x65, 0x5C, 0x75, 0x30, 0x30, 0x33, 0x43, 0x53,
    0x79, 0x73, 0x74, 0x65, 0x6D, 0x2E, 0x41, 0x74, 0x74, 0x72, 0x69, 0x62, 0x75, 0x74, 0x65, 0x5C,
    0x75, 0x30, 0x30, 0x33, 0x45, 0x28, 0x53, 0x79, 0x73, 0x74, 0x65, 0x6D, 0x2E, 0x52, 0x65, 0x66,
    0x6C, 0x65, 0x63, 0x74, 0x69, 0x6F, 0x6E, 0x2E, 0x41, 0x73, 0x73, 0x65, 0x6D, 0x62, 0x6C, 0x79,
    0x2C, 0x53, 0x79, 0x73, 0x74, 0x65, 0x6D, 0x2E, 0x54, 0x79, 0x70, 0x65, 0x29, 0x22, 0x2C, 0x0D,
    0x0A, 0x20, 0x20, 0x20, 0x20, 0x20, 0x20, 0x20, 0x20, 0x20, 0x20, 0x22, 0x72, 0x65, 0x66, 0x65,
    0x72, 0x65, 0x6E, 0x63, 0x65, 0x22, 0x3A, 0x20, 0x7B, 0x0D, 0x0A, 0x20, 0x20, 0x20, 0x20, 0x20,
    0x20, 0x20, 0x20, 0x20, 0x20, 0x20, 0x20, 0x22, 0x61, 0x73, 0x73, 0x65, 0x6D, 0x62, 0x6C, 0x79,
    0x4E, 0x61, 0x6D, 0x65, 0x22, 0x3A, 0x20, 0x22, 0x53, 0x79, 0x73, 0x74, 0x65, 0x6D, 0x2E, 0x50,
    0x72, 0x69, 0x76, 0x61, 0x74, 0x65, 0x2E, 0x43, 0x6F, 0x72, 0x65, 0x4C, 0x69, 0x62, 0x22, 0x2C,
    0x0D, 0x0A, 0x20, 0x20, 0x20, 0x20, 0x20, 0x20, 0x20, 0x20, 0x20, 0x20, 0x20, 0x20, 0x22, 0x73,
    0x75, 0x62, 0x6A, 0x65, 0x63, 0x74, 0x4B, 0x69, 0x6E, 0x64, 0x22, 0x3A, 0x20, 0x22, 0x6D, 0x65,
    0x74, 0x68, 0x6F, 0x64, 0x22, 0x2C, 0x0D, 0x0A, 0x20, 0x20, 0x20, 0x20, 0x20, 0x20, 0x20, 0x20,
    0x20, 0x20, 0x20, 0x20, 0x22, 0x73, 0x75, 0x62, 0x6A, 0x65, 0x63, 0x74, 0x49, 0x64, 0x22, 0x3A,
    0x20, 0x22, 0x53, 0x79, 0x73, 0x74, 0x65, 0x6D, 0x2E, 0x50, 0x72, 0x69, 0x76, 0x61, 0x74, 0x65,
    0x2E, 0x43, 0x6F, 0x72, 0x65, 0x4C, 0x69, 0x62, 0x2F, 0x53, 0x79, 0x73, 0x74, 0x65, 0x6D, 0x2E,
    0x52, 0x65, 0x66, 0x6C, 0x65, 0x63, 0x74, 0x69, 0x6F, 0x6E, 0x2E, 0x43, 0x75, 0x73, 0x74, 0x6F,
    0x6D, 0x41, 0x74, 0x74, 0x72, 0x69, 0x62, 0x75, 0x74, 0x65, 0x45, 0x78, 0x74, 0x65, 0x6E, 0x73,
    0x69, 0x6F, 0x6E, 0x73, 0x3A, 0x3A, 0x47, 0x65, 0x74, 0x43, 0x75, 0x73, 0x74, 0x6F, 0x6D, 0x41,
    0x74, 0x74, 0x72, 0x69, 0x62, 0x75, 0x74, 0x65, 0x73, 0x3A, 0x53, 0x79, 0x73, 0x74, 0x65, 0x6D,
    0x2E, 0x43, 0x6F, 0x6C, 0x6C, 0x65, 0x63, 0x74, 0x69, 0x6F, 0x6E, 0x73, 0x2E, 0x47, 0x65, 0x6E,
    0x65, 0x72, 0x69, 0x63, 0x2E, 0x49, 0x45, 0x6E, 0x75, 0x6D, 0x65, 0x72, 0x61, 0x62, 0x6C, 0x65,
    0x5C, 0x75, 0x30, 0x30, 0x33, 0x43, 0x53, 0x79, 0x73, 0x74, 0x65, 0x6D, 0x2E, 0x41, 0x74, 0x74,
    0x72, 0x69, 0x62, 0x75, 0x74, 0x65, 0x5C, 0x75, 0x30, 0x30, 0x33, 0x45, 0x28, 0x53, 0x79, 0x73,
    0x74, 0x65, 0x6D, 0x2E, 0x52, 0x65, 0x66, 0x6C, 0x65, 0x63, 0x74, 0x69, 0x6F, 0x6E, 0x2E, 0x41,
    0x73, 0x73, 0x65, 0x6D, 0x62, 0x6C, 0x79, 0x2C, 0x53, 0x79, 0x73, 0x74, 0x65, 0x6D, 0x2E, 0x54,
    0x79, 0x70, 0x65, 0x29, 0x22, 0x0D, 0x0A, 0x20, 0x20, 0x20, 0x20, 0x20, 0x20, 0x20, 0x20, 0x20,
    0x20, 0x7D, 0x2C, 0x0D, 0x0A, 0x20, 0x20, 0x20, 0x20, 0x20, 0x20, 0x20, 0x20, 0x20, 0x20, 0x22,
    0x74, 0x61, 0x72, 0x67, 0x65, 0x74, 0x52, 0x65, 0x66, 0x65, 0x72, 0x65, 0x6E, 0x63, 0x65, 0x22,
    0x3A, 0x20, 0x7B, 0x0D, 0x0A, 0x20, 0x20, 0x20, 0x20, 0x20, 0x20, 0x20, 0x20, 0x20, 0x20, 0x20,
    0x20, 0x22, 0x6B, 0x69, 0x6E, 0x64, 0x22, 0x3A, 0x20, 0x33, 0x2C, 0x0D, 0x0A, 0x20, 0x20, 0x20,
    0x20, 0x20, 0x20, 0x20, 0x20, 0x20, 0x20, 0x20, 0x20, 0x22, 0x61, 0x73, 0x73, 0x65, 0x6D, 0x62,
    0x6C, 0x79, 0x4E, 0x61, 0x6D, 0x65, 0x22, 0x3A, 0x20, 0x22, 0x53, 0x79, 0x73, 0x74, 0x65, 0x6D,
    0x2E, 0x50, 0x72, 0x69, 0x76, 0x61, 0x74, 0x65, 0x2E, 0x43, 0x6F, 0x72, 0x65, 0x4C, 0x69, 0x62,
    0x22, 0x2C, 0x0D, 0x0A, 0x20, 0x20, 0x20, 0x20, 0x20, 0x20, 0x20, 0x20, 0x20, 0x20, 0x20, 0x20,
    0x22, 0x73, 0x75, 0x62, 0x6A, 0x65, 0x63, 0x74, 0x49, 0x64, 0x22, 0x3A, 0x20, 0x22, 0x53, 0x79,
    0x73, 0x74, 0x65, 0x6D, 0x2E, 0x50, 0x72, 0x69, 0x76, 0x61, 0x74, 0x65, 0x2E, 0x43, 0x6F, 0x72,
    0x65, 0x4C, 0x69, 0x62, 0x2F, 0x53, 0x79, 0x73, 0x74, 0x65, 0x6D, 0x2E, 0x52, 0x65, 0x66, 0x6C,
    0x65, 0x63, 0x74, 0x69, 0x6F, 0x6E, 0x2E, 0x43, 0x75, 0x73, 0x74, 0x6F, 0x6D, 0x41, 0x74, 0x74,
    0x72, 0x69, 0x62, 0x75, 0x74, 0x65, 0x45, 0x78, 0x74, 0x65, 0x6E, 0x73, 0x69, 0x6F, 0x6E, 0x73,
    0x3A, 0x3A, 0x47, 0x65, 0x74, 0x43, 0x75, 0x73, 0x74, 0x6F, 0x6D, 0x41, 0x74, 0x74, 0x72, 0x69,
    0x62, 0x75, 0x74, 0x65, 0x73, 0x3A, 0x53, 0x79, 0x73, 0x74, 0x65, 0x6D, 0x2E, 0x43, 0x6F, 0x6C,
    0x6C, 0x65, 0x63, 0x74, 0x69, 0x6F, 0x6E, 0x73, 0x2E, 0x47, 0x65, 0x6E, 0x65, 0x72, 0x69, 0x63,
    0x2E, 0x49, 0x45, 0x6E, 0x75, 0x6D, 0x65, 0x72, 0x61, 0x62, 0x6C, 0x65, 0x5C, 0x75, 0x30, 0x30,
    0x33, 0x43, 0x53, 0x79, 0x73, 0x74, 0x65, 0x6D, 0x2E, 0x41, 0x74, 0x74, 0x72, 0x69, 0x62, 0x75,
    0x74, 0x65, 0x5C, 0x75, 0x30, 0x30, 0x33, 0x45, 0x28, 0x53, 0x79, 0x73, 0x74, 0x65, 0x6D, 0x2E,
    0x52, 0x65, 0x66, 0x6C, 0x65, 0x63, 0x74, 0x69, 0x6F, 0x6E, 0x2E, 0x41, 0x73, 0x73, 0x65, 0x6D,
    0x62, 0x6C, 0x79, 0x2C, 0x53, 0x79, 0x73, 0x74, 0x65, 0x6D, 0x2E, 0x54, 0x79, 0x70, 0x65, 0x29,
    0x22, 0x2C, 0x0D, 0x0A, 0x20, 0x20, 0x20, 0x20, 0x20, 0x20, 0x20, 0x20, 0x20, 0x20, 0x20, 0x20,
    0x22, 0x74, 0x79, 0x70, 0x65, 0x53, 0x68, 0x61, 0x70, 0x65, 0x22, 0x3A, 0x20, 0x30, 0x2C, 0x0D,
    0x0A, 0x20, 0x20, 0x20, 0x20, 0x20, 0x20, 0x20, 0x20, 0x20, 0x20, 0x20, 0x20, 0x22, 0x61, 0x72,
    0x72, 0x61, 0x79, 0x45, 0x6C, 0x65, 0x6D, 0x65, 0x6E, 0x74, 0x54, 0x79, 0x70, 0x65, 0x53, 0x68,
    0x61, 0x70, 0x65, 0x22, 0x3A, 0x20, 0x30, 0x2C, 0x0D, 0x0A, 0x20, 0x20, 0x20, 0x20, 0x20, 0x20,
    0x20, 0x20, 0x20, 0x20, 0x20, 0x20, 0x22, 0x69, 0x73, 0x53, 0x65, 0x61, 0x6C, 0x65, 0x64, 0x22,
    0x3A, 0x20, 0x66, 0x61, 0x6C, 0x73, 0x65, 0x2C, 0x0D, 0x0A, 0x20, 0x20, 0x20, 0x20, 0x20, 0x20,
    0x20, 0x20, 0x20, 0x20, 0x20, 0x20, 0x22, 0x69, 0x73, 0x43, 0x6F, 0x6D, 0x49, 0x6D, 0x70, 0x6F,
    0x72, 0x74, 0x22, 0x3A, 0x20, 0x66, 0x61, 0x6C, 0x73, 0x65, 0x2C, 0x0D, 0x0A, 0x20, 0x20, 0x20,
    0x20, 0x20, 0x20, 0x20, 0x20, 0x20, 0x20, 0x20, 0x20, 0x22, 0x63, 0x6F, 0x6D, 0x49, 0x6E, 0x74,
    0x65, 0x72, 0x66, 0x61, 0x63, 0x65, 0x54, 0x79, 0x70, 0x65, 0x4B, 0x69, 0x6E, 0x64, 0x22, 0x3A,
    0x20, 0x30, 0x2C, 0x0D, 0x0A, 0x20, 0x20, 0x20, 0x20, 0x20, 0x20, 0x20, 0x20, 0x20, 0x20, 0x20,
    0x20, 0x22, 0x64, 0x65, 0x63, 0x6C, 0x61, 0x72, 0x69, 0x6E, 0x67, 0x54, 0x79, 0x70, 0x65, 0x53,
    0x68, 0x61, 0x70, 0x65, 0x22, 0x3A, 0x20, 0x30, 0x0D, 0x0A, 0x20, 0x20, 0x20, 0x20, 0x20, 0x20,
    0x20, 0x20, 0x20, 0x20, 0x7D, 0x2C, 0x0D, 0x0A, 0x20, 0x20, 0x20, 0x20, 0x20, 0x20, 0x20, 0x20,
    0x20, 0x20, 0x22, 0x64, 0x69, 0x73, 0x70, 0x61, 0x74, 0x63, 0x68, 0x4B, 0x69, 0x6E, 0x64, 0x43,
    0x6F, 0x64, 0x65, 0x22, 0x3A, 0x20, 0x34, 0x2C, 0x0D, 0x0A, 0x20, 0x20, 0x20, 0x20, 0x20, 0x20,
    0x20, 0x20, 0x20, 0x20, 0x22, 0x69, 0x73, 0x50, 0x72, 0x65, 0x73, 0x65, 0x72, 0x76, 0x65, 0x53,
    0x69, 0x67, 0x22, 0x3A, 0x20, 0x66, 0x61, 0x6C, 0x73, 0x65, 0x0D, 0x0A, 0x20, 0x20, 0x20, 0x20,
    0x20, 0x20, 0x20, 0x20, 0x7D, 0x2C, 0x0D, 0x0A, 0x20, 0x20, 0x20, 0x20, 0x20, 0x20, 0x20, 0x20,
    0x7B, 0x0D, 0x0A, 0x20, 0x20, 0x20, 0x20, 0x20, 0x20, 0x20, 0x20, 0x20, 0x20, 0x22, 0x6F, 0x70,
    0x22, 0x3A, 0x20, 0x22, 0x63, 0x61, 0x6C, 0x6C, 0x22, 0x2C, 0x0D, 0x0A, 0x20, 0x20, 0x20, 0x20,
    0x20, 0x20, 0x20, 0x20, 0x20, 0x20, 0x22, 0x6F, 0x70, 0x43, 0x6F, 0x64, 0x65, 0x22, 0x3A, 0x20,
    0x31, 0x34, 0x2C, 0x0D, 0x0A, 0x20, 0x20, 0x20, 0x20, 0x20, 0x20, 0x20, 0x20, 0x20, 0x20, 0x22,
    0x69, 0x6C, 0x4F, 0x66, 0x66, 0x73, 0x65, 0x74, 0x22, 0x3A, 0x20, 0x33, 0x31, 0x2C, 0x0D, 0x0A,
    0x20, 0x20, 0x20, 0x20, 0x20, 0x20, 0x20, 0x20, 0x20, 0x20, 0x22, 0x72, 0x65, 0x73, 0x75, 0x6C,
    0x74, 0x54, 0x79, 0x70, 0x65, 0x22, 0x3A, 0x20, 0x22, 0x53, 0x79, 0x73, 0x74, 0x65, 0x6D, 0x2E,
    0x43, 0x6F, 0x6C, 0x6C, 0x65, 0x63, 0x74, 0x69, 0x6F, 0x6E, 0x73, 0x2E, 0x47, 0x65, 0x6E, 0x65,
    0x72, 0x69, 0x63, 0x2E, 0x49, 0x45, 0x6E, 0x75, 0x6D, 0x65, 0x72, 0x61, 0x62, 0x6C, 0x65, 0x5C,
    0x75, 0x30, 0x30, 0x33, 0x43, 0x53, 0x79, 0x73, 0x74, 0x65, 0x6D, 0x2E, 0x41, 0x74, 0x74, 0x72,
    0x69, 0x62, 0x75, 0x74, 0x65, 0x5C, 0x75, 0x30, 0x30, 0x33, 0x45, 0x22, 0x2C, 0x0D, 0x0A, 0x20,
    0x20, 0x20, 0x20, 0x20, 0x20, 0x20, 0x20, 0x20, 0x20, 0x22, 0x63, 0x61, 0x6C, 0x6C, 0x65, 0x65,
    0x22, 0x3A, 0x20, 0x22, 0x53, 0x79, 0x73, 0x74, 0x65, 0x6D, 0x2E, 0x4C, 0x69, 0x6E, 0x71, 0x2F,
    0x45, 0x6E, 0x75, 0x6D, 0x65, 0x72, 0x61, 0x62, 0x6C, 0x65, 0x3A, 0x3A, 0x43, 0x61, 0x73, 0x74,
    0x5C, 0x75, 0x30, 0x30, 0x33, 0x43, 0x53, 0x79, 0x73, 0x74, 0x65, 0x6D, 0x2E, 0x41, 0x74, 0x74,
    0x72, 0x69, 0x62, 0x75, 0x74, 0x65, 0x5C, 0x75, 0x30, 0x30, 0x33, 0x45, 0x3A, 0x53, 0x79, 0x73,
    0x74, 0x65, 0x6D, 0x2E, 0x43, 0x6F, 0x6C, 0x6C, 0x65, 0x63, 0x74, 0x69, 0x6F, 0x6E, 0x73, 0x2E,
    0x47, 0x65, 0x6E, 0x65, 0x72, 0x69, 0x63, 0x2E, 0x49, 0x45, 0x6E, 0x75, 0x6D, 0x65, 0x72, 0x61,
    0x62, 0x6C, 0x65, 0x5C, 0x75, 0x30, 0x30, 0x33, 0x43, 0x53, 0x79, 0x73, 0x74, 0x65, 0x6D, 0x2E,
    0x41, 0x74, 0x74, 0x72, 0x69, 0x62, 0x75, 0x74, 0x65, 0x5C, 0x75, 0x30, 0x30, 0x33, 0x45, 0x28,
    0x53, 0x79, 0x73, 0x74, 0x65, 0x6D, 0x2E, 0x43, 0x6F, 0x6C, 0x6C, 0x65, 0x63, 0x74, 0x69, 0x6F,
    0x6E, 0x73, 0x2E, 0x49, 0x45, 0x6E, 0x75, 0x6D, 0x65, 0x72, 0x61, 0x62, 0x6C, 0x65, 0x29, 0x22,
    0x2C, 0x0D, 0x0A, 0x20, 0x20, 0x20, 0x20, 0x20, 0x20, 0x20, 0x20, 0x20, 0x20, 0x22, 0x72, 0x65,
    0x66, 0x65, 0x72, 0x65, 0x6E, 0x63, 0x65, 0x22, 0x3A, 0x20, 0x7B, 0x0D, 0x0A, 0x20, 0x20, 0x20,
    0x20, 0x20, 0x20, 0x20, 0x20, 0x20, 0x20, 0x20, 0x20, 0x22, 0x61, 0x73, 0x73, 0x65, 0x6D, 0x62,
    0x6C, 0x79, 0x4E, 0x61, 0x6D, 0x65, 0x22, 0x3A, 0x20, 0x22, 0x53, 0x79, 0x73, 0x74, 0x65, 0x6D,
    0x2E, 0x4C, 0x69, 0x6E, 0x71, 0x22, 0x2C, 0x0D, 0x0A, 0x20, 0x20, 0x20, 0x20, 0x20, 0x20, 0x20,
    0x20, 0x20, 0x20, 0x20, 0x20, 0x22, 0x73, 0x75, 0x62, 0x6A, 0x65, 0x63, 0x74, 0x4B, 0x69, 0x6E,
    0x64, 0x22, 0x3A, 0x20, 0x22, 0x6D, 0x65, 0x74, 0x68, 0x6F, 0x64, 0x22, 0x2C, 0x0D, 0x0A, 0x20,
    0x20, 0x20, 0x20, 0x20, 0x20, 0x20, 0x20, 0x20, 0x20, 0x20, 0x20, 0x22, 0x73, 0x75, 0x62, 0x6A,
    0x65, 0x63, 0x74, 0x49, 0x64, 0x22, 0x3A, 0x20, 0x22, 0x53, 0x79, 0x73, 0x74, 0x65, 0x6D, 0x2E,
    0x4C, 0x69, 0x6E, 0x71, 0x2F, 0x45, 0x6E, 0x75, 0x6D, 0x65, 0x72, 0x61, 0x62, 0x6C, 0x65, 0x3A,
    0x3A, 0x43, 0x61, 0x73, 0x74, 0x5C, 0x75, 0x30, 0x30, 0x33, 0x43, 0x53, 0x79, 0x73, 0x74, 0x65,
    0x6D, 0x2E, 0x41, 0x74, 0x74, 0x72, 0x69, 0x62, 0x75, 0x74, 0x65, 0x5C, 0x75, 0x30, 0x30, 0x33,
    0x45, 0x3A, 0x53, 0x79, 0x73, 0x74, 0x65, 0x6D, 0x2E, 0x43, 0x6F, 0x6C, 0x6C, 0x65, 0x63, 0x74,
    0x69, 0x6F, 0x6E, 0x73, 0x2E, 0x47, 0x65, 0x6E, 0x65, 0x72, 0x69, 0x63, 0x2E, 0x49, 0x45, 0x6E,
    0x75, 0x6D, 0x65, 0x72, 0x61, 0x62, 0x6C, 0x65, 0x5C, 0x75, 0x30, 0x30, 0x33, 0x43, 0x53, 0x79,
    0x73, 0x74, 0x65, 0x6D, 0x2E, 0x41, 0x74, 0x74, 0x72, 0x69, 0x62, 0x75, 0x74, 0x65, 0x5C, 0x75,
    0x30, 0x30, 0x33, 0x45, 0x28, 0x53, 0x79, 0x73, 0x74, 0x65, 0x6D, 0x2E, 0x43, 0x6F, 0x6C, 0x6C,
    0x65, 0x63, 0x74, 0x69, 0x6F, 0x6E, 0x73, 0x2E, 0x49, 0x45, 0x6E, 0x75, 0x6D, 0x65, 0x72, 0x61,
    0x62, 0x6C, 0x65, 0x29, 0x22, 0x0D, 0x0A, 0x20, 0x20, 0x20, 0x20, 0x20, 0x20, 0x20, 0x20, 0x20,
    0x20, 0x7D, 0x2C, 0x0D, 0x0A, 0x20, 0x20, 0x20, 0x20, 0x20, 0x20, 0x20, 0x20, 0x20, 0x20, 0x22,
    0x74, 0x61, 0x72, 0x67, 0x65, 0x74, 0x52, 0x65, 0x66, 0x65, 0x72, 0x65, 0x6E, 0x63, 0x65, 0x22,
    0x3A, 0x20, 0x7B, 0x0D, 0x0A, 0x20, 0x20, 0x20, 0x20, 0x20, 0x20, 0x20, 0x20, 0x20, 0x20, 0x20,
    0x20, 0x22, 0x6B, 0x69, 0x6E, 0x64, 0x22, 0x3A, 0x20, 0x33, 0x2C, 0x0D, 0x0A, 0x20, 0x20, 0x20,
    0x20, 0x20, 0x20, 0x20, 0x20, 0x20, 0x20, 0x20, 0x20, 0x22, 0x61, 0x73, 0x73, 0x65, 0x6D, 0x62,
    0x6C, 0x79, 0x4E, 0x61, 0x6D, 0x65, 0x22, 0x3A, 0x20, 0x22, 0x53, 0x79, 0x73, 0x74, 0x65, 0x6D,
    0x2E, 0x4C, 0x69, 0x6E, 0x71, 0x22, 0x2C, 0x0D, 0x0A, 0x20, 0x20, 0x20, 0x20, 0x20, 0x20, 0x20,
    0x20, 0x20, 0x20, 0x20, 0x20, 0x22, 0x73, 0x75, 0x62, 0x6A, 0x65, 0x63, 0x74, 0x49, 0x64, 0x22,
    0x3A, 0x20, 0x22, 0x53, 0x79, 0x73, 0x74, 0x65, 0x6D, 0x2E, 0x4C, 0x69, 0x6E, 0x71, 0x2F, 0x45,
    0x6E, 0x75, 0x6D, 0x65, 0x72, 0x61, 0x62, 0x6C, 0x65, 0x3A, 0x3A, 0x43, 0x61, 0x73, 0x74, 0x5C,
    0x75, 0x30, 0x30, 0x33, 0x43, 0x53, 0x79, 0x73, 0x74, 0x65, 0x6D, 0x2E, 0x41, 0x74, 0x74, 0x72,
    0x69, 0x62, 0x75, 0x74, 0x65, 0x5C, 0x75, 0x30, 0x30, 0x33, 0x45, 0x3A, 0x53, 0x79, 0x73, 0x74,
    0x65, 0x6D, 0x2E, 0x43, 0x6F, 0x6C, 0x6C, 0x65, 0x63, 0x74, 0x69, 0x6F, 0x6E, 0x73, 0x2E, 0x47,
    0x65, 0x6E, 0x65, 0x72, 0x69, 0x63, 0x2E, 0x49, 0x45, 0x6E, 0x75, 0x6D, 0x65, 0x72, 0x61, 0x62,
    0x6C, 0x65, 0x5C, 0x75, 0x30, 0x30, 0x33, 0x43, 0x53, 0x79, 0x73, 0x74, 0x65, 0x6D, 0x2E, 0x41,
    0x74, 0x74, 0x72, 0x69, 0x62, 0x75, 0x74, 0x65, 0x5C, 0x75, 0x30, 0x30, 0x33, 0x45, 0x28, 0x53,
    0x79, 0x73, 0x74, 0x65, 0x6D, 0x2E, 0x43, 0x6F, 0x6C, 0x6C, 0x65, 0x63, 0x74, 0x69, 0x6F, 0x6E,
    0x73, 0x2E, 0x49, 0x45, 0x6E, 0x75, 0x6D, 0x65, 0x72, 0x61, 0x62, 0x6C, 0x65, 0x29, 0x22, 0x2C,
    0x0D, 0x0A, 0x20, 0x20, 0x20, 0x20, 0x20, 0x20, 0x20, 0x20, 0x20, 0x20, 0x20, 0x20, 0x22, 0x6F,
    0x70, 0x65, 0x6E, 0x44, 0x65, 0x66, 0x69, 0x6E, 0x69, 0x74, 0x69, 0x6F, 0x6E, 0x53, 0x75, 0x62,
    0x6A, 0x65, 0x63, 0x74, 0x49, 0x64, 0x22, 0x3A, 0x20, 0x22, 0x53, 0x79, 0x73, 0x74, 0x65, 0x6D,
    0x2E, 0x4C, 0x69, 0x6E, 0x71, 0x2F, 0x45, 0x6E, 0x75, 0x6D, 0x65, 0x72, 0x61, 0x62, 0x6C, 0x65,
    0x3A, 0x3A, 0x43, 0x61, 0x73, 0x74, 0x3A, 0x53, 0x79, 0x73, 0x74, 0x65, 0x6D, 0x2E, 0x43, 0x6F,
    0x6C, 0x6C, 0x65, 0x63, 0x74, 0x69, 0x6F, 0x6E, 0x73, 0x2E, 0x47, 0x65, 0x6E, 0x65, 0x72, 0x69,
    0x63, 0x2E, 0x49, 0x45, 0x6E, 0x75, 0x6D, 0x65, 0x72, 0x61, 0x62, 0x6C, 0x65, 0x5C, 0x75, 0x30,
    0x30, 0x33, 0x43, 0x21, 0x21, 0x30, 0x5C, 0x75, 0x30, 0x30, 0x33, 0x45, 0x28, 0x53, 0x79, 0x73,
    0x74, 0x65, 0x6D, 0x2E, 0x43, 0x6F, 0x6C, 0x6C, 0x65, 0x63, 0x74, 0x69, 0x6F, 0x6E, 0x73, 0x2E,
    0x49, 0x45, 0x6E, 0x75, 0x6D, 0x65, 0x72, 0x61, 0x62, 0x6C, 0x65, 0x29, 0x22, 0x2C, 0x0D, 0x0A,
    0x20, 0x20, 0x20, 0x20, 0x20, 0x20, 0x20, 0x20, 0x20, 0x20, 0x20, 0x20, 0x22, 0x73, 0x68, 0x61,
    0x72, 0x65, 0x64, 0x47, 0x65, 0x6E, 0x65, 0x72, 0x69, 0x63, 0x42, 0x6F, 0x64, 0x79, 0x49, 0x64,
    0x22, 0x3A, 0x20, 0x7B, 0x0D, 0x0A, 0x20, 0x20, 0x20, 0x20, 0x20, 0x20, 0x20, 0x20, 0x20, 0x20,
    0x20, 0x20, 0x20, 0x20, 0x22, 0x76, 0x61, 0x6C, 0x75, 0x65, 0x22, 0x3A, 0x20, 0x22, 0x62, 0x6F,
    0x64, 0x79, 0x3A, 0x64, 0x65, 0x66, 0x69, 0x6E, 0x69, 0x74, 0x69, 0x6F, 0x6E, 0x3D, 0x53, 0x79,
    0x73, 0x74, 0x65, 0x6D, 0x2E, 0x4C, 0x69, 0x6E, 0x71, 0x2F, 0x45, 0x6E, 0x75, 0x6D, 0x65, 0x72,
    0x61, 0x62, 0x6C, 0x65, 0x3A, 0x3A, 0x43, 0x61, 0x73, 0x74, 0x3A, 0x53, 0x79, 0x73, 0x74, 0x65,
    0x6D, 0x2E, 0x43, 0x6F, 0x6C, 0x6C, 0x65, 0x63, 0x74, 0x69, 0x6F, 0x6E, 0x73, 0x2E, 0x47, 0x65,
    0x6E, 0x65, 0x72, 0x69, 0x63, 0x2E, 0x49, 0x45, 0x6E, 0x75, 0x6D, 0x65, 0x72, 0x61, 0x62, 0x6C,
    0x65, 0x5C, 0x75, 0x30, 0x30, 0x33, 0x43, 0x21, 0x21, 0x30, 0x5C, 0x75, 0x30, 0x30, 0x33, 0x45,
    0x28, 0x53, 0x79, 0x73, 0x74, 0x65, 0x6D, 0x2E, 0x43, 0x6F, 0x6C, 0x6C, 0x65, 0x63, 0x74, 0x69,
    0x6F, 0x6E, 0x73, 0x2E, 0x49, 0x45, 0x6E, 0x75, 0x6D, 0x65, 0x72, 0x61, 0x62, 0x6C, 0x65, 0x29,
    0x3B, 0x74, 0x79, 0x70, 0x65, 0x3D, 0x5B, 0x5D, 0x3B, 0x6D, 0x65, 0x74, 0x68, 0x6F, 0x64, 0x3D,
    0x5B, 0x53, 0x79, 0x73, 0x74, 0x65, 0x6D, 0x2E, 0x41, 0x74, 0x74, 0x72, 0x69, 0x62, 0x75, 0x74,
    0x65, 0x5D, 0x22, 0x0D, 0x0A, 0x20, 0x20, 0x20, 0x20, 0x20, 0x20, 0x20, 0x20, 0x20, 0x20, 0x20,
    0x20, 0x7D, 0x2C, 0x0D, 0x0A, 0x20, 0x20, 0x20, 0x20, 0x20, 0x20, 0x20, 0x20, 0x20, 0x20, 0x20,
    0x20, 0x22, 0x69, 0x6E, 0x73, 0x74, 0x61, 0x6E, 0x74, 0x69, 0x61, 0x74, 0x69, 0x6F, 0x6E, 0x53,
    0x74, 0x75, 0x62, 0x49, 0x64, 0x22, 0x3A, 0x20, 0x7B, 0x0D, 0x0A, 0x20, 0x20, 0x20, 0x20, 0x20,
    0x20, 0x20, 0x20, 0x20, 0x20, 0x20, 0x20, 0x20, 0x20, 0x22, 0x76, 0x61, 0x6C, 0x75, 0x65, 0x22,
    0x3A, 0x20, 0x22, 0x73, 0x74, 0x75, 0x62, 0x3A, 0x64, 0x65, 0x66, 0x69, 0x6E, 0x69, 0x74, 0x69,
    0x6F, 0x6E, 0x3D, 0x53, 0x79, 0x73, 0x74, 0x65, 0x6D, 0x2E, 0x4C, 0x69, 0x6E, 0x71, 0x2F, 0x45,
    0x6E, 0x75, 0x6D, 0x65, 0x72, 0x61, 0x62, 0x6C, 0x65, 0x3A, 0x3A, 0x43, 0x61, 0x73, 0x74, 0x3A,
    0x53, 0x79, 0x73, 0x74, 0x65, 0x6D, 0x2E, 0x43, 0x6F, 0x6C, 0x6C, 0x65, 0x63, 0x74, 0x69, 0x6F,
    0x6E, 0x73, 0x2E, 0x47, 0x65, 0x6E, 0x65, 0x72, 0x69, 0x63, 0x2E, 0x49, 0x45, 0x6E, 0x75, 0x6D,
    0x65, 0x72, 0x61, 0x62, 0x6C, 0x65, 0x5C, 0x75, 0x30, 0x30, 0x33, 0x43, 0x21, 0x21, 0x30, 0x5C,
    0x75, 0x30, 0x30, 0x33, 0x45, 0x28, 0x53, 0x79, 0x73, 0x74, 0x65, 0x6D, 0x2E, 0x43, 0x6F, 0x6C,
    0x6C, 0x65, 0x63, 0x74, 0x69, 0x6F, 0x6E, 0x73, 0x2E, 0x49, 0x45, 0x6E, 0x75, 0x6D, 0x65, 0x72,
    0x61, 0x62, 0x6C, 0x65, 0x29, 0x3B, 0x74, 0x79, 0x70, 0x65, 0x3D, 0x5B, 0x5D, 0x3B, 0x6D, 0x65,
    0x74, 0x68, 0x6F, 0x64, 0x3D, 0x5B, 0x53, 0x79, 0x73, 0x74, 0x65, 0x6D, 0x2E, 0x41, 0x74, 0x74,
    0x72, 0x69, 0x62, 0x75, 0x74, 0x65, 0x5D, 0x22, 0x0D, 0x0A, 0x20, 0x20, 0x20, 0x20, 0x20, 0x20,
    0x20, 0x20, 0x20, 0x20, 0x20, 0x20, 0x7D, 0x2C, 0x0D, 0x0A, 0x20, 0x20, 0x20, 0x20, 0x20, 0x20,
    0x20, 0x20, 0x20, 0x20, 0x20, 0x20, 0x22, 0x72, 0x75, 0x6E, 0x74, 0x69, 0x6D, 0x65, 0x47, 0x65,
    0x6E, 0x65, 0x72, 0x69, 0x63, 0x43, 0x6F, 0x6E, 0x74, 0x65, 0x78, 0x74, 0x22, 0x3A, 0x20, 0x7B,
    0x0D, 0x0A, 0x20, 0x20, 0x20, 0x20, 0x20, 0x20, 0x20, 0x20, 0x20, 0x20, 0x20, 0x20, 0x20, 0x20,
    0x22, 0x69, 0x6E, 0x73, 0x74, 0x61, 0x6E, 0x74, 0x69, 0x61, 0x74, 0x69, 0x6F, 0x6E, 0x4B, 0x65,
    0x79, 0x22, 0x3A, 0x20, 0x7B, 0x0D, 0x0A, 0x20, 0x20, 0x20, 0x20, 0x20, 0x20, 0x20, 0x20, 0x20,
    0x20, 0x20, 0x20, 0x20, 0x20, 0x20, 0x20, 0x22, 0x63, 0x6F, 0x6E, 0x74, 0x65, 0x78, 0x74, 0x4B,
    0x69, 0x6E, 0x64, 0x22, 0x3A, 0x20, 0x32, 0x2C, 0x0D, 0x0A, 0x20, 0x20, 0x20, 0x20, 0x20, 0x20,
    0x20, 0x20, 0x20, 0x20, 0x20, 0x20, 0x20, 0x20, 0x20, 0x20, 0x22, 0x64, 0x65, 0x66, 0x69, 0x6E,
    0x69, 0x74, 0x69, 0x6F, 0x6E, 0x53, 0x75, 0x62, 0x6A, 0x65, 0x63, 0x74, 0x49, 0x64, 0x22, 0x3A,
    0x20, 0x22, 0x53, 0x79, 0x73, 0x74, 0x65, 0x6D, 0x2E, 0x4C, 0x69, 0x6E, 0x71, 0x2F, 0x45, 0x6E,
    0x75, 0x6D, 0x65, 0x72, 0x61, 0x62, 0x6C, 0x65, 0x3A, 0x3A, 0x43, 0x61, 0x73, 0x74, 0x3A, 0x53,
    0x79, 0x73, 0x74, 0x65, 0x6D, 0x2E, 0x43, 0x6F, 0x6C, 0x6C, 0x65, 0x63, 0x74, 0x69, 0x6F, 0x6E,
    0x73, 0x2E, 0x47, 0x65, 0x6E, 0x65, 0x72, 0x69, 0x63, 0x2E, 0x49, 0x45, 0x6E, 0x75, 0x6D, 0x65,
    0x72, 0x61, 0x62, 0x6C, 0x65, 0x5C, 0x75, 0x30, 0x30, 0x33, 0x43, 0x21, 0x21, 0x30, 0x5C, 0x75,
    0x30, 0x30, 0x33, 0x45, 0x28, 0x53, 0x79, 0x73, 0x74, 0x65, 0x6D, 0x2E, 0x43, 0x6F, 0x6C, 0x6C,
    0x65, 0x63, 0x74, 0x69, 0x6F, 0x6E, 0x73, 0x2E, 0x49, 0x45, 0x6E, 0x75, 0x6D, 0x65, 0x72, 0x61,
    0x62, 0x6C, 0x65, 0x29, 0x22, 0x2C, 0x0D, 0x0A, 0x20, 0x20, 0x20, 0x20, 0x20, 0x20, 0x20, 0x20,
    0x20, 0x20, 0x20, 0x20, 0x20, 0x20, 0x20, 0x20, 0x22, 0x74, 0x79, 0x70, 0x65, 0x41, 0x72, 0x67,
    0x75, 0x6D, 0x65, 0x6E, 0x74, 0x73, 0x22, 0x3A, 0x20, 0x5B, 0x5D, 0x2C, 0x0D, 0x0A, 0x20, 0x20,
    0x20, 0x20, 0x20, 0x20, 0x20, 0x20, 0x20, 0x20, 0x20, 0x20, 0x20, 0x20, 0x20, 0x20, 0x22, 0x6D,
    0x65, 0x74, 0x68, 0x6F, 0x64, 0x41, 0x72, 0x67, 0x75, 0x6D, 0x65, 0x6E, 0x74, 0x73, 0x22, 0x3A,
    0x20, 0x5B, 0x0D, 0x0A, 0x20, 0x20, 0x20, 0x20, 0x20, 0x20, 0x20, 0x20, 0x20, 0x20, 0x20, 0x20,
    0x20, 0x20, 0x20, 0x20, 0x20, 0x20, 0x22, 0x53, 0x79, 0x73, 0x74, 0x65, 0x6D, 0x2E, 0x41, 0x74,
    0x74, 0x72, 0x69, 0x62, 0x75, 0x74, 0x65, 0x22, 0x0D, 0x0A, 0x20, 0x20, 0x20, 0x20, 0x20, 0x20,
    0x20, 0x20, 0x20, 0x20, 0x20, 0x20, 0x20, 0x20, 0x20, 0x20, 0x5D, 0x0D, 0x0A, 0x20, 0x20, 0x20,
    0x20, 0x20, 0x20, 0x20, 0x20, 0x20, 0x20, 0x20, 0x20, 0x20, 0x20, 0x7D, 0x2C, 0x0D, 0x0A, 0x20,
    0x20, 0x20, 0x20, 0x20, 0x20, 0x20, 0x20, 0x20, 0x20, 0x20, 0x20, 0x20, 0x20, 0x22, 0x73, 0x68,
    0x61, 0x72, 0x65, 0x64, 0x47, 0x65, 0x6E, 0x65, 0x72, 0x69, 0x63, 0x42, 0x6F, 0x64, 0x79, 0x49,
    0x64, 0x22, 0x3A, 0x20, 0x7B, 0x0D, 0x0A, 0x20, 0x20, 0x20, 0x20, 0x20, 0x20, 0x20, 0x20, 0x20,
    0x20, 0x20, 0x20, 0x20, 0x20, 0x20, 0x20, 0x22, 0x76, 0x61, 0x6C, 0x75, 0x65, 0x22, 0x3A, 0x20,
    0x22, 0x62, 0x6F, 0x64, 0x79, 0x3A, 0x64, 0x65, 0x66, 0x69, 0x6E, 0x69, 0x74, 0x69, 0x6F, 0x6E,
    0x3D, 0x53, 0x79, 0x73, 0x74, 0x65, 0x6D, 0x2E, 0x4C, 0x69, 0x6E, 0x71, 0x2F, 0x45, 0x6E, 0x75,
    0x6D, 0x65, 0x72, 0x61, 0x62, 0x6C, 0x65, 0x3A, 0x3A, 0x43, 0x61, 0x73, 0x74, 0x3A, 0x53, 0x79,
    0x73, 0x74, 0x65, 0x6D, 0x2E, 0x43, 0x6F, 0x6C, 0x6C, 0x65, 0x63, 0x74, 0x69, 0x6F, 0x6E, 0x73,
    0x2E, 0x47, 0x65, 0x6E, 0x65, 0x72, 0x69, 0x63, 0x2E, 0x49, 0x45, 0x6E, 0x75, 0x6D, 0x65, 0x72,
    0x61, 0x62, 0x6C, 0x65, 0x5C, 0x75, 0x30, 0x30, 0x33, 0x43, 0x21, 0x21, 0x30, 0x5C, 0x75, 0x30,
    0x30, 0x33, 0x45, 0x28, 0x53, 0x79, 0x73, 0x74, 0x65, 0x6D, 0x2E, 0x43, 0x6F, 0x6C, 0x6C, 0x65,
    0x63, 0x74, 0x69, 0x6F, 0x6E, 0x73, 0x2E, 0x49, 0x45, 0x6E, 0x75, 0x6D, 0x65, 0x72, 0x61, 0x62,
    0x6C, 0x65, 0x29, 0x3B, 0x74, 0x79, 0x70, 0x65, 0x3D, 0x5B, 0x5D, 0x3B, 0x6D, 0x65, 0x74, 0x68,
    0x6F, 0x64, 0x3D, 0x5B, 0x53, 0x79, 0x73, 0x74, 0x65, 0x6D, 0x2E, 0x41, 0x74, 0x74, 0x72, 0x69,
    0x62, 0x75, 0x74, 0x65, 0x5D, 0x22, 0x0D, 0x0A, 0x20, 0x20, 0x20, 0x20, 0x20, 0x20, 0x20, 0x20,
    0x20, 0x20, 0x20, 0x20, 0x20, 0x20, 0x7D, 0x2C, 0x0D, 0x0A, 0x20, 0x20, 0x20, 0x20, 0x20, 0x20,
    0x20, 0x20, 0x20, 0x20, 0x20, 0x20, 0x20, 0x20, 0x22, 0x69, 0x6E, 0x73, 0x74, 0x61, 0x6E, 0x74,
    0x69, 0x61, 0x74, 0x69, 0x6F, 0x6E, 0x53, 0x74, 0x75, 0x62, 0x49, 0x64, 0x22, 0x3A, 0x20, 0x7B,
    0x0D, 0x0A, 0x20, 0x20, 0x20, 0x20, 0x20, 0x20, 0x20, 0x20, 0x20, 0x20, 0x20, 0x20, 0x20, 0x20,
    0x20, 0x20, 0x22, 0x76, 0x61, 0x6C, 0x75, 0x65, 0x22, 0x3A, 0x20, 0x22, 0x73, 0x74, 0x75, 0x62,
    0x3A, 0x64, 0x65, 0x66, 0x69, 0x6E, 0x69, 0x74, 0x69, 0x6F, 0x6E, 0x3D, 0x53, 0x79, 0x73, 0x74,
    0x65, 0x6D, 0x2E, 0x4C, 0x69, 0x6E, 0x71, 0x2F, 0x45, 0x6E, 0x75, 0x6D, 0x65, 0x72, 0x61, 0x62,
    0x6C, 0x65, 0x3A, 0x3A, 0x43, 0x61, 0x73, 0x74, 0x3A, 0x53, 0x79, 0x73, 0x74, 0x65, 0x6D, 0x2E,
    0x43, 0x6F, 0x6C, 0x6C, 0x65, 0x63, 0x74, 0x69, 0x6F, 0x6E, 0x73, 0x2E, 0x47, 0x65, 0x6E, 0x65,
    0x72, 0x69, 0x63, 0x2E, 0x49, 0x45, 0x6E, 0x75, 0x6D, 0x65, 0x72, 0x61, 0x62, 0x6C, 0x65, 0x5C,
    0x75, 0x30, 0x30, 0x33, 0x43, 0x21, 0x21, 0x30, 0x5C, 0x75, 0x30, 0x30, 0x33, 0x45, 0x28, 0x53,
    0x79, 0x73, 0x74, 0x65, 0x6D, 0x2E, 0x43, 0x6F, 0x6C, 0x6C, 0x65, 0x63, 0x74, 0x69, 0x6F, 0x6E,
    0x73, 0x2E, 0x49, 0x45, 0x6E, 0x75, 0x6D, 0x65, 0x72, 0x61, 0x62, 0x6C, 0x65, 0x29, 0x3B, 0x74,
    0x79, 0x70, 0x65, 0x3D, 0x5B, 0x5D, 0x3B, 0x6D, 0x65, 0x74, 0x68, 0x6F, 0x64, 0x3D, 0x5B, 0x53,
    0x79, 0x73, 0x74, 0x65, 0x6D, 0x2E, 0x41, 0x74, 0x74, 0x72, 0x69, 0x62, 0x75, 0x74, 0x65, 0x5D,
    0x22, 0x0D, 0x0A, 0x20, 0x20, 0x20, 0x20, 0x20, 0x20, 0x20, 0x20, 0x20, 0x20, 0x20, 0x20, 0x20,
    0x20, 0x7D, 0x2C, 0x0D, 0x0A, 0x20, 0x20, 0x20, 0x20, 0x20, 0x20, 0x20, 0x20, 0x20, 0x20, 0x20,
    0x20, 0x20, 0x20, 0x22, 0x73, 0x75, 0x70, 0x70, 0x6F, 0x72, 0x74, 0x4B, 0x69, 0x6E, 0x64, 0x43,
    0x6F, 0x64, 0x65, 0x22, 0x3A, 0x20, 0x33, 0x2C, 0x0D, 0x0A, 0x20, 0x20, 0x20, 0x20, 0x20, 0x20,
    0x20, 0x20, 0x20, 0x20, 0x20, 0x20, 0x20, 0x20, 0x22, 0x73, 0x70, 0x65, 0x63, 0x69, 0x61, 0x6C,
    0x69, 0x7A, 0x61, 0x74, 0x69, 0x6F, 0x6E, 0x4B, 0x69, 0x6E, 0x64, 0x43, 0x6F, 0x64, 0x65, 0x22,
    0x3A, 0x20, 0x31, 0x2C, 0x0D, 0x0A, 0x20, 0x20, 0x20, 0x20, 0x20, 0x20, 0x20, 0x20, 0x20, 0x20,
    0x20, 0x20, 0x20, 0x20, 0x22, 0x73, 0x74, 0x61, 0x74, 0x75, 0x73, 0x52, 0x65, 0x61, 0x73, 0x6F,
    0x6E, 0x43, 0x6F, 0x64, 0x65, 0x22, 0x3A, 0x20, 0x22, 0x6C, 0x6F, 0x61, 0x64, 0x65, 0x72, 0x2D,
    0x64, 0x65, 0x6D, 0x61, 0x6E, 0x64, 0x3A, 0x6D, 0x65, 0x74, 0x68, 0x6F, 0x64, 0x53, 0x70, 0x65,
    0x63, 0x22, 0x0D, 0x0A, 0x20, 0x20, 0x20, 0x20, 0x20, 0x20, 0x20, 0x20, 0x20, 0x20, 0x20, 0x20,
    0x7D, 0x2C, 0x0D, 0x0A, 0x20, 0x20, 0x20, 0x20, 0x20, 0x20, 0x20, 0x20, 0x20, 0x20, 0x20, 0x20,
    0x22, 0x67, 0x65, 0x6E, 0x65, 0x72, 0x69, 0x63, 0x44, 0x69, 0x61, 0x67, 0x6E, 0x6F, 0x73, 0x74,
    0x69, 0x63, 0x22, 0x3A, 0x20, 0x7B, 0x0D, 0x0A, 0x20, 0x20, 0x20, 0x20, 0x20, 0x20, 0x20, 0x20,
    0x20, 0x20, 0x20, 0x20, 0x20, 0x20, 0x22, 0x73, 0x75, 0x62, 0x6A, 0x65, 0x63, 0x74, 0x49, 0x64,
    0x22, 0x3A, 0x20, 0x22, 0x53, 0x79, 0x73, 0x74, 0x65, 0x6D, 0x2E, 0x4C, 0x69, 0x6E, 0x71, 0x2F,
    0x45, 0x6E, 0x75, 0x6D, 0x65, 0x72, 0x61, 0x62, 0x6C, 0x65, 0x3A, 0x3A, 0x43, 0x61, 0x73, 0x74,
    0x5C, 0x75, 0x30, 0x30, 0x33, 0x43, 0x53, 0x79, 0x73, 0x74, 0x65, 0x6D, 0x2E, 0x41, 0x74, 0x74,
    0x72, 0x69, 0x62, 0x75, 0x74, 0x65, 0x5C, 0x75, 0x30, 0x30, 0x33, 0x45, 0x3A, 0x53, 0x79, 0x73,
    0x74, 0x65, 0x6D, 0x2E, 0x43, 0x6F, 0x6C, 0x6C, 0x65, 0x63, 0x74, 0x69, 0x6F, 0x6E, 0x73, 0x2E,
    0x47, 0x65, 0x6E, 0x65, 0x72, 0x69, 0x63, 0x2E, 0x49, 0x45, 0x6E, 0x75, 0x6D, 0x65, 0x72, 0x61,
    0x62, 0x6C, 0x65, 0x5C, 0x75, 0x30, 0x30, 0x33, 0x43, 0x53, 0x79, 0x73, 0x74, 0x65, 0x6D, 0x2E,
    0x41, 0x74, 0x74, 0x72, 0x69, 0x62, 0x75, 0x74, 0x65, 0x5C, 0x75, 0x30, 0x30, 0x33, 0x45, 0x28,
    0x53, 0x79, 0x73, 0x74, 0x65, 0x6D, 0x2E, 0x43, 0x6F, 0x6C, 0x6C, 0x65, 0x63, 0x74, 0x69, 0x6F,
    0x6E, 0x73, 0x2E, 0x49, 0x45, 0x6E, 0x75, 0x6D, 0x65, 0x72, 0x61, 0x62, 0x6C, 0x65, 0x29, 0x22,
    0x2C, 0x0D, 0x0A, 0x20, 0x20, 0x20, 0x20, 0x20, 0x20, 0x20, 0x20, 0x20, 0x20, 0x20, 0x20, 0x20,
    0x20, 0x22, 0x64, 0x65, 0x66, 0x69, 0x6E, 0x69, 0x74, 0x69, 0x6F, 0x6E, 0x53, 0x75, 0x62, 0x6A,
    0x65, 0x63, 0x74, 0x49, 0x64, 0x22, 0x3A, 0x20, 0x22, 0x53, 0x79, 0x73, 0x74, 0x65, 0x6D, 0x2E,
    0x4C, 0x69, 0x6E, 0x71, 0x2F, 0x45, 0x6E, 0x75, 0x6D, 0x65, 0x72, 0x61, 0x62, 0x6C, 0x65, 0x3A,
    0x3A, 0x43, 0x61, 0x73, 0x74, 0x3A, 0x53, 0x79, 0x73, 0x74, 0x65, 0x6D, 0x2E, 0x43, 0x6F, 0x6C,
    0x6C, 0x65, 0x63, 0x74, 0x69, 0x6F, 0x6E, 0x73, 0x2E, 0x47, 0x65, 0x6E, 0x65, 0x72, 0x69, 0x63,
    0x2E, 0x49, 0x45, 0x6E, 0x75, 0x6D, 0x65, 0x72, 0x61, 0x62, 0x6C, 0x65, 0x5C, 0x75, 0x30, 0x30,
    0x33, 0x43, 0x21, 0x21, 0x30, 0x5C, 0x75, 0x30, 0x30, 0x33, 0x45, 0x28, 0x53, 0x79, 0x73, 0x74,
    0x65, 0x6D, 0x2E, 0x43, 0x6F, 0x6C, 0x6C, 0x65, 0x63, 0x74, 0x69, 0x6F, 0x6E, 0x73, 0x2E, 0x49,
    0x45, 0x6E, 0x75, 0x6D, 0x65, 0x72, 0x61, 0x62, 0x6C, 0x65, 0x29, 0x22, 0x2C, 0x0D, 0x0A, 0x20,
    0x20, 0x20, 0x20, 0x20, 0x20, 0x20, 0x20, 0x20, 0x20, 0x20, 0x20, 0x20, 0x20, 0x22, 0x64, 0x69,
    0x73, 0x70, 0x6C, 0x61, 0x79, 0x53, 0x75, 0x62, 0x6A, 0x65, 0x63, 0x74, 0x49, 0x64, 0x22, 0x3A,
    0x20, 0x22, 0x53, 0x79, 0x73, 0x74, 0x65, 0x6D, 0x2E, 0x4C, 0x69, 0x6E, 0x71, 0x2F, 0x45, 0x6E,
    0x75, 0x6D, 0x65, 0x72, 0x61, 0x62, 0x6C, 0x65, 0x3A, 0x3A, 0x43, 0x61, 0x73, 0x74, 0x5C, 0x75,
    0x30, 0x30, 0x33, 0x43, 0x53, 0x79, 0x73, 0x74, 0x65, 0x6D, 0x2E, 0x41, 0x74, 0x74, 0x72, 0x69,
    0x62, 0x75, 0x74, 0x65, 0x5C, 0x75, 0x30, 0x30, 0x33, 0x45, 0x28, 0x53, 0x79, 0x73, 0x74, 0x65,
    0x6D, 0x2E, 0x43, 0x6F, 0x6C, 0x6C, 0x65, 0x63, 0x74, 0x69, 0x6F, 0x6E, 0x73, 0x2E, 0x49, 0x45,
    0x6E, 0x75, 0x6D, 0x65, 0x72, 0x61, 0x62, 0x6C, 0x65, 0x29, 0x22, 0x2C, 0x0D, 0x0A, 0x20, 0x20,
    0x20, 0x20, 0x20, 0x20, 0x20, 0x20, 0x20, 0x20, 0x20, 0x20, 0x20, 0x20, 0x22, 0x69, 0x6E, 0x73,
    0x74, 0x61, 0x6E, 0x74, 0x69, 0x61, 0x74, 0x69, 0x6F, 0x6E, 0x4B, 0x65, 0x79, 0x22, 0x3A, 0x20,
    0x7B, 0x0D, 0x0A, 0x20, 0x20, 0x20, 0x20, 0x20, 0x20, 0x20, 0x20, 0x20, 0x20, 0x20, 0x20, 0x20,
    0x20, 0x20, 0x20, 0x22, 0x63, 0x6F, 0x6E, 0x74, 0x65, 0x78, 0x74, 0x4B, 0x69, 0x6E, 0x64, 0x22,
    0x3A, 0x20, 0x32, 0x2C, 0x0D, 0x0A, 0x20, 0x20, 0x20, 0x20, 0x20, 0x20, 0x20, 0x20, 0x20, 0x20,
    0x20, 0x20, 0x20, 0x20, 0x20, 0x20, 0x22, 0x64, 0x65, 0x66, 0x69, 0x6E, 0x69, 0x74, 0x69, 0x6F,
    0x6E, 0x53, 0x75, 0x62, 0x6A, 0x65, 0x63, 0x74, 0x49, 0x64, 0x22, 0x3A, 0x20, 0x22, 0x53, 0x79,
    0x73, 0x74, 0x65, 0x6D, 0x2E, 0x4C, 0x69, 0x6E, 0x71, 0x2F, 0x45, 0x6E, 0x75, 0x6D, 0x65, 0x72,
    0x61, 0x62, 0x6C, 0x65, 0x3A, 0x3A, 0x43, 0x61, 0x73, 0x74, 0x3A, 0x53, 0x79, 0x73, 0x74, 0x65,
    0x6D, 0x2E, 0x43, 0x6F, 0x6C, 0x6C, 0x65, 0x63, 0x74, 0x69, 0x6F, 0x6E, 0x73, 0x2E, 0x47, 0x65,
    0x6E, 0x65, 0x72, 0x69, 0x63, 0x2E, 0x49, 0x45, 0x6E, 0x75, 0x6D, 0x65, 0x72, 0x61, 0x62, 0x6C,
    0x65, 0x5C, 0x75, 0x30, 0x30, 0x33, 0x43, 0x21, 0x21, 0x30, 0x5C, 0x75, 0x30, 0x30, 0x33, 0x45,
    0x28, 0x53, 0x79, 0x73, 0x74, 0x65, 0x6D, 0x2E, 0x43, 0x6F, 0x6C, 0x6C, 0x65, 0x63, 0x74, 0x69,
    0x6F, 0x6E, 0x73, 0x2E, 0x49, 0x45, 0x6E, 0x75, 0x6D, 0x65, 0x72, 0x61, 0x62, 0x6C, 0x65, 0x29,
    0x22, 0x2C, 0x0D, 0x0A, 0x20, 0x20, 0x20, 0x20, 0x20, 0x20, 0x20, 0x20, 0x20, 0x20, 0x20, 0x20,
    0x20, 0x20, 0x20, 0x20, 0x22, 0x74, 0x79, 0x70, 0x65, 0x41, 0x72, 0x67, 0x75, 0x6D, 0x65, 0x6E,
    0x74, 0x73, 0x22, 0x3A, 0x20, 0x5B, 0x5D, 0x2C, 0x0D, 0x0A, 0x20, 0x20, 0x20, 0x20, 0x20, 0x20,
    0x20, 0x20, 0x20, 0x20, 0x20, 0x20, 0x20, 0x20, 0x20, 0x20, 0x22, 0x6D, 0x65, 0x74, 0x68, 0x6F,
    0x64, 0x41, 0x72, 0x67, 0x75, 0x6D, 0x65, 0x6E, 0x74, 0x73, 0x22, 0x3A, 0x20, 0x5B, 0x0D, 0x0A,
    0x20, 0x20, 0x20, 0x20, 0x20, 0x20, 0x20, 0x20, 0x20, 0x20, 0x20, 0x20, 0x20, 0x20, 0x20, 0x20,
    0x20, 0x20, 0x22, 0x53, 0x79, 0x73, 0x74, 0x65, 0x6D, 0x2E, 0x41, 0x74, 0x74, 0x72, 0x69, 0x62,
    0x75, 0x74, 0x65, 0x22, 0x0D, 0x0A, 0x20, 0x20, 0x20, 0x20, 0x20, 0x20, 0x20, 0x20, 0x20, 0x20,
    0x20, 0x20, 0x20, 0x20, 0x20, 0x20, 0x5D, 0x0D, 0x0A, 0x20, 0x20, 0x20, 0x20, 0x20, 0x20, 0x20,
    0x20, 0x20, 0x20, 0x20, 0x20, 0x20, 0x20, 0x7D, 0x0D, 0x0A, 0x20, 0x20, 0x20, 0x20, 0x20, 0x20,
    0x20, 0x20, 0x20, 0x20, 0x20, 0x20, 0x7D, 0x2C, 0x0D, 0x0A, 0x20, 0x20, 0x20, 0x20, 0x20, 0x20,
    0x20, 0x20, 0x20, 0x20, 0x20, 0x20, 0x22, 0x74, 0x79, 0x70, 0x65, 0x53, 0x68, 0x61, 0x70, 0x65,
    0x22, 0x3A, 0x20, 0x30, 0x2C, 0x0D, 0x0A, 0x20, 0x20, 0x20, 0x20, 0x20, 0x20, 0x20, 0x20, 0x20,
    0x20, 0x20, 0x20, 0x22, 0x61, 0x72, 0x72, 0x61, 0x79, 0x45, 0x6C, 0x65, 0x6D, 0x65, 0x6E, 0x74,
    0x54, 0x79, 0x70, 0x65, 0x53, 0x68, 0x61, 0x70, 0x65, 0x22, 0x3A, 0x20, 0x30, 0x2C, 0x0D, 0x0A,
    0x20, 0x20, 0x20, 0x20, 0x20, 0x20, 0x20, 0x20, 0x20, 0x20, 0x20, 0x20, 0x22, 0x69, 0x73, 0x53,
    0x65, 0x61, 0x6C, 0x65, 0x64, 0x22, 0x3A, 0x20, 0x66, 0x61, 0x6C, 0x73, 0x65, 0x2C, 0x0D, 0x0A,
    0x20, 0x20, 0x20, 0x20, 0x20, 0x20, 0x20, 0x20, 0x20, 0x20, 0x20, 0x20, 0x22, 0x69, 0x73, 0x43,
    0x6F, 0x6D, 0x49, 0x6D, 0x70, 0x6F, 0x72, 0x74, 0x22, 0x3A, 0x20, 0x66, 0x61, 0x6C, 0x73, 0x65,
    0x2C, 0x0D, 0x0A, 0x20, 0x20, 0x20, 0x20, 0x20, 0x20, 0x20, 0x20, 0x20, 0x20, 0x20, 0x20, 0x22,
    0x63, 0x6F, 0x6D, 0x49, 0x6E, 0x74, 0x65, 0x72, 0x66, 0x61, 0x63, 0x65, 0x54, 0x79, 0x70, 0x65,
    0x4B, 0x69, 0x6E, 0x64, 0x22, 0x3A, 0x20, 0x30, 0x2C, 0x0D, 0x0A, 0x20, 0x20, 0x20, 0x20, 0x20,
    0x20, 0x20, 0x20, 0x20, 0x20, 0x20, 0x20, 0x22, 0x64, 0x65, 0x63, 0x6C, 0x61, 0x72, 0x69, 0x6E,
    0x67, 0x54, 0x79, 0x70, 0x65, 0x53, 0x68, 0x61, 0x70, 0x65, 0x22, 0x3A, 0x20, 0x30, 0x0D, 0x0A,
    0x20, 0x20, 0x20, 0x20, 0x20, 0x20, 0x20, 0x20, 0x20, 0x20, 0x7D, 0x2C, 0x0D, 0x0A, 0x20, 0x20,
    0x20, 0x20, 0x20, 0x20, 0x20, 0x20, 0x20, 0x20, 0x22, 0x64, 0x69, 0x73, 0x70, 0x61, 0x74, 0x63,
    0x68, 0x4B, 0x69, 0x6E, 0x64, 0x43, 0x6F, 0x64, 0x65, 0x22, 0x3A, 0x20, 0x34, 0x2C, 0x0D, 0x0A,
    0x20, 0x20, 0x20, 0x20, 0x20, 0x20, 0x20, 0x20, 0x20, 0x20, 0x22, 0x69, 0x73, 0x50, 0x72, 0x65,
    0x73, 0x65, 0x72, 0x76, 0x65, 0x53, 0x69, 0x67, 0x22, 0x3A, 0x20, 0x66, 0x61, 0x6C, 0x73, 0x65,
    0x0D, 0x0A, 0x20, 0x20, 0x20, 0x20, 0x20, 0x20, 0x20, 0x20, 0x7D, 0x2C, 0x0D, 0x0A, 0x20, 0x20,
    0x20, 0x20, 0x20, 0x20, 0x20, 0x20, 0x7B, 0x0D, 0x0A, 0x20, 0x20, 0x20, 0x20, 0x20, 0x20, 0x20,
    0x20, 0x20, 0x20, 0x22, 0x6F, 0x70, 0x22, 0x3A, 0x20, 0x22, 0x6E, 0x65, 0x77, 0x6F, 0x62, 0x6A,
    0x22, 0x2C, 0x0D, 0x0A, 0x20, 0x20, 0x20, 0x20, 0x20, 0x20, 0x20, 0x20, 0x20, 0x20, 0x22, 0x6F,
    0x70, 0x43, 0x6F, 0x64, 0x65, 0x22, 0x3A, 0x20, 0x33, 0x34, 0x2C, 0x0D, 0x0A, 0x20, 0x20, 0x20,
    0x20, 0x20, 0x20, 0x20, 0x20, 0x20, 0x20, 0x22, 0x69, 0x6C, 0x4F, 0x66, 0x66, 0x73, 0x65, 0x74,
    0x22, 0x3A, 0x20, 0x33, 0x36, 0x2C, 0x0D, 0x0A, 0x20, 0x20, 0x20, 0x20, 0x20, 0x20, 0x20, 0x20,
    0x20, 0x20, 0x22, 0x72, 0x65, 0x73, 0x75, 0x6C, 0x74, 0x54, 0x79, 0x70, 0x65, 0x22, 0x3A, 0x20,
    0x22, 0x53, 0x79, 0x73, 0x74, 0x65, 0x6D, 0x2E, 0x43, 0x6F, 0x6C, 0x6C, 0x65, 0x63, 0x74, 0x69,
    0x6F, 0x6E, 0x73, 0x2F, 0x53, 0x79, 0x73, 0x74, 0x65, 0x6D, 0x2E, 0x43, 0x6F, 0x6C, 0x6C, 0x65,
    0x63, 0x74, 0x69, 0x6F, 0x6E, 0x73, 0x2E, 0x47, 0x65, 0x6E, 0x65, 0x72, 0x69, 0x63, 0x2E, 0x4C,
    0x69, 0x73, 0x74, 0x5C, 0x75, 0x30, 0x30, 0x33, 0x43, 0x53, 0x79, 0x73, 0x74, 0x65, 0x6D, 0x2E,
    0x41, 0x74, 0x74, 0x72, 0x69, 0x62, 0x75, 0x74, 0x65, 0x5C, 0x75, 0x30, 0x30, 0x33, 0x45, 0x22,
    0x2C, 0x0D, 0x0A, 0x20, 0x20, 0x20, 0x20, 0x20, 0x20, 0x20, 0x20, 0x20, 0x20, 0x22, 0x63, 0x61,
    0x6C, 0x6C, 0x65, 0x65, 0x22, 0x3A, 0x20, 0x22, 0x53, 0x79, 0x73, 0x74, 0x65, 0x6D, 0x2E, 0x43,
    0x6F, 0x6C, 0x6C, 0x65, 0x63, 0x74, 0x69, 0x6F, 0x6E, 0x73, 0x2F, 0x53, 0x79, 0x73, 0x74, 0x65,
    0x6D, 0x2E, 0x43, 0x6F, 0x6C, 0x6C, 0x65, 0x63, 0x74, 0x69, 0x6F, 0x6E, 0x73, 0x2E, 0x47, 0x65,
    0x6E, 0x65, 0x72, 0x69, 0x63, 0x2E, 0x4C, 0x69, 0x73, 0x74, 0x5C, 0x75, 0x30, 0x30, 0x33, 0x43,
    0x53, 0x79, 0x73, 0x74, 0x65, 0x6D, 0x2E, 0x41, 0x74, 0x74, 0x72, 0x69, 0x62, 0x75, 0x74, 0x65,
    0x5C, 0x75, 0x30, 0x30, 0x33, 0x45, 0x3A, 0x3A, 0x2E, 0x63, 0x74, 0x6F, 0x72, 0x3A, 0x53, 0x79,
    0x73, 0x74, 0x65, 0x6D, 0x2E, 0x56, 0x6F, 0x69, 0x64, 0x28, 0x53, 0x79, 0x73, 0x74, 0x65, 0x6D,
    0x2E, 0x43, 0x6F, 0x6C, 0x6C, 0x65, 0x63, 0x74, 0x69, 0x6F, 0x6E, 0x73, 0x2E, 0x47, 0x65, 0x6E,
    0x65, 0x72, 0x69, 0x63, 0x2E, 0x49, 0x45, 0x6E, 0x75, 0x6D, 0x65, 0x72, 0x61, 0x62, 0x6C, 0x65,
    0x5C, 0x75, 0x30, 0x30, 0x33, 0x43, 0x53, 0x79, 0x73, 0x74, 0x65, 0x6D, 0x2E, 0x41, 0x74, 0x74,
    0x72, 0x69, 0x62, 0x75, 0x74, 0x65, 0x5C, 0x75, 0x30, 0x30, 0x33, 0x45, 0x29, 0x22, 0x2C, 0x0D,
    0x0A, 0x20, 0x20, 0x20, 0x20, 0x20, 0x20, 0x20, 0x20, 0x20, 0x20, 0x22, 0x72, 0x65, 0x66, 0x65,
    0x72, 0x65, 0x6E, 0x63, 0x65, 0x22, 0x3A, 0x20, 0x7B, 0x0D, 0x0A, 0x20, 0x20, 0x20, 0x20, 0x20,
    0x20, 0x20, 0x20, 0x20, 0x20, 0x20, 0x20, 0x22, 0x61, 0x73, 0x73, 0x65, 0x6D, 0x62, 0x6C, 0x79,
    0x4E, 0x61, 0x6D, 0x65, 0x22, 0x3A, 0x20, 0x22, 0x53, 0x79, 0x73, 0x74, 0x65, 0x6D, 0x2E, 0x43,
    0x6F, 0x6C, 0x6C, 0x65, 0x63, 0x74, 0x69, 0x6F, 0x6E, 0x73, 0x22, 0x2C, 0x0D, 0x0A, 0x20, 0x20,
    0x20, 0x20, 0x20, 0x20, 0x20, 0x20, 0x20, 0x20, 0x20, 0x20, 0x22, 0x73, 0x75, 0x62, 0x6A, 0x65,
    0x63, 0x74, 0x4B, 0x69, 0x6E, 0x64, 0x22, 0x3A, 0x20, 0x22, 0x6D, 0x65, 0x74, 0x68, 0x6F, 0x64,
    0x22, 0x2C, 0x0D, 0x0A, 0x20, 0x20, 0x20, 0x20, 0x20, 0x20, 0x20, 0x20, 0x20, 0x20, 0x20, 0x20,
    0x22, 0x73, 0x75, 0x62, 0x6A, 0x65, 0x63, 0x74, 0x49, 0x64, 0x22, 0x3A, 0x20, 0x22, 0x53, 0x79,
    0x73, 0x74, 0x65, 0x6D, 0x2E, 0x43, 0x6F, 0x6C, 0x6C, 0x65, 0x63, 0x74, 0x69, 0x6F, 0x6E, 0x73,
    0x2F, 0x53, 0x79, 0x73, 0x74, 0x65, 0x6D, 0x2E, 0x43, 0x6F, 0x6C, 0x6C, 0x65, 0x63, 0x74, 0x69,
    0x6F, 0x6E, 0x73, 0x2E, 0x47, 0x65, 0x6E, 0x65, 0x72, 0x69, 0x63, 0x2E, 0x4C, 0x69, 0x73, 0x74,
    0x5C, 0x75, 0x30, 0x30, 0x33, 0x43, 0x53, 0x79, 0x73, 0x74, 0x65, 0x6D, 0x2E, 0x41, 0x74, 0x74,
    0x72, 0x69, 0x62, 0x75, 0x74, 0x65, 0x5C, 0x75, 0x30, 0x30, 0x33, 0x45, 0x3A, 0x3A, 0x2E, 0x63,
    0x74, 0x6F, 0x72, 0x3A, 0x53, 0x79, 0x73, 0x74, 0x65, 0x6D, 0x2E, 0x56, 0x6F, 0x69, 0x64, 0x28,
    0x53, 0x79, 0x73, 0x74, 0x65, 0x6D, 0x2E, 0x43, 0x6F, 0x6C, 0x6C, 0x65, 0x63, 0x74, 0x69, 0x6F,
    0x6E, 0x73, 0x2E, 0x47, 0x65, 0x6E, 0x65, 0x72, 0x69, 0x63, 0x2E, 0x49, 0x45, 0x6E, 0x75, 0x6D,
    0x65, 0x72, 0x61, 0x62, 0x6C, 0x65, 0x5C, 0x75, 0x30, 0x30, 0x33, 0x43, 0x53, 0x79, 0x73, 0x74,
    0x65, 0x6D, 0x2E, 0x41, 0x74, 0x74, 0x72, 0x69, 0x62, 0x75, 0x74, 0x65, 0x5C, 0x75, 0x30, 0x30,
    0x33, 0x45, 0x29, 0x22, 0x0D, 0x0A, 0x20, 0x20, 0x20, 0x20, 0x20, 0x20, 0x20, 0x20, 0x20, 0x20,
    0x7D, 0x2C, 0x0D, 0x0A, 0x20, 0x20, 0x20, 0x20, 0x20, 0x20, 0x20, 0x20, 0x20, 0x20, 0x22, 0x74,
    0x61, 0x72, 0x67, 0x65, 0x74, 0x52, 0x65, 0x66, 0x65, 0x72, 0x65, 0x6E, 0x63, 0x65, 0x22, 0x3A,
    0x20, 0x7B, 0x0D, 0x0A, 0x20, 0x20, 0x20, 0x20, 0x20, 0x20, 0x20, 0x20, 0x20, 0x20, 0x20, 0x20,
    0x22, 0x6B, 0x69, 0x6E, 0x64, 0x22, 0x3A, 0x20, 0x31, 0x2C, 0x0D, 0x0A, 0x20, 0x20, 0x20, 0x20,
    0x20, 0x20, 0x20, 0x20, 0x20, 0x20, 0x20, 0x20, 0x22, 0x61, 0x73, 0x73, 0x65, 0x6D, 0x62, 0x6C,
    0x79, 0x4E, 0x61, 0x6D, 0x65, 0x22, 0x3A, 0x20, 0x22, 0x53, 0x79, 0x73, 0x74, 0x65, 0x6D, 0x2E,
    0x43, 0x6F, 0x6C, 0x6C, 0x65, 0x63, 0x74, 0x69, 0x6F, 0x6E, 0x73, 0x22, 0x2C, 0x0D, 0x0A, 0x20,
    0x20, 0x20, 0x20, 0x20, 0x20, 0x20, 0x20, 0x20, 0x20, 0x20, 0x20, 0x22, 0x73, 0x75, 0x62, 0x6A,
    0x65, 0x63, 0x74, 0x49, 0x64, 0x22, 0x3A, 0x20, 0x22, 0x53, 0x79, 0x73, 0x74, 0x65, 0x6D, 0x2E,
    0x43, 0x6F, 0x6C, 0x6C, 0x65, 0x63, 0x74, 0x69, 0x6F, 0x6E, 0x73, 0x2F, 0x53, 0x79, 0x73, 0x74,
    0x65, 0x6D, 0x2E, 0x43, 0x6F, 0x6C, 0x6C, 0x65, 0x63, 0x74, 0x69, 0x6F, 0x6E, 0x73, 0x2E, 0x47,
    0x65, 0x6E, 0x65, 0x72, 0x69, 0x63, 0x2E, 0x4C, 0x69, 0x73, 0x74, 0x5C, 0x75, 0x30, 0x30, 0x33,
    0x43, 0x53, 0x79, 0x73, 0x74, 0x65, 0x6D, 0x2E, 0x41, 0x74, 0x74, 0x72, 0x69, 0x62, 0x75, 0x74,
    0x65, 0x5C, 0x75, 0x30, 0x30, 0x33, 0x45, 0x22, 0x2C, 0x0D, 0x0A, 0x20, 0x20, 0x20, 0x20, 0x20,
    0x20, 0x20, 0x20, 0x20, 0x20, 0x20, 0x20, 0x22, 0x74, 0x79, 0x70, 0x65, 0x53, 0x68, 0x61, 0x70,
    0x65, 0x22, 0x3A, 0x20, 0x31, 0x2C, 0x0D, 0x0A, 0x20, 0x20, 0x20, 0x20, 0x20, 0x20, 0x20, 0x20,
    0x20, 0x20, 0x20, 0x20, 0x22, 0x61, 0x72, 0x72, 0x61, 0x79, 0x45, 0x6C, 0x65, 0x6D, 0x65, 0x6E,
    0x74, 0x54, 0x79, 0x70, 0x65, 0x53, 0x68, 0x61, 0x70, 0x65, 0x22, 0x3A, 0x20, 0x30, 0x2C, 0x0D,
    0x0A, 0x20, 0x20, 0x20, 0x20, 0x20, 0x20, 0x20, 0x20, 0x20, 0x20, 0x20, 0x20, 0x22, 0x69, 0x73,
    0x53, 0x65, 0x61, 0x6C, 0x65, 0x64, 0x22, 0x3A, 0x20, 0x66, 0x61, 0x6C, 0x73, 0x65, 0x2C, 0x0D,
    0x0A, 0x20, 0x20, 0x20, 0x20, 0x20, 0x20, 0x20, 0x20, 0x20, 0x20, 0x20, 0x20, 0x22, 0x69, 0x73,
    0x43, 0x6F, 0x6D, 0x49, 0x6D, 0x70, 0x6F, 0x72, 0x74, 0x22, 0x3A, 0x20, 0x66, 0x61, 0x6C, 0x73,
    0x65, 0x2C, 0x0D, 0x0A, 0x20, 0x20, 0x20, 0x20, 0x20, 0x20, 0x20, 0x20, 0x20, 0x20, 0x20, 0x20,
    0x22, 0x63, 0x6F, 0x6D, 0x49, 0x6E, 0x74, 0x65, 0x72, 0x66, 0x61, 0x63, 0x65, 0x54, 0x79, 0x70,
    0x65, 0x4B, 0x69, 0x6E, 0x64, 0x22, 0x3A, 0x20, 0x30, 0x2C, 0x0D, 0x0A, 0x20, 0x20, 0x20, 0x20,
    0x20, 0x20, 0x20, 0x20, 0x20, 0x20, 0x20, 0x20, 0x22, 0x64, 0x65, 0x63, 0x6C, 0x61, 0x72, 0x69,
    0x6E, 0x67, 0x54, 0x79, 0x70, 0x65, 0x53, 0x68, 0x61, 0x70, 0x65, 0x22, 0x3A, 0x20, 0x30, 0x0D,
    0x0A, 0x20, 0x20, 0x20, 0x20, 0x20, 0x20, 0x20, 0x20, 0x20, 0x20, 0x7D, 0x2C, 0x0D, 0x0A, 0x20,
    0x20, 0x20, 0x20, 0x20, 0x20, 0x20, 0x20, 0x20, 0x20, 0x22, 0x72, 0x75, 0x6E, 0x74, 0x69, 0x6D,
    0x65, 0x53, 0x65, 0x72, 0x76, 0x69, 0x63, 0x65, 0x4B, 0x69, 0x6E, 0x64, 0x22, 0x3A, 0x20, 0x31,
    0x2C, 0x0D, 0x0A, 0x20, 0x20, 0x20, 0x20, 0x20, 0x20, 0x20, 0x20, 0x20, 0x20, 0x22, 0x69, 0x73,
    0x50, 0x72, 0x65, 0x73, 0x65, 0x72, 0x76, 0x65, 0x53, 0x69, 0x67, 0x22, 0x3A, 0x20, 0x66, 0x61,
    0x6C, 0x73, 0x65, 0x0D, 0x0A, 0x20, 0x20, 0x20, 0x20, 0x20, 0x20, 0x20, 0x20, 0x7D, 0x2C, 0x0D,
    0x0A, 0x20, 0x20, 0x20, 0x20, 0x20, 0x20, 0x20, 0x20, 0x7B, 0x0D, 0x0A, 0x20, 0x20, 0x20, 0x20,
    0x20, 0x20, 0x20, 0x20, 0x20, 0x20, 0x22, 0x6F, 0x70, 0x22, 0x3A, 0x20, 0x22, 0x63, 0x61, 0x6C,
    0x6C, 0x22, 0x2C, 0x0D, 0x0A, 0x20, 0x20, 0x20, 0x20, 0x20, 0x20, 0x20, 0x20, 0x20, 0x20, 0x22,
    0x6F, 0x70, 0x43, 0x6F, 0x64, 0x65, 0x22, 0x3A, 0x20, 0x31, 0x34, 0x2C, 0x0D, 0x0A, 0x20, 0x20,
    0x20, 0x20, 0x20, 0x20, 0x20, 0x20, 0x20, 0x20, 0x22, 0x69, 0x6C, 0x4F, 0x66, 0x66, 0x73, 0x65,
    0x74, 0x22, 0x3A, 0x20, 0x34, 0x31, 0x2C, 0x0D, 0x0A, 0x20, 0x20, 0x20, 0x20, 0x20, 0x20, 0x20,
    0x20, 0x20, 0x20, 0x22, 0x72, 0x65, 0x73, 0x75, 0x6C, 0x74, 0x54, 0x79, 0x70, 0x65, 0x22, 0x3A,
    0x20, 0x22, 0x53, 0x79, 0x73, 0x74, 0x65, 0x6D, 0x2E, 0x49, 0x6E, 0x74, 0x33, 0x32, 0x22, 0x2C,
    0x0D, 0x0A, 0x20, 0x20, 0x20, 0x20, 0x20, 0x20, 0x20, 0x20, 0x20, 0x20, 0x22, 0x63, 0x61, 0x6C,
    0x6C, 0x65, 0x65, 0x22, 0x3A, 0x20, 0x22, 0x53, 0x79, 0x73, 0x74, 0x65, 0x6D, 0x2E, 0x43, 0x6F,
    0x6C, 0x6C, 0x65, 0x63, 0x74, 0x69, 0x6F, 0x6E, 0x73, 0x2F, 0x53, 0x79, 0x73, 0x74, 0x65, 0x6D,
    0x2E, 0x43, 0x6F, 0x6C, 0x6C, 0x65, 0x63, 0x74, 0x69, 0x6F, 0x6E, 0x73, 0x2E, 0x47, 0x65, 0x6E,
    0x65, 0x72, 0x69, 0x63, 0x2E, 0x4C, 0x69, 0x73, 0x74, 0x5C, 0x75, 0x30, 0x30, 0x33, 0x43, 0x53,
    0x79, 0x73, 0x74, 0x65, 0x6D, 0x2E, 0x41, 0x74, 0x74, 0x72, 0x69, 0x62, 0x75, 0x74, 0x65, 0x5C,
    0x75, 0x30, 0x30, 0x33, 0x45, 0x3A, 0x3A, 0x67, 0x65, 0x74, 0x5F, 0x43, 0x6F, 0x75, 0x6E, 0x74,
    0x3A, 0x53, 0x79, 0x73, 0x74, 0x65, 0x6D, 0x2E, 0x49, 0x6E, 0x74, 0x33, 0x32, 0x28, 0x29, 0x22,
    0x2C, 0x0D, 0x0A, 0x20, 0x20, 0x20, 0x20, 0x20, 0x20, 0x20, 0x20, 0x20, 0x20, 0x22, 0x72, 0x65,
    0x66, 0x65, 0x72, 0x65, 0x6E, 0x63, 0x65, 0x22, 0x3A, 0x20, 0x7B, 0x0D, 0x0A, 0x20, 0x20, 0x20,
    0x20, 0x20, 0x20, 0x20, 0x20, 0x20, 0x20, 0x20, 0x20, 0x22, 0x61, 0x73, 0x73, 0x65, 0x6D, 0x62,
    0x6C, 0x79, 0x4E, 0x61, 0x6D, 0x65, 0x22, 0x3A, 0x20, 0x22, 0x53, 0x79, 0x73, 0x74, 0x65, 0x6D,
    0x2E, 0x43, 0x6F, 0x6C, 0x6C, 0x65, 0x63, 0x74, 0x69, 0x6F, 0x6E, 0x73, 0x22, 0x2C, 0x0D, 0x0A,
    0x20, 0x20, 0x20, 0x20, 0x20, 0x20, 0x20, 0x20, 0x20, 0x20, 0x20, 0x20, 0x22, 0x73, 0x75, 0x62,
    0x6A, 0x65, 0x63, 0x74, 0x4B, 0x69, 0x6E, 0x64, 0x22, 0x3A, 0x20, 0x22, 0x6D, 0x65, 0x74, 0x68,
    0x6F, 0x64, 0x22, 0x2C, 0x0D, 0x0A, 0x20, 0x20, 0x20, 0x20, 0x20, 0x20, 0x20, 0x20, 0x20, 0x20,
    0x20, 0x20, 0x22, 0x73, 0x75, 0x62, 0x6A, 0x65, 0x63, 0x74, 0x49, 0x64, 0x22, 0x3A, 0x20, 0x22,
    0x53, 0x79, 0x73, 0x74, 0x65, 0x6D, 0x2E, 0x43, 0x6F, 0x6C, 0x6C, 0x65, 0x63, 0x74, 0x69, 0x6F,
    0x6E, 0x73, 0x2F, 0x53, 0x79, 0x73, 0x74, 0x65, 0x6D, 0x2E, 0x43, 0x6F, 0x6C, 0x6C, 0x65, 0x63,
    0x74, 0x69, 0x6F, 0x6E, 0x73, 0x2E, 0x47, 0x65, 0x6E, 0x65, 0x72, 0x69, 0x63, 0x2E, 0x4C, 0x69,
    0x73, 0x74, 0x5C, 0x75, 0x30, 0x30, 0x33, 0x43, 0x53, 0x79, 0x73, 0x74, 0x65, 0x6D, 0x2E, 0x41,
    0x74, 0x74, 0x72, 0x69, 0x62, 0x75, 0x74, 0x65, 0x5C, 0x75, 0x30, 0x30, 0x33, 0x45, 0x3A, 0x3A,
    0x67, 0x65, 0x74, 0x5F, 0x43, 0x6F, 0x75, 0x6E, 0x74, 0x3A, 0x53, 0x79, 0x73, 0x74, 0x65, 0x6D,
    0x2E, 0x49, 0x6E, 0x74, 0x33, 0x32, 0x28, 0x29, 0x22, 0x0D, 0x0A, 0x20, 0x20, 0x20, 0x20, 0x20,
    0x20, 0x20, 0x20, 0x20, 0x20, 0x7D, 0x2C, 0x0D, 0x0A, 0x20, 0x20, 0x20, 0x20, 0x20, 0x20, 0x20,
    0x20, 0x20, 0x20, 0x22, 0x74, 0x61, 0x72, 0x67, 0x65, 0x74, 0x52, 0x65, 0x66, 0x65, 0x72, 0x65,
    0x6E, 0x63, 0x65, 0x22, 0x3A, 0x20, 0x7B, 0x0D, 0x0A, 0x20, 0x20, 0x20, 0x20, 0x20, 0x20, 0x20,
    0x20, 0x20, 0x20, 0x20, 0x20, 0x22, 0x6B, 0x69, 0x6E, 0x64, 0x22, 0x3A, 0x20, 0x33, 0x2C, 0x0D,
    0x0A, 0x20, 0x20, 0x20, 0x20, 0x20, 0x20, 0x20, 0x20, 0x20, 0x20, 0x20, 0x20, 0x22, 0x61, 0x73,
    0x73, 0x65, 0x6D, 0x62, 0x6C, 0x79, 0x4E, 0x61, 0x6D, 0x65, 0x22, 0x3A, 0x20, 0x22, 0x53, 0x79,
    0x73, 0x74, 0x65, 0x6D, 0x2E, 0x43, 0x6F, 0x6C, 0x6C, 0x65, 0x63, 0x74, 0x69, 0x6F, 0x6E, 0x73,
    0x22, 0x2C, 0x0D, 0x0A, 0x20, 0x20, 0x20, 0x20, 0x20, 0x20, 0x20, 0x20, 0x20, 0x20, 0x20, 0x20,
    0x22, 0x73, 0x75, 0x62, 0x6A, 0x65, 0x63, 0x74, 0x49, 0x64, 0x22, 0x3A, 0x20, 0x22, 0x53, 0x79,
    0x73, 0x74, 0x65, 0x6D, 0x2E, 0x43, 0x6F, 0x6C, 0x6C, 0x65, 0x63, 0x74, 0x69, 0x6F, 0x6E, 0x73,
    0x2F, 0x53, 0x79, 0x73, 0x74, 0x65, 0x6D, 0x2E, 0x43, 0x6F, 0x6C, 0x6C, 0x65, 0x63, 0x74, 0x69,
    0x6F, 0x6E, 0x73, 0x2E, 0x47, 0x65, 0x6E, 0x65, 0x72, 0x69, 0x63, 0x2E, 0x4C, 0x69, 0x73, 0x74,
    0x5C, 0x75, 0x30, 0x30, 0x33, 0x43, 0x53, 0x79, 0x73, 0x74, 0x65, 0x6D, 0x2E, 0x41, 0x74, 0x74,
    0x72, 0x69, 0x62, 0x75, 0x74, 0x65, 0x5C, 0x75, 0x30, 0x30, 0x33, 0x45, 0x3A, 0x3A, 0x67, 0x65,
    0x74, 0x5F, 0x43, 0x6F, 0x75, 0x6E, 0x74, 0x3A, 0x53, 0x79, 0x73, 0x74, 0x65, 0x6D, 0x2E, 0x49,
    0x6E, 0x74, 0x33, 0x32, 0x28, 0x29, 0x22, 0x2C, 0x0D, 0x0A, 0x20, 0x20, 0x20, 0x20, 0x20, 0x20,
    0x20, 0x20, 0x20, 0x20, 0x20, 0x20, 0x22, 0x6F, 0x70, 0x65, 0x6E, 0x44, 0x65, 0x66, 0x69, 0x6E,
    0x69, 0x74, 0x69, 0x6F, 0x6E, 0x53, 0x75, 0x62, 0x6A, 0x65, 0x63, 0x74, 0x49, 0x64, 0x22, 0x3A,
    0x20, 0x22, 0x53, 0x79, 0x73, 0x74, 0x65, 0x6D, 0x2E, 0x43, 0x6F, 0x6C, 0x6C, 0x65, 0x63, 0x74,
    0x69, 0x6F, 0x6E, 0x73, 0x2F, 0x53, 0x79, 0x73, 0x74, 0x65, 0x6D, 0x2E, 0x43, 0x6F, 0x6C, 0x6C,
    0x65, 0x63, 0x74, 0x69, 0x6F, 0x6E, 0x73, 0x2E, 0x47, 0x65, 0x6E, 0x65, 0x72, 0x69, 0x63, 0x2E,
    0x4C, 0x69, 0x73, 0x74, 0x5C, 0x75, 0x30, 0x30, 0x36, 0x30, 0x31, 0x3A, 0x3A, 0x67, 0x65, 0x74,
    0x5F, 0x43, 0x6F, 0x75, 0x6E, 0x74, 0x3A, 0x53, 0x79, 0x73, 0x74, 0x65, 0x6D, 0x2E, 0x49, 0x6E,
    0x74, 0x33, 0x32, 0x28, 0x29, 0x22, 0x2C, 0x0D, 0x0A, 0x20, 0x20, 0x20, 0x20, 0x20, 0x20, 0x20,
    0x20, 0x20, 0x20, 0x20, 0x20, 0x22, 0x73, 0x68, 0x61, 0x72, 0x65, 0x64, 0x47, 0x65, 0x6E, 0x65,
    0x72, 0x69, 0x63, 0x42, 0x6F, 0x64, 0x79, 0x49, 0x64, 0x22, 0x3A, 0x20, 0x7B, 0x0D, 0x0A, 0x20,
    0x20, 0x20, 0x20, 0x20, 0x20, 0x20, 0x20, 0x20, 0x20, 0x20, 0x20, 0x20, 0x20, 0x22, 0x76, 0x61,
    0x6C, 0x75, 0x65, 0x22, 0x3A, 0x20, 0x22, 0x62, 0x6F, 0x64, 0x79, 0x3A, 0x64, 0x65, 0x66, 0x69,
    0x6E, 0x69, 0x74, 0x69, 0x6F, 0x6E, 0x3D, 0x53, 0x79, 0x73, 0x74, 0x65, 0x6D, 0x2E, 0x43, 0x6F,
    0x6C, 0x6C, 0x65, 0x63, 0x74, 0x69, 0x6F, 0x6E, 0x73, 0x2F, 0x53, 0x79, 0x73, 0x74, 0x65, 0x6D,
    0x2E, 0x43, 0x6F, 0x6C, 0x6C, 0x65, 0x63, 0x74, 0x69, 0x6F, 0x6E, 0x73, 0x2E, 0x47, 0x65, 0x6E,
    0x65, 0x72, 0x69, 0x63, 0x2E, 0x4C, 0x69, 0x73, 0x74, 0x5C, 0x75, 0x30, 0x30, 0x36, 0x30, 0x31,
    0x3A, 0x3A, 0x67, 0x65, 0x74, 0x5F, 0x43, 0x6F, 0x75, 0x6E, 0x74, 0x3A, 0x53, 0x79, 0x73, 0x74,
    0x65, 0x6D, 0x2E, 0x49, 0x6E, 0x74, 0x33, 0x32, 0x28, 0x29, 0x3B, 0x74, 0x79, 0x70, 0x65, 0x3D,
    0x5B, 0x53, 0x79, 0x73, 0x74, 0x65, 0x6D, 0x2E, 0x41, 0x74, 0x74, 0x72, 0x69, 0x62, 0x75, 0x74,
    0x65, 0x5D, 0x3B, 0x6D, 0x65, 0x74, 0x68, 0x6F, 0x64, 0x3D, 0x5B, 0x5D, 0x22, 0x0D, 0x0A, 0x20,
    0x20, 0x20, 0x20, 0x20, 0x20, 0x20, 0x20, 0x20, 0x20, 0x20, 0x20, 0x7D, 0x2C, 0x0D, 0x0A, 0x20,
    0x20, 0x20, 0x20, 0x20, 0x20, 0x20, 0x20, 0x20, 0x20, 0x20, 0x20, 0x22, 0x69, 0x6E, 0x73, 0x74,
    0x61, 0x6E, 0x74, 0x69, 0x61, 0x74, 0x69, 0x6F, 0x6E, 0x53, 0x74, 0x75, 0x62, 0x49, 0x64, 0x22,
    0x3A, 0x20, 0x7B, 0x0D, 0x0A, 0x20, 0x20, 0x20, 0x20, 0x20, 0x20, 0x20, 0x20, 0x20, 0x20, 0x20,
    0x20, 0x20, 0x20, 0x22, 0x76, 0x61, 0x6C, 0x75, 0x65, 0x22, 0x3A, 0x20, 0x22, 0x73, 0x74, 0x75,
    0x62, 0x3A, 0x64, 0x65, 0x66, 0x69, 0x6E, 0x69, 0x74, 0x69, 0x6F, 0x6E, 0x3D, 0x53, 0x79, 0x73,
    0x74, 0x65, 0x6D, 0x2E, 0x43, 0x6F, 0x6C, 0x6C, 0x65, 0x63, 0x74, 0x69, 0x6F, 0x6E, 0x73, 0x2F,
    0x53, 0x79, 0x73, 0x74, 0x65, 0x6D, 0x2E, 0x43, 0x6F, 0x6C, 0x6C, 0x65, 0x63, 0x74, 0x69, 0x6F,
    0x6E, 0x73, 0x2E, 0x47, 0x65, 0x6E, 0x65, 0x72, 0x69, 0x63, 0x2E, 0x4C, 0x69, 0x73, 0x74, 0x5C,
    0x75, 0x30, 0x30, 0x36, 0x30, 0x31, 0x3A, 0x3A, 0x67, 0x65, 0x74, 0x5F, 0x43, 0x6F, 0x75, 0x6E,
    0x74, 0x3A, 0x53, 0x79, 0x73, 0x74, 0x65, 0x6D, 0x2E, 0x49, 0x6E, 0x74, 0x33, 0x32, 0x28, 0x29,
    0x3B, 0x74, 0x79, 0x70, 0x65, 0x3D, 0x5B, 0x53, 0x79, 0x73, 0x74, 0x65, 0x6D, 0x2E, 0x41, 0x74,
    0x74, 0x72, 0x69, 0x62, 0x75, 0x74, 0x65, 0x5D, 0x3B, 0x6D, 0x65, 0x74, 0x68, 0x6F, 0x64, 0x3D,
    0x5B, 0x5D, 0x22, 0x0D, 0x0A, 0x20, 0x20, 0x20, 0x20, 0x20, 0x20, 0x20, 0x20, 0x20, 0x20, 0x20,
    0x20, 0x7D, 0x2C, 0x0D, 0x0A, 0x20, 0x20, 0x20, 0x20, 0x20, 0x20, 0x20, 0x20, 0x20, 0x20, 0x20,
    0x20, 0x22, 0x72, 0x75, 0x6E, 0x74, 0x69, 0x6D, 0x65, 0x47, 0x65, 0x6E, 0x65, 0x72, 0x69, 0x63,
    0x43, 0x6F, 0x6E, 0x74, 0x65, 0x78, 0x74, 0x22, 0x3A, 0x20, 0x7B, 0x0D, 0x0A, 0x20, 0x20, 0x20,
    0x20, 0x20, 0x20, 0x20, 0x20, 0x20, 0x20, 0x20, 0x20, 0x20, 0x20, 0x22, 0x69, 0x6E, 0x73, 0x74,
    0x61, 0x6E, 0x74, 0x69, 0x61, 0x74, 0x69, 0x6F, 0x6E, 0x4B, 0x65, 0x79, 0x22, 0x3A, 0x20, 0x7B,
    0x0D, 0x0A, 0x20, 0x20, 0x20, 0x20, 0x20, 0x20, 0x20, 0x20, 0x20, 0x20, 0x20, 0x20, 0x20, 0x20,
    0x20, 0x20, 0x22, 0x63, 0x6F, 0x6E, 0x74, 0x65, 0x78, 0x74, 0x4B, 0x69, 0x6E, 0x64, 0x22, 0x3A,
    0x20, 0x31, 0x2C, 0x0D, 0x0A, 0x20, 0x20, 0x20, 0x20, 0x20, 0x20, 0x20, 0x20, 0x20, 0x20, 0x20,
    0x20, 0x20, 0x20, 0x20, 0x20, 0x22, 0x64, 0x65, 0x66, 0x69, 0x6E, 0x69, 0x74, 0x69, 0x6F, 0x6E,
    0x53, 0x75, 0x62, 0x6A, 0x65, 0x63, 0x74, 0x49, 0x64, 0x22, 0x3A, 0x20, 0x22, 0x53, 0x79, 0x73,
    0x74, 0x65, 0x6D, 0x2E, 0x43, 0x6F, 0x6C, 0x6C, 0x65, 0x63, 0x74, 0x69, 0x6F, 0x6E, 0x73, 0x2F,
    0x53, 0x79, 0x73, 0x74, 0x65, 0x6D, 0x2E, 0x43, 0x6F, 0x6C, 0x6C, 0x65, 0x63, 0x74, 0x69, 0x6F,
    0x6E, 0x73, 0x2E, 0x47, 0x65, 0x6E, 0x65, 0x72, 0x69, 0x63, 0x2E, 0x4C, 0x69, 0x73, 0x74, 0x5C,
    0x75, 0x30, 0x30, 0x36, 0x30, 0x31, 0x3A, 0x3A, 0x67, 0x65, 0x74, 0x5F, 0x43, 0x6F, 0x75, 0x6E,
    0x74, 0x3A, 0x53, 0x79, 0x73, 0x74, 0x65, 0x6D, 0x2E, 0x49, 0x6E, 0x74, 0x33, 0x32, 0x28, 0x29,
    0x22, 0x2C, 0x0D, 0x0A, 0x20, 0x20, 0x20, 0x20, 0x20, 0x20, 0x20, 0x20, 0x20, 0x20, 0x20, 0x20,
    0x20, 0x20, 0x20, 0x20, 0x22, 0x74, 0x79, 0x70, 0x65, 0x41, 0x72, 0x67, 0x75, 0x6D, 0x65, 0x6E,
    0x74, 0x73, 0x22, 0x3A, 0x20, 0x5B, 0x0D, 0x0A, 0x20, 0x20, 0x20, 0x20, 0x20, 0x20, 0x20, 0x20,
    0x20, 0x20, 0x20, 0x20, 0x20, 0x20, 0x20, 0x20, 0x20, 0x20, 0x22, 0x53, 0x79, 0x73, 0x74, 0x65,
    0x6D, 0x2E, 0x41, 0x74, 0x74, 0x72, 0x69, 0x62, 0x75, 0x74, 0x65, 0x22, 0x0D, 0x0A, 0x20, 0x20,
    0x20, 0x20, 0x20, 0x20, 0x20, 0x20, 0x20, 0x20, 0x20, 0x20, 0x20, 0x20, 0x20, 0x20, 0x5D, 0x2C,
    0x0D, 0x0A, 0x20, 0x20, 0x20, 0x20, 0x20, 0x20, 0x20, 0x20, 0x20, 0x20, 0x20, 0x20, 0x20, 0x20,
    0x20, 0x20, 0x22, 0x6D, 0x65, 0x74, 0x68, 0x6F, 0x64, 0x41, 0x72, 0x67, 0x75, 0x6D, 0x65, 0x6E,
    0x74, 0x73, 0x22, 0x3A, 0x20, 0x5B, 0x5D, 0x0D, 0x0A, 0x20, 0x20, 0x20, 0x20, 0x20, 0x20, 0x20,
    0x20, 0x20, 0x20, 0x20, 0x20, 0x20, 0x20, 0x7D, 0x2C, 0x0D, 0x0A, 0x20, 0x20, 0x20, 0x20, 0x20,
    0x20, 0x20, 0x20, 0x20, 0x20, 0x20, 0x20, 0x20, 0x20, 0x22, 0x73, 0x68, 0x61, 0x72, 0x65, 0x64,
    0x47, 0x65, 0x6E, 0x65, 0x72, 0x69, 0x63, 0x42, 0x6F, 0x64, 0x79, 0x49, 0x64, 0x22, 0x3A, 0x20,
    0x7B, 0x0D, 0x0A, 0x20, 0x20, 0x20, 0x20, 0x20, 0x20, 0x20, 0x20, 0x20, 0x20, 0x20, 0x20, 0x20,
    0x20, 0x20, 0x20, 0x22, 0x76, 0x61, 0x6C, 0x75, 0x65, 0x22, 0x3A, 0x20, 0x22, 0x62, 0x6F, 0x64,
    0x79, 0x3A, 0x64, 0x65, 0x66, 0x69, 0x6E, 0x69, 0x74, 0x69, 0x6F, 0x6E, 0x3D, 0x53, 0x79, 0x73,
    0x74, 0x65, 0x6D, 0x2E, 0x43, 0x6F, 0x6C, 0x6C, 0x65, 0x63, 0x74, 0x69, 0x6F, 0x6E, 0x73, 0x2F,
    0x53, 0x79, 0x73, 0x74, 0x65, 0x6D, 0x2E, 0x43, 0x6F, 0x6C, 0x6C, 0x65, 0x63, 0x74, 0x69, 0x6F,
    0x6E, 0x73, 0x2E, 0x47, 0x65, 0x6E, 0x65, 0x72, 0x69, 0x63, 0x2E, 0x4C, 0x69, 0x73, 0x74, 0x5C,
    0x75, 0x30, 0x30, 0x36, 0x30, 0x31, 0x3A, 0x3A, 0x67, 0x65, 0x74, 0x5F, 0x43, 0x6F, 0x75, 0x6E,
    0x74, 0x3A, 0x53, 0x79, 0x73, 0x74, 0x65, 0x6D, 0x2E, 0x49, 0x6E, 0x74, 0x33, 0x32, 0x28, 0x29,
    0x3B, 0x74, 0x79, 0x70, 0x65, 0x3D, 0x5B, 0x53, 0x79, 0x73, 0x74, 0x65, 0x6D, 0x2E, 0x41, 0x74,
    0x74, 0x72, 0x69, 0x62, 0x75, 0x74, 0x65, 0x5D, 0x3B, 0x6D, 0x65, 0x74, 0x68, 0x6F, 0x64, 0x3D,
    0x5B, 0x5D, 0x22, 0x0D, 0x0A, 0x20, 0x20, 0x20, 0x20, 0x20, 0x20, 0x20, 0x20, 0x20, 0x20, 0x20,
    0x20, 0x20, 0x20, 0x7D, 0x2C, 0x0D, 0x0A, 0x20, 0x20, 0x20, 0x20, 0x20, 0x20, 0x20, 0x20, 0x20,
    0x20, 0x20, 0x20, 0x20, 0x20, 0x22, 0x69, 0x6E, 0x73, 0x74, 0x61, 0x6E, 0x74, 0x69, 0x61, 0x74,
    0x69, 0x6F, 0x6E, 0x53, 0x74, 0x75, 0x62, 0x49, 0x64, 0x22, 0x3A, 0x20, 0x7B, 0x0D, 0x0A, 0x20,
    0x20, 0x20, 0x20, 0x20, 0x20, 0x20, 0x20, 0x20, 0x20, 0x20, 0x20, 0x20, 0x20, 0x20, 0x20, 0x22,
    0x76, 0x61, 0x6C, 0x75, 0x65, 0x22, 0x3A, 0x20, 0x22, 0x73, 0x74, 0x75, 0x62, 0x3A, 0x64, 0x65,
    0x66, 0x69, 0x6E, 0x69, 0x74, 0x69, 0x6F, 0x6E, 0x3D, 0x53, 0x79, 0x73, 0x74, 0x65, 0x6D, 0x2E,
    0x43, 0x6F, 0x6C, 0x6C, 0x65, 0x63, 0x74, 0x69, 0x6F, 0x6E, 0x73, 0x2F, 0x53, 0x79, 0x73, 0x74,
    0x65, 0x6D, 0x2E, 0x43, 0x6F, 0x6C, 0x6C, 0x65, 0x63, 0x74, 0x69, 0x6F, 0x6E, 0x73, 0x2E, 0x47,
    0x65, 0x6E, 0x65, 0x72, 0x69, 0x63, 0x2E, 0x4C, 0x69, 0x73, 0x74, 0x5C, 0x75, 0x30, 0x30, 0x36,
    0x30, 0x31, 0x3A, 0x3A, 0x67, 0x65, 0x74, 0x5F, 0x43, 0x6F, 0x75, 0x6E, 0x74, 0x3A, 0x53, 0x79,
    0x73, 0x74, 0x65, 0x6D, 0x2E, 0x49, 0x6E, 0x74, 0x33, 0x32, 0x28, 0x29, 0x3B, 0x74, 0x79, 0x70,
    0x65, 0x3D, 0x5B, 0x53, 0x79, 0x73, 0x74, 0x65, 0x6D, 0x2E, 0x41, 0x74, 0x74, 0x72, 0x69, 0x62,
    0x75, 0x74, 0x65, 0x5D, 0x3B, 0x6D, 0x65, 0x74, 0x68, 0x6F, 0x64, 0x3D, 0x5B, 0x5D, 0x22, 0x0D,
    0x0A, 0x20, 0x20, 0x20, 0x20, 0x20, 0x20, 0x20, 0x20, 0x20, 0x20, 0x20, 0x20, 0x20, 0x20, 0x7D,
    0x2C, 0x0D, 0x0A, 0x20, 0x20, 0x20, 0x20, 0x20, 0x20, 0x20, 0x20, 0x20, 0x20, 0x20, 0x20, 0x20,
    0x20, 0x22, 0x73, 0x75, 0x70, 0x70, 0x6F, 0x72, 0x74, 0x4B, 0x69, 0x6E, 0x64, 0x43, 0x6F, 0x64,
    0x65, 0x22, 0x3A, 0x20, 0x33, 0x2C, 0x0D, 0x0A, 0x20, 0x20, 0x20, 0x20, 0x20, 0x20, 0x20, 0x20,
    0x20, 0x20, 0x20, 0x20, 0x20, 0x20, 0x22, 0x73, 0x70, 0x65, 0x63, 0x69, 0x61, 0x6C, 0x69, 0x7A,
    0x61, 0x74, 0x69, 0x6F, 0x6E, 0x4B, 0x69, 0x6E, 0x64, 0x43, 0x6F, 0x64, 0x65, 0x22, 0x3A, 0x20,
    0x31, 0x2C, 0x0D, 0x0A, 0x20, 0x20, 0x20, 0x20, 0x20, 0x20, 0x20, 0x20, 0x20, 0x20, 0x20, 0x20,
    0x20, 0x20, 0x22, 0x73, 0x74, 0x61, 0x74, 0x75, 0x73, 0x52, 0x65, 0x61, 0x73, 0x6F, 0x6E, 0x43,
    0x6F, 0x64, 0x65, 0x22, 0x3A, 0x20, 0x22, 0x6C, 0x6F, 0x61, 0x64, 0x65, 0x72, 0x2D, 0x64, 0x65,
    0x6D, 0x61, 0x6E, 0x64, 0x3A, 0x6D, 0x65, 0x6D, 0x62, 0x65, 0x72, 0x52, 0x65, 0x66, 0x65, 0x72,
    0x65, 0x6E, 0x63, 0x65, 0x22, 0x0D, 0x0A, 0x20, 0x20, 0x20, 0x20, 0x20, 0x20, 0x20, 0x20, 0x20,
    0x20, 0x20, 0x20, 0x7D, 0x2C, 0x0D, 0x0A, 0x20, 0x20, 0x20, 0x20, 0x20, 0x20, 0x20, 0x20, 0x20,
    0x20, 0x20, 0x20, 0x22, 0x67, 0x65, 0x6E, 0x65, 0x72, 0x69, 0x63, 0x44, 0x69, 0x61, 0x67, 0x6E,
    0x6F, 0x73, 0x74, 0x69, 0x63, 0x22, 0x3A, 0x20, 0x7B, 0x0D, 0x0A, 0x20, 0x20, 0x20, 0x20, 0x20,
    0x20, 0x20, 0x20, 0x20, 0x20, 0x20, 0x20, 0x20, 0x20, 0x22, 0x73, 0x75, 0x62, 0x6A, 0x65, 0x63,
    0x74, 0x49, 0x64, 0x22, 0x3A, 0x20, 0x22, 0x53, 0x79, 0x73, 0x74, 0x65, 0x6D, 0x2E, 0x43, 0x6F,
    0x6C, 0x6C, 0x65, 0x63, 0x74, 0x69, 0x6F, 0x6E, 0x73, 0x2F, 0x53, 0x79, 0x73, 0x74, 0x65, 0x6D,
    0x2E, 0x43, 0x6F, 0x6C, 0x6C, 0x65, 0x63, 0x74, 0x69, 0x6F, 0x6E, 0x73, 0x2E, 0x47, 0x65, 0x6E,
    0x65, 0x72, 0x69, 0x63, 0x2E, 0x4C, 0x69, 0x73, 0x74, 0x5C, 0x75, 0x30, 0x30, 0x33, 0x43, 0x53,
    0x79, 0x73, 0x74, 0x65, 0x6D, 0x2E, 0x41, 0x74, 0x74, 0x72, 0x69, 0x62, 0x75, 0x74, 0x65, 0x5C,
    0x75, 0x30, 0x30, 0x33, 0x45, 0x3A, 0x3A, 0x67, 0x65, 0x74, 0x5F, 0x43, 0x6F, 0x75, 0x6E, 0x74,
    0x3A, 0x53, 0x79, 0x73, 0x74, 0x65, 0x6D, 0x2E, 0x49, 0x6E, 0x74, 0x33, 0x32, 0x28, 0x29, 0x22,
    0x2C, 0x0D, 0x0A, 0x20, 0x20, 0x20, 0x20, 0x20, 0x20, 0x20, 0x20, 0x20, 0x20, 0x20, 0x20, 0x20,
    0x20, 0x22, 0x64, 0x65, 0x66, 0x69, 0x6E, 0x69, 0x74, 0x69, 0x6F, 0x6E, 0x53, 0x75, 0x62, 0x6A,
    0x65, 0x63, 0x74, 0x49, 0x64, 0x22, 0x3A, 0x20, 0x22, 0x53, 0x79, 0x73, 0x74, 0x65, 0x6D, 0x2E,
    0x43, 0x6F, 0x6C, 0x6C, 0x65, 0x63, 0x74, 0x69, 0x6F, 0x6E, 0x73, 0x2F, 0x53, 0x79, 0x73, 0x74,
    0x65, 0x6D, 0x2E, 0x43, 0x6F, 0x6C, 0x6C, 0x65, 0x63, 0x74, 0x69, 0x6F, 0x6E, 0x73, 0x2E, 0x47,
    0x65, 0x6E, 0x65, 0x72, 0x69, 0x63, 0x2E, 0x4C, 0x69, 0x73, 0x74, 0x5C, 0x75, 0x30, 0x30, 0x36,
    0x30, 0x31, 0x3A, 0x3A, 0x67, 0x65, 0x74, 0x5F, 0x43, 0x6F, 0x75, 0x6E, 0x74, 0x3A, 0x53, 0x79,
    0x73, 0x74, 0x65, 0x6D, 0x2E, 0x49, 0x6E, 0x74, 0x33, 0x32, 0x28, 0x29, 0x22, 0x2C, 0x0D, 0x0A,
    0x20, 0x20, 0x20, 0x20, 0x20, 0x20, 0x20, 0x20, 0x20, 0x20, 0x20, 0x20, 0x20, 0x20, 0x22, 0x64,
    0x69, 0x73, 0x70, 0x6C, 0x61, 0x79, 0x53, 0x75, 0x62, 0x6A, 0x65, 0x63, 0x74, 0x49, 0x64, 0x22,
    0x3A, 0x20, 0x22, 0x53, 0x79, 0x73, 0x74, 0x65, 0x6D, 0x2E, 0x43, 0x6F, 0x6C, 0x6C, 0x65, 0x63,
    0x74, 0x69, 0x6F, 0x6E, 0x73, 0x2F, 0x53, 0x79, 0x73, 0x74, 0x65, 0x6D, 0x2E, 0x43, 0x6F, 0x6C,
    0x6C, 0x65, 0x63, 0x74, 0x69, 0x6F, 0x6E, 0x73, 0x2E, 0x47, 0x65, 0x6E, 0x65, 0x72, 0x69, 0x63,
    0x2E, 0x4C, 0x69, 0x73, 0x74, 0x5C, 0x75, 0x30, 0x30, 0x33, 0x43, 0x53, 0x79, 0x73, 0x74, 0x65,
    0x6D, 0x2E, 0x41, 0x74, 0x74, 0x72, 0x69, 0x62, 0x75, 0x74, 0x65, 0x5C, 0x75, 0x30, 0x30, 0x33,
    0x45, 0x3A, 0x3A, 0x67, 0x65, 0x74, 0x5F, 0x43, 0x6F, 0x75, 0x6E, 0x74, 0x28, 0x29, 0x22, 0x2C,
    0x0D, 0x0A, 0x20, 0x20, 0x20, 0x20, 0x20, 0x20, 0x20, 0x20, 0x20, 0x20, 0x20, 0x20, 0x20, 0x20,
    0x22, 0x69, 0x6E, 0x73, 0x74, 0x61, 0x6E, 0x74, 0x69, 0x61, 0x74, 0x69, 0x6F, 0x6E, 0x4B, 0x65,
    0x79, 0x22, 0x3A, 0x20, 0x7B, 0x0D, 0x0A, 0x20, 0x20, 0x20, 0x20, 0x20, 0x20, 0x20, 0x20, 0x20,
    0x20, 0x20, 0x20, 0x20, 0x20, 0x20, 0x20, 0x22, 0x63, 0x6F, 0x6E, 0x74, 0x65, 0x78, 0x74, 0x4B,
    0x69, 0x6E, 0x64, 0x22, 0x3A, 0x20, 0x31, 0x2C, 0x0D, 0x0A, 0x20, 0x20, 0x20, 0x20, 0x20, 0x20,
    0x20, 0x20, 0x20, 0x20, 0x20, 0x20, 0x20, 0x20, 0x20, 0x20, 0x22, 0x64, 0x65, 0x66, 0x69, 0x6E,
    0x69, 0x74, 0x69, 0x6F, 0x6E, 0x53, 0x75, 0x62, 0x6A, 0x65, 0x63, 0x74, 0x49, 0x64, 0x22, 0x3A,
    0x20, 0x22, 0x53, 0x79, 0x73, 0x74, 0x65, 0x6D, 0x2E, 0x43, 0x6F, 0x6C, 0x6C, 0x65, 0x63, 0x74,
    0x69, 0x6F, 0x6E, 0x73, 0x2F, 0x53, 0x79, 0x73, 0x74, 0x65, 0x6D, 0x2E, 0x43, 0x6F, 0x6C, 0x6C,
    0x65, 0x63, 0x74, 0x69, 0x6F, 0x6E, 0x73, 0x2E, 0x47, 0x65, 0x6E, 0x65, 0x72, 0x69, 0x63, 0x2E,
    0x4C, 0x69, 0x73, 0x74, 0x5C, 0x75, 0x30, 0x30, 0x36, 0x30, 0x31, 0x3A, 0x3A, 0x67, 0x65, 0x74,
    0x5F, 0x43, 0x6F, 0x75, 0x6E, 0x74, 0x3A, 0x53, 0x79, 0x73, 0x74, 0x65, 0x6D, 0x2E, 0x49, 0x6E,
    0x74, 0x33, 0x32, 0x28, 0x29, 0x22, 0x2C, 0x0D, 0x0A, 0x20, 0x20, 0x20, 0x20, 0x20, 0x20, 0x20,
    0x20, 0x20, 0x20, 0x20, 0x20, 0x20, 0x20, 0x20, 0x20, 0x22, 0x74, 0x79, 0x70, 0x65, 0x41, 0x72,
    0x67, 0x75, 0x6D, 0x65, 0x6E, 0x74, 0x73, 0x22, 0x3A, 0x20, 0x5B, 0x0D, 0x0A, 0x20, 0x20, 0x20,
    0x20, 0x20, 0x20, 0x20, 0x20, 0x20, 0x20, 0x20, 0x20, 0x20, 0x20, 0x20, 0x20, 0x20, 0x20, 0x22,
    0x53, 0x79, 0x73, 0x74, 0x65, 0x6D, 0x2E, 0x41, 0x74, 0x74, 0x72, 0x69, 0x62, 0x75, 0x74, 0x65,
    0x22, 0x0D, 0x0A, 0x20, 0x20, 0x20, 0x20, 0x20, 0x20, 0x20, 0x20, 0x20, 0x20, 0x20, 0x20, 0x20,
    0x20, 0x20, 0x20, 0x5D, 0x2C, 0x0D, 0x0A, 0x20, 0x20, 0x20, 0x20, 0x20, 0x20, 0x20, 0x20, 0x20,
    0x20, 0x20, 0x20, 0x20, 0x20, 0x20, 0x20, 0x22, 0x6D, 0x65, 0x74, 0x68, 0x6F, 0x64, 0x41, 0x72,
    0x67, 0x75, 0x6D, 0x65, 0x6E, 0x74, 0x73, 0x22, 0x3A, 0x20, 0x5B, 0x5D, 0x0D, 0x0A, 0x20, 0x20,
    0x20, 0x20, 0x20, 0x20, 0x20, 0x20, 0x20, 0x20, 0x20, 0x20, 0x20, 0x20, 0x7D, 0x0D, 0x0A, 0x20,
    0x20, 0x20, 0x20, 0x20, 0x20, 0x20, 0x20, 0x20, 0x20, 0x20, 0x20, 0x7D, 0x2C, 0x0D, 0x0A, 0x20,
    0x20, 0x20, 0x20, 0x20, 0x20, 0x20, 0x20, 0x20, 0x20, 0x20, 0x20, 0x22, 0x74, 0x79, 0x70, 0x65,
    0x53, 0x68, 0x61, 0x70, 0x65, 0x22, 0x3A, 0x20, 0x30, 0x2C, 0x0D, 0x0A, 0x20, 0x20, 0x20, 0x20,
    0x20, 0x20, 0x20, 0x20, 0x20, 0x20, 0x20, 0x20, 0x22, 0x61, 0x72, 0x72, 0x61, 0x79, 0x45, 0x6C,
    0x65, 0x6D, 0x65, 0x6E, 0x74, 0x54, 0x79, 0x70, 0x65, 0x53, 0x68, 0x61, 0x70, 0x65, 0x22, 0x3A,
    0x20, 0x30, 0x2C, 0x0D, 0x0A, 0x20, 0x20, 0x20, 0x20, 0x20, 0x20, 0x20, 0x20, 0x20, 0x20, 0x20,
    0x20, 0x22, 0x69, 0x73, 0x53, 0x65, 0x61, 0x6C, 0x65, 0x64, 0x22, 0x3A, 0x20, 0x66, 0x61, 0x6C,
    0x73, 0x65, 0x2C, 0x0D, 0x0A, 0x20, 0x20, 0x20, 0x20, 0x20, 0x20, 0x20, 0x20, 0x20, 0x20, 0x20,
    0x20, 0x22, 0x69, 0x73, 0x43, 0x6F, 0x6D, 0x49, 0x6D, 0x70, 0x6F, 0x72, 0x74, 0x22, 0x3A, 0x20,
    0x66, 0x61, 0x6C, 0x73, 0x65, 0x2C, 0x0D, 0x0A, 0x20, 0x20, 0x20, 0x20, 0x20, 0x20, 0x20, 0x20,
    0x20, 0x20, 0x20, 0x20, 0x22, 0x63, 0x6F, 0x6D, 0x49, 0x6E, 0x74, 0x65, 0x72, 0x66, 0x61, 0x63,
    0x65, 0x54, 0x79, 0x70, 0x65, 0x4B, 0x69, 0x6E, 0x64, 0x22, 0x3A, 0x20, 0x30, 0x2C, 0x0D, 0x0A,
    0x20, 0x20, 0x20, 0x20, 0x20, 0x20, 0x20, 0x20, 0x20, 0x20, 0x20, 0x20, 0x22, 0x64, 0x65, 0x63,
    0x6C, 0x61, 0x72, 0x69, 0x6E, 0x67, 0x54, 0x79, 0x70, 0x65, 0x53, 0x68, 0x61, 0x70, 0x65, 0x22,
    0x3A, 0x20, 0x30, 0x0D, 0x0A, 0x20, 0x20, 0x20, 0x20, 0x20, 0x20, 0x20, 0x20, 0x20, 0x20, 0x7D,
    0x2C, 0x0D, 0x0A, 0x20, 0x20, 0x20, 0x20, 0x20, 0x20, 0x20, 0x20, 0x20, 0x20, 0x22, 0x64, 0x69,
    0x73, 0x70, 0x61, 0x74, 0x63, 0x68, 0x4B, 0x69, 0x6E, 0x64, 0x43, 0x6F, 0x64, 0x65, 0x22, 0x3A,
    0x20, 0x34, 0x2C, 0x0D, 0x0A, 0x20, 0x20, 0x20, 0x20, 0x20, 0x20, 0x20, 0x20, 0x20, 0x20, 0x22,
    0x69, 0x73, 0x50, 0x72, 0x65, 0x73, 0x65, 0x72, 0x76, 0x65, 0x53, 0x69, 0x67, 0x22, 0x3A, 0x20,
    0x66, 0x61, 0x6C, 0x73, 0x65, 0x0D, 0x0A, 0x20, 0x20, 0x20, 0x20, 0x20, 0x20, 0x20, 0x20, 0x7D,
    0x2C, 0x0D, 0x0A, 0x20, 0x20, 0x20, 0x20, 0x20, 0x20, 0x20, 0x20, 0x7B, 0x0D, 0x0A, 0x20, 0x20,
    0x20, 0x20, 0x20, 0x20, 0x20, 0x20, 0x20, 0x20, 0x22, 0x6F, 0x70, 0x22, 0x3A, 0x20, 0x22, 0x6C,
    0x64, 0x63, 0x2E, 0x69, 0x34, 0x22, 0x2C, 0x0D, 0x0A, 0x20, 0x20, 0x20, 0x20, 0x20, 0x20, 0x20,
    0x20, 0x20, 0x20, 0x22, 0x6F, 0x70, 0x43, 0x6F, 0x64, 0x65, 0x22, 0x3A, 0x20, 0x30, 0x2C, 0x0D,
    0x0A, 0x20, 0x20, 0x20, 0x20, 0x20, 0x20, 0x20, 0x20, 0x20, 0x20, 0x22, 0x6F, 0x70, 0x65, 0x72,
    0x61, 0x6E, 0x64, 0x22, 0x3A, 0x20, 0x31, 0x2C, 0x0D, 0x0A, 0x20, 0x20, 0x20, 0x20, 0x20, 0x20,
    0x20, 0x20, 0x20, 0x20, 0x22, 0x69, 0x6C, 0x4F, 0x66, 0x66, 0x73, 0x65, 0x74, 0x22, 0x3A, 0x20,
    0x34, 0x36, 0x2C, 0x0D, 0x0A, 0x20, 0x20, 0x20, 0x20, 0x20, 0x20, 0x20, 0x20, 0x20, 0x20, 0x22,
    0x72, 0x65, 0x73, 0x75, 0x6C, 0x74, 0x54, 0x79, 0x70, 0x65, 0x22, 0x3A, 0x20, 0x22, 0x53, 0x79,
    0x73, 0x74, 0x65, 0x6D, 0x2E, 0x49, 0x6E, 0x74, 0x33, 0x32, 0x22, 0x2C, 0x0D, 0x0A, 0x20, 0x20,
    0x20, 0x20, 0x20, 0x20, 0x20, 0x20, 0x20, 0x20, 0x22, 0x69, 0x73, 0x50, 0x72, 0x65, 0x73, 0x65,
    0x72, 0x76, 0x65, 0x53, 0x69, 0x67, 0x22, 0x3A, 0x20, 0x66, 0x61, 0x6C, 0x73, 0x65, 0x0D, 0x0A,
    0x20, 0x20, 0x20, 0x20, 0x20, 0x20, 0x20, 0x20, 0x7D, 0x2C, 0x0D, 0x0A, 0x20, 0x20, 0x20, 0x20,
    0x20, 0x20, 0x20, 0x20, 0x7B, 0x0D, 0x0A, 0x20, 0x20, 0x20, 0x20, 0x20, 0x20, 0x20, 0x20, 0x20,
    0x20, 0x22, 0x6F, 0x70, 0x22, 0x3A, 0x20, 0x22, 0x63, 0x65, 0x71, 0x22, 0x2C, 0x0D, 0x0A, 0x20,
    0x20, 0x20, 0x20, 0x20, 0x20, 0x20, 0x20, 0x20, 0x20, 0x22, 0x6F, 0x70, 0x43, 0x6F, 0x64, 0x65,
    0x22, 0x3A, 0x20, 0x33, 0x31, 0x2C, 0x0D, 0x0A, 0x20, 0x20, 0x20, 0x20, 0x20, 0x20, 0x20, 0x20,
    0x20, 0x20, 0x22, 0x69, 0x6C, 0x4F, 0x66, 0x66, 0x73, 0x65, 0x74, 0x22, 0x3A, 0x20, 0x34, 0x37,
    0x2C, 0x0D, 0x0A, 0x20, 0x20, 0x20, 0x20, 0x20, 0x20, 0x20, 0x20, 0x20, 0x20, 0x22, 0x72, 0x65,
    0x73, 0x75, 0x6C, 0x74, 0x54, 0x79, 0x70, 0x65, 0x22, 0x3A, 0x20, 0x22, 0x53, 0x79, 0x73, 0x74,
    0x65, 0x6D, 0x2E, 0x49, 0x6E, 0x74, 0x33, 0x32, 0x22, 0x2C, 0x0D, 0x0A, 0x20, 0x20, 0x20, 0x20,
    0x20, 0x20, 0x20, 0x20, 0x20, 0x20, 0x22, 0x69, 0x73, 0x50, 0x72, 0x65, 0x73, 0x65, 0x72, 0x76,
    0x65, 0x53, 0x69, 0x67, 0x22, 0x3A, 0x20, 0x66, 0x61, 0x6C, 0x73, 0x65, 0x0D, 0x0A, 0x20, 0x20,
    0x20, 0x20, 0x20, 0x20, 0x20, 0x20, 0x7D, 0x2C, 0x0D, 0x0A, 0x20, 0x20, 0x20, 0x20, 0x20, 0x20,
    0x20, 0x20, 0x7B, 0x0D, 0x0A, 0x20, 0x20, 0x20, 0x20, 0x20, 0x20, 0x20, 0x20, 0x20, 0x20, 0x22,
    0x6F, 0x70, 0x22, 0x3A, 0x20, 0x22, 0x6C, 0x64, 0x63, 0x2E, 0x69, 0x34, 0x22, 0x2C, 0x0D, 0x0A,
    0x20, 0x20, 0x20, 0x20, 0x20, 0x20, 0x20, 0x20, 0x20, 0x20, 0x22, 0x6F, 0x70, 0x43, 0x6F, 0x64,
    0x65, 0x22, 0x3A, 0x20, 0x30, 0x2C, 0x0D, 0x0A, 0x20, 0x20, 0x20, 0x20, 0x20, 0x20, 0x20, 0x20,
    0x20, 0x20, 0x22, 0x6F, 0x70, 0x65, 0x72, 0x61, 0x6E, 0x64, 0x22, 0x3A, 0x20, 0x30, 0x2C, 0x0D,
    0x0A, 0x20, 0x20, 0x20, 0x20, 0x20, 0x20, 0x20, 0x20, 0x20, 0x20, 0x22, 0x69, 0x6C, 0x4F, 0x66,
    0x66, 0x73, 0x65, 0x74, 0x22, 0x3A, 0x20, 0x34, 0x39, 0x2C, 0x0D, 0x0A, 0x20, 0x20, 0x20, 0x20,
    0x20, 0x20, 0x20, 0x20, 0x20, 0x20, 0x22, 0x72, 0x65, 0x73, 0x75, 0x6C, 0x74, 0x54, 0x79, 0x70,
    0x65, 0x22, 0x3A, 0x20, 0x22, 0x53, 0x79, 0x73, 0x74, 0x65, 0x6D, 0x2E, 0x49, 0x6E, 0x74, 0x33,
    0x32, 0x22, 0x2C, 0x0D, 0x0A, 0x20, 0x20, 0x20, 0x20, 0x20, 0x20, 0x20, 0x20, 0x20, 0x20, 0x22,
    0x69, 0x73, 0x50, 0x72, 0x65, 0x73, 0x65, 0x72, 0x76, 0x65, 0x53, 0x69, 0x67, 0x22, 0x3A, 0x20,
    0x66, 0x61, 0x6C, 0x73, 0x65, 0x0D, 0x0A, 0x20, 0x20, 0x20, 0x20, 0x20, 0x20, 0x20, 0x20, 0x7D,
    0x2C, 0x0D, 0x0A, 0x20, 0x20, 0x20, 0x20, 0x20, 0x20, 0x20, 0x20, 0x7B, 0x0D, 0x0A, 0x20, 0x20,
    0x20, 0x20, 0x20, 0x20, 0x20, 0x20, 0x20, 0x20, 0x22, 0x6F, 0x70, 0x22, 0x3A, 0x20, 0x22, 0x63,
    0x65, 0x71, 0x22, 0x2C, 0x0D, 0x0A, 0x20, 0x20, 0x20, 0x20, 0x20, 0x20, 0x20, 0x20, 0x20, 0x20,
    0x22, 0x6F, 0x70, 0x43, 0x6F, 0x64, 0x65, 0x22, 0x3A, 0x20, 0x33, 0x31, 0x2C, 0x0D, 0x0A, 0x20,
    0x20, 0x20, 0x20, 0x20, 0x20, 0x20, 0x20, 0x20, 0x20, 0x22, 0x69, 0x6C, 0x4F, 0x66, 0x66, 0x73,
    0x65, 0x74, 0x22, 0x3A, 0x20, 0x35, 0x30, 0x2C, 0x0D, 0x0A, 0x20, 0x20, 0x20, 0x20, 0x20, 0x20,
    0x20, 0x20, 0x20, 0x20, 0x22, 0x72, 0x65, 0x73, 0x75, 0x6C, 0x74, 0x54, 0x79, 0x70, 0x65, 0x22,
    0x3A, 0x20, 0x22, 0x53, 0x79, 0x73, 0x74, 0x65, 0x6D, 0x2E, 0x49, 0x6E, 0x74, 0x33, 0x32, 0x22,
    0x2C, 0x0D, 0x0A, 0x20, 0x20, 0x20, 0x20, 0x20, 0x20, 0x20, 0x20, 0x20, 0x20, 0x22, 0x69, 0x73,
    0x50, 0x72, 0x65, 0x73, 0x65, 0x72, 0x76, 0x65, 0x53, 0x69, 0x67, 0x22, 0x3A, 0x20, 0x66, 0x61,
    0x6C, 0x73, 0x65, 0x0D, 0x0A, 0x20, 0x20, 0x20, 0x20, 0x20, 0x20, 0x20, 0x20, 0x7D, 0x2C, 0x0D,
    0x0A, 0x20, 0x20, 0x20, 0x20, 0x20, 0x20, 0x20, 0x20, 0x7B, 0x0D, 0x0A, 0x20, 0x20, 0x20, 0x20,
    0x20, 0x20, 0x20, 0x20, 0x20, 0x20, 0x22, 0x6F, 0x70, 0x22, 0x3A, 0x20, 0x22, 0x73, 0x74, 0x6C,
    0x6F, 0x63, 0x22, 0x2C, 0x0D, 0x0A, 0x20, 0x20, 0x20, 0x20, 0x20, 0x20, 0x20, 0x20, 0x20, 0x20,
    0x22, 0x6F, 0x70, 0x43, 0x6F, 0x64, 0x65, 0x22, 0x3A, 0x20, 0x38, 0x2C, 0x0D, 0x0A, 0x20, 0x20,
    0x20, 0x20, 0x20, 0x20, 0x20, 0x20, 0x20, 0x20, 0x22, 0x6F, 0x70, 0x65, 0x72, 0x61, 0x6E, 0x64,
    0x22, 0x3A, 0x20, 0x30, 0x2C, 0x0D, 0x0A, 0x20, 0x20, 0x20, 0x20, 0x20, 0x20, 0x20, 0x20, 0x20,
    0x20, 0x22, 0x69, 0x6C, 0x4F, 0x66, 0x66, 0x73, 0x65, 0x74, 0x22, 0x3A, 0x20, 0x35, 0x32, 0x2C,
    0x0D, 0x0A, 0x20, 0x20, 0x20, 0x20, 0x20, 0x20, 0x20, 0x20, 0x20, 0x20, 0x22, 0x72, 0x65, 0x73,
    0x75, 0x6C, 0x74, 0x54, 0x79, 0x70, 0x65, 0x22, 0x3A, 0x20, 0x22, 0x53, 0x79, 0x73, 0x74, 0x65,
    0x6D, 0x2E, 0x56, 0x6F, 0x69, 0x64, 0x22, 0x2C, 0x0D, 0x0A, 0x20, 0x20, 0x20, 0x20, 0x20, 0x20,
    0x20, 0x20, 0x20, 0x20, 0x22, 0x69, 0x73, 0x50, 0x72, 0x65, 0x73, 0x65, 0x72, 0x76, 0x65, 0x53,
    0x69, 0x67, 0x22, 0x3A, 0x20, 0x66, 0x61, 0x6C, 0x73, 0x65, 0x0D, 0x0A, 0x20, 0x20, 0x20, 0x20,
    0x20, 0x20, 0x20, 0x20, 0x7D, 0x2C, 0x0D, 0x0A, 0x20, 0x20, 0x20, 0x20, 0x20, 0x20, 0x20, 0x20,
    0x7B, 0x0D, 0x0A, 0x20, 0x20, 0x20, 0x20, 0x20, 0x20, 0x20, 0x20, 0x20, 0x20, 0x22, 0x6F, 0x70,
    0x22, 0x3A, 0x20, 0x22, 0x6C, 0x64, 0x6C, 0x6F, 0x63, 0x22, 0x2C, 0x0D, 0x0A, 0x20, 0x20, 0x20,
    0x20, 0x20, 0x20, 0x20, 0x20, 0x20, 0x20, 0x22, 0x6F, 0x70, 0x43, 0x6F, 0x64, 0x65, 0x22, 0x3A,
    0x20, 0x37, 0x2C, 0x0D, 0x0A, 0x20, 0x20, 0x20, 0x20, 0x20, 0x20, 0x20, 0x20, 0x20, 0x20, 0x22,
    0x6F, 0x70, 0x65, 0x72, 0x61, 0x6E, 0x64, 0x22, 0x3A, 0x20, 0x30, 0x2C, 0x0D, 0x0A, 0x20, 0x20,
    0x20, 0x20, 0x20, 0x20, 0x20, 0x20, 0x20, 0x20, 0x22, 0x69, 0x6C, 0x4F, 0x66, 0x66, 0x73, 0x65,
    0x74, 0x22, 0x3A, 0x20, 0x35, 0x33, 0x2C, 0x0D, 0x0A, 0x20, 0x20, 0x20, 0x20, 0x20, 0x20, 0x20,
    0x20, 0x20, 0x20, 0x22, 0x69, 0x73, 0x50, 0x72, 0x65, 0x73, 0x65, 0x72, 0x76, 0x65, 0x53, 0x69,
    0x67, 0x22, 0x3A, 0x20, 0x66, 0x61, 0x6C, 0x73, 0x65, 0x0D, 0x0A, 0x20, 0x20, 0x20, 0x20, 0x20,
    0x20, 0x20, 0x20, 0x7D, 0x2C, 0x0D, 0x0A, 0x20, 0x20, 0x20, 0x20, 0x20, 0x20, 0x20, 0x20, 0x7B,
    0x0D, 0x0A, 0x20, 0x20, 0x20, 0x20, 0x20, 0x20, 0x20, 0x20, 0x20, 0x20, 0x22, 0x6F, 0x70, 0x22,
    0x3A, 0x20, 0x22, 0x62, 0x72, 0x66, 0x61, 0x6C, 0x73, 0x65, 0x22, 0x2C, 0x0D, 0x0A, 0x20, 0x20,
    0x20, 0x20, 0x20, 0x20, 0x20, 0x20, 0x20, 0x20, 0x22, 0x6F, 0x70, 0x43, 0x6F, 0x64, 0x65, 0x22,
    0x3A, 0x20, 0x31, 0x39, 0x2C, 0x0D, 0x0A, 0x20, 0x20, 0x20, 0x20, 0x20, 0x20, 0x20, 0x20, 0x20,
    0x20, 0x22, 0x6F, 0x70, 0x65, 0x72, 0x61, 0x6E, 0x64, 0x22, 0x3A, 0x20, 0x36, 0x32, 0x2C, 0x0D,
    0x0A, 0x20, 0x20, 0x20, 0x20, 0x20, 0x20, 0x20, 0x20, 0x20, 0x20, 0x22, 0x69, 0x6C, 0x4F, 0x66,
    0x66, 0x73, 0x65, 0x74, 0x22, 0x3A, 0x20, 0x35, 0x34, 0x2C, 0x0D, 0x0A, 0x20, 0x20, 0x20, 0x20,
    0x20, 0x20, 0x20, 0x20, 0x20, 0x20, 0x22, 0x72, 0x65, 0x73, 0x75, 0x6C, 0x74, 0x54, 0x79, 0x70,
    0x65, 0x22, 0x3A, 0x20, 0x22, 0x53, 0x79, 0x73, 0x74, 0x65, 0x6D, 0x2E, 0x56, 0x6F, 0x69, 0x64,
    0x22, 0x2C, 0x0D, 0x0A, 0x20, 0x20, 0x20, 0x20, 0x20, 0x20, 0x20, 0x20, 0x20, 0x20, 0x22, 0x69,
    0x73, 0x50, 0x72, 0x65, 0x73, 0x65, 0x72, 0x76, 0x65, 0x53, 0x69, 0x67, 0x22, 0x3A, 0x20, 0x66,
    0x61, 0x6C, 0x73, 0x65, 0x0D, 0x0A, 0x20, 0x20, 0x20, 0x20, 0x20, 0x20, 0x20, 0x20, 0x7D, 0x2C,
    0x0D, 0x0A, 0x20, 0x20, 0x20, 0x20, 0x20, 0x20, 0x20, 0x20, 0x7B, 0x0D, 0x0A, 0x20, 0x20, 0x20,
    0x20, 0x20, 0x20, 0x20, 0x20, 0x20, 0x20, 0x22, 0x6F, 0x70, 0x22, 0x3A, 0x20, 0x22, 0x6C, 0x64,
    0x63, 0x2E, 0x69, 0x34, 0x22, 0x2C, 0x0D, 0x0A, 0x20, 0x20, 0x20, 0x20, 0x20, 0x20, 0x20, 0x20,
    0x20, 0x20, 0x22, 0x6F, 0x70, 0x43, 0x6F, 0x64, 0x65, 0x22, 0x3A, 0x20, 0x30, 0x2C, 0x0D, 0x0A,
    0x20, 0x20, 0x20, 0x20, 0x20, 0x20, 0x20, 0x20, 0x20, 0x20, 0x22, 0x6F, 0x70, 0x65, 0x72, 0x61,
    0x6E, 0x64, 0x22, 0x3A, 0x20, 0x31, 0x2C, 0x0D, 0x0A, 0x20, 0x20, 0x20, 0x20, 0x20, 0x20, 0x20,
    0x20, 0x20, 0x20, 0x22, 0x69, 0x6C, 0x4F, 0x66, 0x66, 0x73, 0x65, 0x74, 0x22, 0x3A, 0x20, 0x35,
    0x36, 0x2C, 0x0D, 0x0A, 0x20, 0x20, 0x20, 0x20, 0x20, 0x20, 0x20, 0x20, 0x20, 0x20, 0x22, 0x72,
    0x65, 0x73, 0x75, 0x6C, 0x74, 0x54, 0x79, 0x70, 0x65, 0x22, 0x3A, 0x20, 0x22, 0x53, 0x79, 0x73,
    0x74, 0x65, 0x6D, 0x2E, 0x49, 0x6E, 0x74, 0x33, 0x32, 0x22, 0x2C, 0x0D, 0x0A, 0x20, 0x20, 0x20,
    0x20, 0x20, 0x20, 0x20, 0x20, 0x20, 0x20, 0x22, 0x69, 0x73, 0x50, 0x72, 0x65, 0x73, 0x65, 0x72,
    0x76, 0x65, 0x53, 0x69, 0x67, 0x22, 0x3A, 0x20, 0x66, 0x61, 0x6C, 0x73, 0x65, 0x0D, 0x0A, 0x20,
    0x20, 0x20, 0x20, 0x20, 0x20, 0x20, 0x20, 0x7D, 0x2C, 0x0D, 0x0A, 0x20, 0x20, 0x20, 0x20, 0x20,
    0x20, 0x20, 0x20, 0x7B, 0x0D, 0x0A, 0x20, 0x20, 0x20, 0x20, 0x20, 0x20, 0x20, 0x20, 0x20, 0x20,
    0x22, 0x6F, 0x70, 0x22, 0x3A, 0x20, 0x22, 0x73, 0x74, 0x73, 0x66, 0x6C, 0x64, 0x22, 0x2C, 0x0D,
    0x0A, 0x20, 0x20, 0x20, 0x20, 0x20, 0x20, 0x20, 0x20, 0x20, 0x20, 0x22, 0x6F, 0x70, 0x43, 0x6F,
    0x64, 0x65, 0x22, 0x3A, 0x20, 0x31, 0x33, 0x2C, 0x0D, 0x0A, 0x20, 0x20, 0x20, 0x20, 0x20, 0x20,
    0x20, 0x20, 0x20, 0x20, 0x22, 0x6F, 0x70, 0x65, 0x72, 0x61, 0x6E, 0x64, 0x22, 0x3A, 0x20, 0x22,
    0x41, 0x74, 0x74, 0x72, 0x69, 0x62, 0x75, 0x74, 0x65, 0x73, 0x43, 0x75, 0x73, 0x74, 0x6F, 0x6D,
    0x4D, 0x65, 0x74, 0x61, 0x64, 0x61, 0x74, 0x61, 0x53, 0x75, 0x62, 0x6A, 0x65, 0x63, 0x74, 0x73,
    0x2F, 0x41, 0x74, 0x74, 0x72, 0x69, 0x62, 0x75, 0x74, 0x65, 0x73, 0x43, 0x75, 0x73, 0x74, 0x6F,
    0x6D, 0x4D, 0x65, 0x74, 0x61, 0x64, 0x61, 0x74, 0x61, 0x53, 0x75, 0x62, 0x6A, 0x65, 0x63, 0x74,
    0x73, 0x3A, 0x3A, 0x5F, 0x65, 0x78, 0x69, 0x74, 0x43, 0x6F, 0x64, 0x65, 0x22, 0x2C, 0x0D, 0x0A,
    0x20, 0x20, 0x20, 0x20, 0x20, 0x20, 0x20, 0x20, 0x20, 0x20, 0x22, 0x69, 0x6C, 0x4F, 0x66, 0x66,
    0x73, 0x65, 0x74, 0x22, 0x3A, 0x20, 0x35, 0x37, 0x2C, 0x0D, 0x0A, 0x20, 0x20, 0x20, 0x20, 0x20,
    0x20, 0x20, 0x20, 0x20, 0x20, 0x22, 0x72, 0x65, 0x73, 0x75, 0x6C, 0x74, 0x54, 0x79, 0x70, 0x65,
    0x22, 0x3A, 0x20, 0x22, 0x53, 0x79, 0x73, 0x74, 0x65, 0x6D, 0x2E, 0x56, 0x6F, 0x69, 0x64, 0x22,
    0x2C, 0x0D, 0x0A, 0x20, 0x20, 0x20, 0x20, 0x20, 0x20, 0x20, 0x20, 0x20, 0x20, 0x22, 0x72, 0x65,
    0x66, 0x65, 0x72, 0x65, 0x6E, 0x63, 0x65, 0x22, 0x3A, 0x20, 0x7B, 0x0D, 0x0A, 0x20, 0x20, 0x20,
    0x20, 0x20, 0x20, 0x20, 0x20, 0x20, 0x20, 0x20, 0x20, 0x22, 0x61, 0x73, 0x73, 0x65, 0x6D, 0x62,
    0x6C, 0x79, 0x4E, 0x61, 0x6D, 0x65, 0x22, 0x3A, 0x20, 0x22, 0x41, 0x74, 0x74, 0x72, 0x69, 0x62,
    0x75, 0x74, 0x65, 0x73, 0x43, 0x75, 0x73, 0x74, 0x6F, 0x6D, 0x4D, 0x65, 0x74, 0x61, 0x64, 0x61,
    0x74, 0x61, 0x53, 0x75, 0x62, 0x6A, 0x65, 0x63, 0x74, 0x73, 0x22, 0x2C, 0x0D, 0x0A, 0x20, 0x20,
    0x20, 0x20, 0x20, 0x20, 0x20, 0x20, 0x20, 0x20, 0x20, 0x20, 0x22, 0x73, 0x75, 0x62, 0x6A, 0x65,
    0x63, 0x74, 0x4B, 0x69, 0x6E, 0x64, 0x22, 0x3A, 0x20, 0x22, 0x66, 0x69, 0x65, 0x6C, 0x64, 0x22,
    0x2C, 0x0D, 0x0A, 0x20, 0x20, 0x20, 0x20, 0x20, 0x20, 0x20, 0x20, 0x20, 0x20, 0x20, 0x20, 0x22,
    0x73, 0x75, 0x62, 0x6A, 0x65, 0x63, 0x74, 0x49, 0x64, 0x22, 0x3A, 0x20, 0x22, 0x41, 0x74, 0x74,
    0x72, 0x69, 0x62, 0x75, 0x74, 0x65, 0x73, 0x43, 0x75, 0x73, 0x74, 0x6F, 0x6D, 0x4D, 0x65, 0x74,
    0x61, 0x64, 0x61, 0x74, 0x61, 0x53, 0x75, 0x62, 0x6A, 0x65, 0x63, 0x74, 0x73, 0x2F, 0x41, 0x74,
    0x74, 0x72, 0x69, 0x62, 0x75, 0x74, 0x65, 0x73, 0x43, 0x75, 0x73, 0x74, 0x6F, 0x6D, 0x4D, 0x65,
    0x74, 0x61, 0x64, 0x61, 0x74, 0x61, 0x53, 0x75, 0x62, 0x6A, 0x65, 0x63, 0x74, 0x73, 0x3A, 0x3A,
    0x5F, 0x65, 0x78, 0x69, 0x74, 0x43, 0x6F, 0x64, 0x65, 0x22, 0x0D, 0x0A, 0x20, 0x20, 0x20, 0x20,
    0x20, 0x20, 0x20, 0x20, 0x20, 0x20, 0x7D, 0x2C, 0x0D, 0x0A, 0x20, 0x20, 0x20, 0x20, 0x20, 0x20,
    0x20, 0x20, 0x20, 0x20, 0x22, 0x74, 0x61, 0x72, 0x67, 0x65, 0x74, 0x52, 0x65, 0x66, 0x65, 0x72,
    0x65, 0x6E, 0x63, 0x65, 0x22, 0x3A, 0x20, 0x7B, 0x0D, 0x0A, 0x20, 0x20, 0x20, 0x20, 0x20, 0x20,
    0x20, 0x20, 0x20, 0x20, 0x20, 0x20, 0x22, 0x6B, 0x69, 0x6E, 0x64, 0x22, 0x3A, 0x20, 0x32, 0x2C,
    0x0D, 0x0A, 0x20, 0x20, 0x20, 0x20, 0x20, 0x20, 0x20, 0x20, 0x20, 0x20, 0x20, 0x20, 0x22, 0x61,
    0x73, 0x73, 0x65, 0x6D, 0x62, 0x6C, 0x79, 0x4E, 0x61, 0x6D, 0x65, 0x22, 0x3A, 0x20, 0x22, 0x41,
    0x74, 0x74, 0x72, 0x69, 0x62, 0x75, 0x74, 0x65, 0x73, 0x43, 0x75, 0x73, 0x74, 0x6F, 0x6D, 0x4D,
    0x65, 0x74, 0x61, 0x64, 0x61, 0x74, 0x61, 0x53, 0x75, 0x62, 0x6A, 0x65, 0x63, 0x74, 0x73, 0x22,
    0x2C, 0x0D, 0x0A, 0x20, 0x20, 0x20, 0x20, 0x20, 0x20, 0x20, 0x20, 0x20, 0x20, 0x20, 0x20, 0x22,
    0x73, 0x75, 0x62, 0x6A, 0x65, 0x63, 0x74, 0x49, 0x64, 0x22, 0x3A, 0x20, 0x22, 0x41, 0x74, 0x74,
    0x72, 0x69, 0x62, 0x75, 0x74, 0x65, 0x73, 0x43, 0x75, 0x73, 0x74, 0x6F, 0x6D, 0x4D, 0x65, 0x74,
    0x61, 0x64, 0x61, 0x74, 0x61, 0x53, 0x75, 0x62, 0x6A, 0x65, 0x63, 0x74, 0x73, 0x2F, 0x41, 0x74,
    0x74, 0x72, 0x69, 0x62, 0x75, 0x74, 0x65, 0x73, 0x43, 0x75, 0x73, 0x74, 0x6F, 0x6D, 0x4D, 0x65,
    0x74, 0x61, 0x64, 0x61, 0x74, 0x61, 0x53, 0x75, 0x62, 0x6A, 0x65, 0x63, 0x74, 0x73, 0x3A, 0x3A,
    0x5F, 0x65, 0x78, 0x69, 0x74, 0x43, 0x6F, 0x64, 0x65, 0x22, 0x2C, 0x0D, 0x0A, 0x20, 0x20, 0x20,
    0x20, 0x20, 0x20, 0x20, 0x20, 0x20, 0x20, 0x20, 0x20, 0x22, 0x74, 0x79, 0x70, 0x65, 0x53, 0x68,
    0x61, 0x70, 0x65, 0x22, 0x3A, 0x20, 0x30, 0x2C, 0x0D, 0x0A, 0x20, 0x20, 0x20, 0x20, 0x20, 0x20,
    0x20, 0x20, 0x20, 0x20, 0x20, 0x20, 0x22, 0x61, 0x72, 0x72, 0x61, 0x79, 0x45, 0x6C, 0x65, 0x6D,
    0x65, 0x6E, 0x74, 0x54, 0x79, 0x70, 0x65, 0x53, 0x68, 0x61, 0x70, 0x65, 0x22, 0x3A, 0x20, 0x30,
    0x2C, 0x0D, 0x0A, 0x20, 0x20, 0x20, 0x20, 0x20, 0x20, 0x20, 0x20, 0x20, 0x20, 0x20, 0x20, 0x22,
    0x69, 0x73, 0x53, 0x65, 0x61, 0x6C, 0x65, 0x64, 0x22, 0x3A, 0x20, 0x66, 0x61, 0x6C, 0x73, 0x65,
    0x2C, 0x0D, 0x0A, 0x20, 0x20, 0x20, 0x20, 0x20, 0x20, 0x20, 0x20, 0x20, 0x20, 0x20, 0x20, 0x22,
    0x69, 0x73, 0x43, 0x6F, 0x6D, 0x49, 0x6D, 0x70, 0x6F, 0x72, 0x74, 0x22, 0x3A, 0x20, 0x66, 0x61,
    0x6C, 0x73, 0x65, 0x2C, 0x0D, 0x0A, 0x20, 0x20, 0x20, 0x20, 0x20, 0x20, 0x20, 0x20, 0x20, 0x20,
    0x20, 0x20, 0x22, 0x63, 0x6F, 0x6D, 0x49, 0x6E, 0x74, 0x65, 0x72, 0x66, 0x61, 0x63, 0x65, 0x54,
    0x79, 0x70, 0x65, 0x4B, 0x69, 0x6E, 0x64, 0x22, 0x3A, 0x20, 0x30, 0x2C, 0x0D, 0x0A, 0x20, 0x20,
    0x20, 0x20, 0x20, 0x20, 0x20, 0x20, 0x20, 0x20, 0x20, 0x20, 0x22, 0x64, 0x65, 0x63, 0x6C, 0x61,
    0x72, 0x69, 0x6E, 0x67, 0x54, 0x79, 0x70, 0x65, 0x53, 0x75, 0x62, 0x6A, 0x65, 0x63, 0x74, 0x49,
    0x64, 0x22, 0x3A, 0x20, 0x22, 0x41, 0x74, 0x74, 0x72, 0x69, 0x62, 0x75, 0x74, 0x65, 0x73, 0x43,
    0x75, 0x73, 0x74, 0x6F, 0x6D, 0x4D, 0x65, 0x74, 0x61, 0x64, 0x61, 0x74, 0x61, 0x53, 0x75, 0x62,
    0x6A, 0x65, 0x63, 0x74, 0x73, 0x2F, 0x41, 0x74, 0x74, 0x72, 0x69, 0x62, 0x75, 0x74, 0x65, 0x73,
    0x43, 0x75, 0x73, 0x74, 0x6F, 0x6D, 0x4D, 0x65, 0x74, 0x61, 0x64, 0x61, 0x74, 0x61, 0x53, 0x75,
    0x62, 0x6A, 0x65, 0x63, 0x74, 0x73, 0x22, 0x2C, 0x0D, 0x0A, 0x20, 0x20, 0x20, 0x20, 0x20, 0x20,
    0x20, 0x20, 0x20, 0x20, 0x20, 0x20, 0x22, 0x64, 0x65, 0x63, 0x6C, 0x61, 0x72, 0x69, 0x6E, 0x67,
    0x54, 0x79, 0x70, 0x65, 0x53, 0x68, 0x61, 0x70, 0x65, 0x22, 0x3A, 0x20, 0x31, 0x2C, 0x0D, 0x0A,
    0x20, 0x20, 0x20, 0x20, 0x20, 0x20, 0x20, 0x20, 0x20, 0x20, 0x20, 0x20, 0x22, 0x66, 0x69, 0x65,
    0x6C, 0x64, 0x54, 0x79, 0x70, 0x65, 0x53, 0x75, 0x62, 0x6A, 0x65, 0x63, 0x74, 0x49, 0x64, 0x22,
    0x3A, 0x20, 0x22, 0x53, 0x79, 0x73, 0x74, 0x65, 0x6D, 0x2E, 0x49, 0x6E, 0x74, 0x33, 0x32, 0x22,
    0x0D, 0x0A, 0x20, 0x20, 0x20, 0x20, 0x20, 0x20, 0x20, 0x20, 0x20, 0x20, 0x7D, 0x2C, 0x0D, 0x0A,
    0x20, 0x20, 0x20, 0x20, 0x20, 0x20, 0x20, 0x20, 0x20, 0x20, 0x22, 0x72, 0x75, 0x6E, 0x74, 0x69,
    0x6D, 0x65, 0x53, 0x65, 0x72, 0x76, 0x69, 0x63, 0x65, 0x4B, 0x69, 0x6E, 0x64, 0x22, 0x3A, 0x20,
    0x35, 0x2C, 0x0D, 0x0A, 0x20, 0x20, 0x20, 0x20, 0x20, 0x20, 0x20, 0x20, 0x20, 0x20, 0x22, 0x69,
    0x73, 0x50, 0x72, 0x65, 0x73, 0x65, 0x72, 0x76, 0x65, 0x53, 0x69, 0x67, 0x22, 0x3A, 0x20, 0x66,
    0x61, 0x6C, 0x73, 0x65, 0x0D, 0x0A, 0x20, 0x20, 0x20, 0x20, 0x20, 0x20, 0x20, 0x20, 0x7D, 0x2C,
    0x0D, 0x0A, 0x20, 0x20, 0x20, 0x20, 0x20, 0x20, 0x20, 0x20, 0x7B, 0x0D, 0x0A, 0x20, 0x20, 0x20,
    0x20, 0x20, 0x20, 0x20, 0x20, 0x20, 0x20, 0x22, 0x6F, 0x70, 0x22, 0x3A, 0x20, 0x22, 0x72, 0x65,
    0x74, 0x22, 0x2C, 0x0D, 0x0A, 0x20, 0x20, 0x20, 0x20, 0x20, 0x20, 0x20, 0x20, 0x20, 0x20, 0x22,
    0x6F, 0x70, 0x43, 0x6F, 0x64, 0x65, 0x22, 0x3A, 0x20, 0x35, 0x33, 0x2C, 0x0D, 0x0A, 0x20, 0x20,
    0x20, 0x20, 0x20, 0x20, 0x20, 0x20, 0x20, 0x20, 0x22, 0x69, 0x6C, 0x4F, 0x66, 0x66, 0x73, 0x65,
    0x74, 0x22, 0x3A, 0x20, 0x36, 0x32, 0x2C, 0x0D, 0x0A, 0x20, 0x20, 0x20, 0x20, 0x20, 0x20, 0x20,
    0x20, 0x20, 0x20, 0x22, 0x69, 0x73, 0x50, 0x72, 0x65, 0x73, 0x65, 0x72, 0x76, 0x65, 0x53, 0x69,
    0x67, 0x22, 0x3A, 0x20, 0x66, 0x61, 0x6C, 0x73, 0x65, 0x0D, 0x0A, 0x20, 0x20, 0x20, 0x20, 0x20,
    0x20, 0x20, 0x20, 0x7D, 0x0D, 0x0A, 0x20, 0x20, 0x20, 0x20, 0x20, 0x20, 0x5D, 0x2C, 0x0D, 0x0A,
    0x20, 0x20, 0x20, 0x20, 0x20, 0x20, 0x22, 0x69, 0x73, 0x50, 0x49, 0x6E, 0x76, 0x6F, 0x6B, 0x65,
    0x22, 0x3A, 0x20, 0x66, 0x61, 0x6C, 0x73, 0x65, 0x2C, 0x0D, 0x0A, 0x20, 0x20, 0x20, 0x20, 0x20,
    0x20, 0x22, 0x69, 0x73, 0x55, 0x6E, 0x6D, 0x61, 0x6E, 0x61, 0x67, 0x65, 0x64, 0x43, 0x61, 0x6C,
    0x6C, 0x65, 0x72, 0x73, 0x4F, 0x6E, 0x6C, 0x79, 0x22, 0x3A, 0x20, 0x66, 0x61, 0x6C, 0x73, 0x65,
    0x2C, 0x0D, 0x0A, 0x20, 0x20, 0x20, 0x20, 0x20, 0x20, 0x22, 0x69, 0x6D, 0x70, 0x6F, 0x72, 0x74,
    0x43, 0x61, 0x6C, 0x6C, 0x69, 0x6E, 0x67, 0x43, 0x6F, 0x6E, 0x76, 0x65, 0x6E, 0x74, 0x69, 0x6F,
    0x6E, 0x22, 0x3A, 0x20, 0x30, 0x2C, 0x0D, 0x0A, 0x20, 0x20, 0x20, 0x20, 0x20, 0x20, 0x22, 0x69,
    0x6D, 0x70, 0x6F, 0x72, 0x74, 0x43, 0x68, 0x61, 0x72, 0x53, 0x65, 0x74, 0x22, 0x3A, 0x20, 0x30,
    0x2C, 0x0D, 0x0A, 0x20, 0x20, 0x20, 0x20, 0x20, 0x20, 0x22, 0x69, 0x6D, 0x70, 0x6F, 0x72, 0x74,
    0x53, 0x65, 0x74, 0x4C, 0x61, 0x73, 0x74, 0x45, 0x72, 0x72, 0x6F, 0x72, 0x22, 0x3A, 0x20, 0x66,
    0x61, 0x6C, 0x73, 0x65, 0x2C, 0x0D, 0x0A, 0x20, 0x20, 0x20, 0x20, 0x20, 0x20, 0x22, 0x69, 0x73,
    0x49, 0x6E, 0x74, 0x65, 0x72, 0x6E, 0x61, 0x6C, 0x4C, 0x69, 0x6E, 0x6B, 0x22, 0x3A, 0x20, 0x66,
    0x61, 0x6C, 0x73, 0x65, 0x2C, 0x0D, 0x0A, 0x20, 0x20, 0x20, 0x20, 0x20, 0x20, 0x22, 0x69, 0x73,
    0x53, 0x75, 0x70, 0x70, 0x72, 0x65, 0x73, 0x73, 0x47, 0x43, 0x54, 0x72, 0x61, 0x6E, 0x73, 0x69,
    0x74, 0x69, 0x6F, 0x6E, 0x22, 0x3A, 0x20, 0x66, 0x61, 0x6C, 0x73, 0x65, 0x2C, 0x0D, 0x0A, 0x20,
    0x20, 0x20, 0x20, 0x20, 0x20, 0x22, 0x68, 0x61, 0x73, 0x42, 0x6C, 0x69, 0x74, 0x74, 0x61, 0x62,
    0x6C, 0x65, 0x53, 0x74, 0x72, 0x75, 0x63, 0x74, 0x52, 0x65, 0x74, 0x75, 0x72, 0x6E, 0x22, 0x3A,
    0x20, 0x66, 0x61, 0x6C, 0x73, 0x65, 0x2C, 0x0D, 0x0A, 0x20, 0x20, 0x20, 0x20, 0x20, 0x20, 0x22,
    0x64, 0x65, 0x63, 0x6C, 0x61, 0x72, 0x69, 0x6E, 0x67, 0x41, 0x73, 0x73, 0x65, 0x6D, 0x62, 0x6C,
    0x79, 0x4E, 0x61, 0x6D, 0x65, 0x22, 0x3A, 0x20, 0x22, 0x41, 0x74, 0x74, 0x72, 0x69, 0x62, 0x75,
    0x74, 0x65, 0x73, 0x43, 0x75, 0x73, 0x74, 0x6F, 0x6D, 0x4D, 0x65, 0x74, 0x61, 0x64, 0x61, 0x74,
    0x61, 0x53, 0x75, 0x62, 0x6A, 0x65, 0x63, 0x74, 0x73, 0x22, 0x0D, 0x0A, 0x20, 0x20, 0x20, 0x20,
    0x7D, 0x00, 0x7B, 0x0D, 0x0A, 0x20, 0x20, 0x20, 0x20, 0x20, 0x20, 0x22, 0x6D, 0x65, 0x74, 0x68,
    0x6F, 0x64, 0x49, 0x64, 0x22, 0x3A, 0x20, 0x22, 0x61, 0x74, 0x74, 0x72, 0x69, 0x62, 0x75, 0x74,
    0x65, 0x73, 0x2D, 0x63, 0x75, 0x73, 0x74, 0x6F, 0x6D, 0x2D, 0x6D, 0x65, 0x74, 0x61, 0x64, 0x61,
    0x74, 0x61, 0x2D, 0x73, 0x75, 0x62, 0x6A, 0x65, 0x63, 0x74, 0x73, 0x2E, 0x61, 0x74, 0x74, 0x72,
    0x69, 0x62, 0x75, 0x74, 0x65, 0x73, 0x2D, 0x63, 0x75, 0x73, 0x74, 0x6F, 0x6D, 0x2D, 0x6D, 0x65,
    0x74, 0x61, 0x64, 0x61, 0x74, 0x61, 0x2D, 0x73, 0x75, 0x62, 0x6A, 0x65, 0x63, 0x74, 0x73, 0x2E,
    0x73, 0x75, 0x62, 0x6A, 0x65, 0x63, 0x74, 0x2D, 0x33, 0x22, 0x2C, 0x0D, 0x0A, 0x20, 0x20, 0x20,
    0x20, 0x20, 0x20, 0x22, 0x73, 0x75, 0x62, 0x6A, 0x65, 0x63, 0x74, 0x49, 0x64, 0x22, 0x3A, 0x20,
    0x22, 0x41, 0x74, 0x74, 0x72, 0x69, 0x62, 0x75, 0x74, 0x65, 0x73, 0x43, 0x75, 0x73, 0x74, 0x6F,
    0x6D, 0x4D, 0x65, 0x74, 0x61, 0x64, 0x61, 0x74, 0x61, 0x53, 0x75, 0x62, 0x6A, 0x65, 0x63, 0x74,
    0x73, 0x2F, 0x41, 0x74, 0x74, 0x72, 0x69, 0x62, 0x75, 0x74, 0x65, 0x73, 0x43, 0x75, 0x73, 0x74,
    0x6F, 0x6D, 0x4D, 0x65, 0x74, 0x61, 0x64, 0x61, 0x74, 0x61, 0x53, 0x75, 0x62, 0x6A, 0x65, 0x63,
    0x74, 0x73, 0x3A, 0x3A, 0x53, 0x75, 0x62, 0x6A, 0x65, 0x63, 0x74, 0x5F, 0x33, 0x3A, 0x53, 0x79,
    0x73, 0x74, 0x65, 0x6D, 0x2E, 0x56, 0x6F, 0x69, 0x64, 0x28, 0x29, 0x22, 0x2C, 0x0D, 0x0A, 0x20,
    0x20, 0x20, 0x20, 0x20, 0x20, 0x22, 0x73, 0x69, 0x67, 0x6E, 0x61, 0x74, 0x75, 0x72, 0x65, 0x22,
    0x3A, 0x20, 0x22, 0x53, 0x79, 0x73, 0x74, 0x65, 0x6D, 0x2E, 0x56, 0x6F, 0x69, 0x64, 0x20, 0x41,
    0x74, 0x74, 0x72, 0x69, 0x62, 0x75, 0x74, 0x65, 0x73, 0x43, 0x75, 0x73, 0x74, 0x6F, 0x6D, 0x4D,
    0x65, 0x74, 0x61, 0x64, 0x61, 0x74, 0x61, 0x53, 0x75, 0x62, 0x6A, 0x65, 0x63, 0x74, 0x73, 0x3A,
    0x3A, 0x53, 0x75, 0x62, 0x6A, 0x65, 0x63, 0x74, 0x5F, 0x33, 0x28, 0x29, 0x22, 0x2C, 0x0D, 0x0A,
    0x20, 0x20, 0x20, 0x20, 0x20, 0x20, 0x22, 0x69, 0x64, 0x65, 0x6E, 0x74, 0x69, 0x74, 0x79, 0x22,
    0x3A, 0x20, 0x7B, 0x0D, 0x0A, 0x20, 0x20, 0x20, 0x20, 0x20, 0x20, 0x20, 0x20, 0x22, 0x61, 0x73,
    0x73, 0x65, 0x6D, 0x62, 0x6C, 0x79, 0x4E, 0x61, 0x6D, 0x65, 0x22, 0x3A, 0x20, 0x22, 0x41, 0x74,
    0x74, 0x72, 0x69, 0x62, 0x75, 0x74, 0x65, 0x73, 0x43, 0x75, 0x73, 0x74, 0x6F, 0x6D, 0x4D, 0x65,
    0x74, 0x61, 0x64, 0x61, 0x74, 0x61, 0x53, 0x75, 0x62, 0x6A, 0x65, 0x63, 0x74, 0x73, 0x22, 0x2C,
    0x0D, 0x0A, 0x20, 0x20, 0x20, 0x20, 0x20, 0x20, 0x20, 0x20, 0x22, 0x64, 0x65, 0x63, 0x6C, 0x61,
    0x72, 0x69, 0x6E, 0x67, 0x54, 0x79, 0x70, 0x65, 0x53, 0x75, 0x62, 0x6A, 0x65, 0x63, 0x74, 0x49,
    0x64, 0x22, 0x3A, 0x20, 0x22, 0x41, 0x74, 0x74, 0x72, 0x69, 0x62, 0x75, 0x74, 0x65, 0x73, 0x43,
    0x75, 0x73, 0x74, 0x6F, 0x6D, 0x4D, 0x65, 0x74, 0x61, 0x64, 0x61, 0x74, 0x61, 0x53, 0x75, 0x62,
    0x6A, 0x65, 0x63, 0x74, 0x73, 0x2F, 0x41, 0x74, 0x74, 0x72, 0x69, 0x62, 0x75, 0x74, 0x65, 0x73,
    0x43, 0x75, 0x73, 0x74, 0x6F, 0x6D, 0x4D, 0x65, 0x74, 0x61, 0x64, 0x61, 0x74, 0x61, 0x53, 0x75,
    0x62, 0x6A, 0x65, 0x63, 0x74, 0x73, 0x22, 0x2C, 0x0D, 0x0A, 0x20, 0x20, 0x20, 0x20, 0x20, 0x20,
    0x20, 0x20, 0x22, 0x64, 0x65, 0x66, 0x69, 0x6E, 0x69, 0x74, 0x69, 0x6F, 0x6E, 0x53, 0x75, 0x62,
    0x6A, 0x65, 0x63, 0x74, 0x49, 0x64, 0x22, 0x3A, 0x20, 0x22, 0x41, 0x74, 0x74, 0x72, 0x69, 0x62,
    0x75, 0x74, 0x65, 0x73, 0x43, 0x75, 0x73, 0x74, 0x6F, 0x6D, 0x4D, 0x65, 0x74, 0x61, 0x64, 0x61,
    0x74, 0x61, 0x53, 0x75, 0x62, 0x6A, 0x65, 0x63, 0x74, 0x73, 0x2F, 0x41, 0x74, 0x74, 0x72, 0x69,
    0x62, 0x75, 0x74, 0x65, 0x73, 0x43, 0x75, 0x73, 0x74, 0x6F, 0x6D, 0x4D, 0x65, 0x74, 0x61, 0x64,
    0x61, 0x74, 0x61, 0x53, 0x75, 0x62, 0x6A, 0x65, 0x63, 0x74, 0x73, 0x3A, 0x3A, 0x53, 0x75, 0x62,
    0x6A, 0x65, 0x63, 0x74, 0x5F, 0x33, 0x3A, 0x53, 0x79, 0x73, 0x74, 0x65, 0x6D, 0x2E, 0x56, 0x6F,
    0x69, 0x64, 0x28, 0x29, 0x22, 0x2C, 0x0D, 0x0A, 0x20, 0x20, 0x20, 0x20, 0x20, 0x20, 0x20, 0x20,
    0x22, 0x73, 0x75, 0x62, 0x6A, 0x65, 0x63, 0x74, 0x49, 0x64, 0x22, 0x3A, 0x20, 0x22, 0x41, 0x74,
    0x74, 0x72, 0x69, 0x62, 0x75, 0x74, 0x65, 0x73, 0x43, 0x75, 0x73, 0x74, 0x6F, 0x6D, 0x4D, 0x65,
    0x74, 0x61, 0x64, 0x61, 0x74, 0x61, 0x53, 0x75, 0x62, 0x6A, 0x65, 0x63, 0x74, 0x73, 0x2F, 0x41,
    0x74, 0x74, 0x72, 0x69, 0x62, 0x75, 0x74, 0x65, 0x73, 0x43, 0x75, 0x73, 0x74, 0x6F, 0x6D, 0x4D,
    0x65, 0x74, 0x61, 0x64, 0x61, 0x74, 0x61, 0x53, 0x75, 0x62, 0x6A, 0x65, 0x63, 0x74, 0x73, 0x3A,
    0x3A, 0x53, 0x75, 0x62, 0x6A, 0x65, 0x63, 0x74, 0x5F, 0x33, 0x3A, 0x53, 0x79, 0x73, 0x74, 0x65,
    0x6D, 0x2E, 0x56, 0x6F, 0x69, 0x64, 0x28, 0x29, 0x22, 0x2C, 0x0D, 0x0A, 0x20, 0x20, 0x20, 0x20,
    0x20, 0x20, 0x20, 0x20, 0x22, 0x6D, 0x65, 0x74, 0x68, 0x6F, 0x64, 0x49, 0x64, 0x22, 0x3A, 0x20,
    0x22, 0x61, 0x74, 0x74, 0x72, 0x69, 0x62, 0x75, 0x74, 0x65, 0x73, 0x2D, 0x63, 0x75, 0x73, 0x74,
    0x6F, 0x6D, 0x2D, 0x6D, 0x65, 0x74, 0x61, 0x64, 0x61, 0x74, 0x61, 0x2D, 0x73, 0x75, 0x62, 0x6A,
    0x65, 0x63, 0x74, 0x73, 0x2E, 0x61, 0x74, 0x74, 0x72, 0x69, 0x62, 0x75, 0x74, 0x65, 0x73, 0x2D,
    0x63, 0x75, 0x73, 0x74, 0x6F, 0x6D, 0x2D, 0x6D, 0x65, 0x74, 0x61, 0x64, 0x61, 0x74, 0x61, 0x2D,
    0x73, 0x75, 0x62, 0x6A, 0x65, 0x63, 0x74, 0x73, 0x2E, 0x73, 0x75, 0x62, 0x6A, 0x65, 0x63, 0x74,
    0x2D, 0x33, 0x22, 0x2C, 0x0D, 0x0A, 0x20, 0x20, 0x20, 0x20, 0x20, 0x20, 0x20, 0x20, 0x22, 0x73,
    0x69, 0x67, 0x6E, 0x61, 0x74, 0x75, 0x72, 0x65, 0x22, 0x3A, 0x20, 0x22, 0x53, 0x79, 0x73, 0x74,
    0x65, 0x6D, 0x2E, 0x56, 0x6F, 0x69, 0x64, 0x20, 0x41, 0x74, 0x74, 0x72, 0x69, 0x62, 0x75, 0x74,
    0x65, 0x73, 0x43, 0x75, 0x73, 0x74, 0x6F, 0x6D, 0x4D, 0x65, 0x74, 0x61, 0x64, 0x61, 0x74, 0x61,
    0x53, 0x75, 0x62, 0x6A, 0x65, 0x63, 0x74, 0x73, 0x3A, 0x3A, 0x53, 0x75, 0x62, 0x6A, 0x65, 0x63,
    0x74, 0x5F, 0x33, 0x28, 0x29, 0x22, 0x0D, 0x0A, 0x20, 0x20, 0x20, 0x20, 0x20, 0x20, 0x7D, 0x2C,
    0x0D, 0x0A, 0x20, 0x20, 0x20, 0x20, 0x20, 0x20, 0x22, 0x6E, 0x61, 0x74, 0x69, 0x76, 0x65, 0x53,
    0x79, 0x6D, 0x62, 0x6F, 0x6C, 0x22, 0x3A, 0x20, 0x22, 0x41, 0x74, 0x74, 0x72, 0x69, 0x62, 0x75,
    0x74, 0x65, 0x73, 0x43, 0x75, 0x73, 0x74, 0x6F, 0x6D, 0x4D, 0x65, 0x74, 0x61, 0x64, 0x61, 0x74,
    0x61, 0x53, 0x75, 0x62, 0x6A, 0x65, 0x63, 0x74, 0x73, 0x5F, 0x41, 0x74, 0x74, 0x72, 0x69, 0x62,
    0x75, 0x74, 0x65, 0x73, 0x43, 0x75, 0x73, 0x74, 0x6F, 0x6D, 0x4D, 0x65, 0x74, 0x61, 0x64, 0x61,
    0x74, 0x61, 0x53, 0x75, 0x62, 0x6A, 0x65, 0x63, 0x74, 0x73, 0x5F, 0x53, 0x75, 0x62, 0x6A, 0x65,
    0x63, 0x74, 0x5F, 0x33, 0x22, 0x2C, 0x0D, 0x0A, 0x20, 0x20, 0x20, 0x20, 0x20, 0x20, 0x22, 0x69,
    0x73, 0x53, 0x74, 0x61, 0x74, 0x69, 0x63, 0x22, 0x3A, 0x20, 0x74, 0x72, 0x75, 0x65, 0x2C, 0x0D,
    0x0A, 0x20, 0x20, 0x20, 0x20, 0x20, 0x20, 0x22, 0x72, 0x65, 0x74, 0x75, 0x72, 0x6E, 0x54, 0x79,
    0x70, 0x65, 0x22, 0x3A, 0x20, 0x22, 0x53, 0x79, 0x73, 0x74, 0x65, 0x6D, 0x2E, 0x56, 0x6F, 0x69,
    0x64, 0x22, 0x2C, 0x0D, 0x0A, 0x20, 0x20, 0x20, 0x20, 0x20, 0x20, 0x22, 0x72, 0x65, 0x74, 0x75,
    0x72, 0x6E, 0x41, 0x62, 0x69, 0x22, 0x3A, 0x20, 0x7B, 0x0D, 0x0A, 0x20, 0x20, 0x20, 0x20, 0x20,
    0x20, 0x20, 0x20, 0x22, 0x63, 0x61, 0x72, 0x72, 0x69, 0x65, 0x72, 0x4B, 0x69, 0x6E, 0x64, 0x43,
    0x6F, 0x64, 0x65, 0x22, 0x3A, 0x20, 0x30, 0x2C, 0x0D, 0x0A, 0x20, 0x20, 0x20, 0x20, 0x20, 0x20,
    0x20, 0x20, 0x22, 0x74, 0x79, 0x70, 0x65, 0x53, 0x68, 0x61, 0x70, 0x65, 0x22, 0x3A, 0x20, 0x31,
    0x0D, 0x0A, 0x20, 0x20, 0x20, 0x20, 0x20, 0x20, 0x7D, 0x2C, 0x0D, 0x0A, 0x20, 0x20, 0x20, 0x20,
    0x20, 0x20, 0x22, 0x70, 0x61, 0x72, 0x61, 0x6D, 0x65, 0x74, 0x65, 0x72, 0x43, 0x6F, 0x75, 0x6E,
    0x74, 0x22, 0x3A, 0x20, 0x30, 0x2C, 0x0D, 0x0A, 0x20, 0x20, 0x20, 0x20, 0x20, 0x20, 0x22, 0x70,
    0x61, 0x72, 0x61, 0x6D, 0x65, 0x74, 0x65, 0x72, 0x41, 0x62, 0x69, 0x73, 0x22, 0x3A, 0x20, 0x5B,
    0x5D, 0x2C, 0x0D, 0x0A, 0x20, 0x20, 0x20, 0x20, 0x20, 0x20, 0x22, 0x6C, 0x6F, 0x63, 0x61, 0x6C,
    0x43, 0x6F, 0x75, 0x6E, 0x74, 0x22, 0x3A, 0x20, 0x31, 0x2C, 0x0D, 0x0A, 0x20, 0x20, 0x20, 0x20,
    0x20, 0x20, 0x22, 0x65, 0x78, 0x63, 0x65, 0x70, 0x74, 0x69, 0x6F, 0x6E, 0x52, 0x65, 0x67, 0x69,
    0x6F, 0x6E, 0x43, 0x6F, 0x75, 0x6E, 0x74, 0x22, 0x3A, 0x20, 0x30, 0x2C, 0x0D, 0x0A, 0x20, 0x20,
    0x20, 0x20, 0x20, 0x20, 0x22, 0x65, 0x78, 0x63, 0x65, 0x70, 0x74, 0x69, 0x6F, 0x6E, 0x52, 0x65,
    0x67, 0x69, 0x6F, 0x6E, 0x73, 0x22, 0x3A, 0x20, 0x5B, 0x5D, 0x2C, 0x0D, 0x0A, 0x20, 0x20, 0x20,
    0x20, 0x20, 0x20, 0x22, 0x69, 0x6E, 0x73, 0x74, 0x72, 0x75, 0x63, 0x74, 0x69, 0x6F, 0x6E, 0x73,
    0x22, 0x3A, 0x20, 0x5B, 0x0D, 0x0A, 0x20, 0x20, 0x20, 0x20, 0x20, 0x20, 0x20, 0x20, 0x7B, 0x0D,
    0x0A, 0x20, 0x20, 0x20, 0x20, 0x20, 0x20, 0x20, 0x20, 0x20, 0x20, 0x22, 0x6F, 0x70, 0x22, 0x3A,
    0x20, 0x22, 0x6C, 0x64, 0x74, 0x6F, 0x6B, 0x65, 0x6E, 0x22, 0x2C, 0x0D, 0x0A, 0x20, 0x20, 0x20,
    0x20, 0x20, 0x20, 0x20, 0x20, 0x20, 0x20, 0x22, 0x6F, 0x70, 0x43, 0x6F, 0x64, 0x65, 0x22, 0x3A,
    0x20, 0x37, 0x30, 0x2C, 0x0D, 0x0A, 0x20, 0x20, 0x20, 0x20, 0x20, 0x20, 0x20, 0x20, 0x20, 0x20,
    0x22, 0x6F, 0x70, 0x65, 0x72, 0x61, 0x6E, 0x64, 0x22, 0x3A, 0x20, 0x22, 0x53, 0x79, 0x73, 0x74,
    0x65, 0x6D, 0x2E, 0x50, 0x72, 0x69, 0x76, 0x61, 0x74, 0x65, 0x2E, 0x43, 0x6F, 0x72, 0x65, 0x4C,
    0x69, 0x62, 0x2F, 0x53, 0x79, 0x73, 0x74, 0x65, 0x6D, 0x2E, 0x42, 0x79, 0x74, 0x65, 0x22, 0x2C,
    0x0D, 0x0A, 0x20, 0x20, 0x20, 0x20, 0x20, 0x20, 0x20, 0x20, 0x20, 0x20, 0x22, 0x69, 0x6C, 0x4F,
    0x66, 0x66, 0x73, 0x65, 0x74, 0x22, 0x3A, 0x20, 0x31, 0x2C, 0x0D, 0x0A, 0x20, 0x20, 0x20, 0x20,
    0x20, 0x20, 0x20, 0x20, 0x20, 0x20, 0x22, 0x72, 0x65, 0x73, 0x75, 0x6C, 0x74, 0x54, 0x79, 0x70,
    0x65, 0x22, 0x3A, 0x20, 0x22, 0x53, 0x79, 0x73, 0x74, 0x65, 0x6D, 0x2E, 0x52, 0x75, 0x6E, 0x74,
    0x69, 0x6D, 0x65, 0x54, 0x79, 0x70, 0x65, 0x48, 0x61, 0x6E, 0x64, 0x6C, 0x65, 0x22, 0x2C, 0x0D,
    0x0A, 0x20, 0x20, 0x20, 0x20, 0x20, 0x20, 0x20, 0x20, 0x20, 0x20, 0x22, 0x72, 0x65, 0x66, 0x65,
    0x72, 0x65, 0x6E, 0x63, 0x65, 0x22, 0x3A, 0x20, 0x7B, 0x0D, 0x0A, 0x20, 0x20, 0x20, 0x20, 0x20,
    0x20, 0x20, 0x20, 0x20, 0x20, 0x20, 0x20, 0x22, 0x61, 0x73, 0x73, 0x65, 0x6D, 0x62, 0x6C, 0x79,
    0x4E, 0x61, 0x6D, 0x65, 0x22, 0x3A, 0x20, 0x22, 0x53, 0x79, 0x73, 0x74, 0x65, 0x6D, 0x2E, 0x50,
    0x72, 0x69, 0x76, 0x61, 0x74, 0x65, 0x2E, 0x43, 0x6F, 0x72, 0x65, 0x4C, 0x69, 0x62, 0x22, 0x2C,
    0x0D, 0x0A, 0x20, 0x20, 0x20, 0x20, 0x20, 0x20, 0x20, 0x20, 0x20, 0x20, 0x20, 0x20, 0x22, 0x73,
    0x75, 0x62, 0x6A, 0x65, 0x63, 0x74, 0x4B, 0x69, 0x6E, 0x64, 0x22, 0x3A, 0x20, 0x22, 0x74, 0x79,
    0x70, 0x65, 0x22, 0x2C, 0x0D, 0x0A, 0x20, 0x20, 0x20, 0x20, 0x20, 0x20, 0x20, 0x20, 0x20, 0x20,
    0x20, 0x20, 0x22, 0x73, 0x75, 0x62, 0x6A, 0x65, 0x63, 0x74, 0x49, 0x64, 0x22, 0x3A, 0x20, 0x22,
    0x53, 0x79, 0x73, 0x74, 0x65, 0x6D, 0x2E, 0x50, 0x72, 0x69, 0x76, 0x61, 0x74, 0x65, 0x2E, 0x43,
    0x6F, 0x72, 0x65, 0x4C, 0x69, 0x62, 0x2F, 0x53, 0x79, 0x73, 0x74, 0x65, 0x6D, 0x2E, 0x42, 0x79,
    0x74, 0x65, 0x22, 0x0D, 0x0A, 0x20, 0x20, 0x20, 0x20, 0x20, 0x20, 0x20, 0x20, 0x20, 0x20, 0x7D,
    0x2C, 0x0D, 0x0A, 0x20, 0x20, 0x20, 0x20, 0x20, 0x20, 0x20, 0x20, 0x20, 0x20, 0x22, 0x74, 0x61,
    0x72, 0x67, 0x65, 0x74, 0x52, 0x65, 0x66, 0x65, 0x72, 0x65, 0x6E, 0x63, 0x65, 0x22, 0x3A, 0x20,
    0x7B, 0x0D, 0x0A, 0x20, 0x20, 0x20, 0x20, 0x20, 0x20, 0x20, 0x20, 0x20, 0x20, 0x20, 0x20, 0x22,
    0x6B, 0x69, 0x6E, 0x64, 0x22, 0x3A, 0x20, 0x31, 0x2C, 0x0D, 0x0A, 0x20, 0x20, 0x20, 0x20, 0x20,
    0x20, 0x20, 0x20, 0x20, 0x20, 0x20, 0x20, 0x22, 0x61, 0x73, 0x73, 0x65, 0x6D, 0x62, 0x6C, 0x79,
    0x4E, 0x61, 0x6D, 0x65, 0x22, 0x3A, 0x20, 0x22, 0x53, 0x79, 0x73, 0x74, 0x65, 0x6D, 0x2E, 0x50,
    0x72, 0x69, 0x76, 0x61, 0x74, 0x65, 0x2E, 0x43, 0x6F, 0x72, 0x65, 0x4C, 0x69, 0x62, 0x22, 0x2C,
    0x0D, 0x0A, 0x20, 0x20, 0x20, 0x20, 0x20, 0x20, 0x20, 0x20, 0x20, 0x20, 0x20, 0x20, 0x22, 0x73,
    0x75, 0x62, 0x6A, 0x65, 0x63, 0x74, 0x49, 0x64, 0x22, 0x3A, 0x20, 0x22, 0x53, 0x79, 0x73, 0x74,
    0x65, 0x6D, 0x2E, 0x50, 0x72, 0x69, 0x76, 0x61, 0x74, 0x65, 0x2E, 0x43, 0x6F, 0x72, 0x65, 0x4C,
    0x69, 0x62, 0x2F, 0x53, 0x79, 0x73, 0x74, 0x65, 0x6D, 0x2E, 0x42, 0x79, 0x74, 0x65, 0x22, 0x2C,
    0x0D, 0x0A, 0x20, 0x20, 0x20, 0x20, 0x20, 0x20, 0x20, 0x20, 0x20, 0x20, 0x20, 0x20, 0x22, 0x74,
    0x79, 0x70, 0x65, 0x53, 0x68, 0x61, 0x70, 0x65, 0x22, 0x3A, 0x20, 0x31, 0x2C, 0x0D, 0x0A, 0x20,
    0x20, 0x20, 0x20, 0x20, 0x20, 0x20, 0x20, 0x20, 0x20, 0x20, 0x20, 0x22, 0x61, 0x72, 0x72, 0x61,
    0x79, 0x45, 0x6C, 0x65, 0x6D, 0x65, 0x6E, 0x74, 0x54, 0x79, 0x70, 0x65, 0x53, 0x68, 0x61, 0x70,
    0x65, 0x22, 0x3A, 0x20, 0x30, 0x2C, 0x0D, 0x0A, 0x20, 0x20, 0x20, 0x20, 0x20, 0x20, 0x20, 0x20,
    0x20, 0x20, 0x20, 0x20, 0x22, 0x69, 0x73, 0x53, 0x65, 0x61, 0x6C, 0x65, 0x64, 0x22, 0x3A, 0x20,
    0x66, 0x61, 0x6C, 0x73, 0x65, 0x2C, 0x0D, 0x0A, 0x20, 0x20, 0x20, 0x20, 0x20, 0x20, 0x20, 0x20,
    0x20, 0x20, 0x20, 0x20, 0x22, 0x69, 0x73, 0x43, 0x6F, 0x6D, 0x49, 0x6D, 0x70, 0x6F, 0x72, 0x74,
    0x22, 0x3A, 0x20, 0x66, 0x61, 0x6C, 0x73, 0x65, 0x2C, 0x0D, 0x0A, 0x20, 0x20, 0x20, 0x20, 0x20,
    0x20, 0x20, 0x20, 0x20, 0x20, 0x20, 0x20, 0x22, 0x63, 0x6F, 0x6D, 0x49, 0x6E, 0x74, 0x65, 0x72,
    0x66, 0x61, 0x63, 0x65, 0x54, 0x79, 0x70, 0x65, 0x4B, 0x69, 0x6E, 0x64, 0x22, 0x3A, 0x20, 0x30,
    0x2C, 0x0D, 0x0A, 0x20, 0x20, 0x20, 0x20, 0x20, 0x20, 0x20, 0x20, 0x20, 0x20, 0x20, 0x20, 0x22,
    0x64, 0x65, 0x63, 0x6C, 0x61, 0x72, 0x69, 0x6E, 0x67, 0x54, 0x79, 0x70, 0x65, 0x53, 0x68, 0x61,
    0x70, 0x65, 0x22, 0x3A, 0x20, 0x30, 0x0D, 0x0A, 0x20, 0x20, 0x20, 0x20, 0x20, 0x20, 0x20, 0x20,
    0x20, 0x20, 0x7D, 0x2C, 0x0D, 0x0A, 0x20, 0x20, 0x20, 0x20, 0x20, 0x20, 0x20, 0x20, 0x20, 0x20,
    0x22, 0x69, 0x73, 0x50, 0x72, 0x65, 0x73, 0x65, 0x72, 0x76, 0x65, 0x53, 0x69, 0x67, 0x22, 0x3A,
    0x20, 0x66, 0x61, 0x6C, 0x73, 0x65, 0x0D, 0x0A, 0x20, 0x20, 0x20, 0x20, 0x20, 0x20, 0x20, 0x20,
    0x7D, 0x2C, 0x0D, 0x0A, 0x20, 0x20, 0x20, 0x20, 0x20, 0x20, 0x20, 0x20, 0x7B, 0x0D, 0x0A, 0x20,
    0x20, 0x20, 0x20, 0x20, 0x20, 0x20, 0x20, 0x20, 0x20, 0x22, 0x6F, 0x70, 0x22, 0x3A, 0x20, 0x22,
    0x63, 0x61, 0x6C, 0x6C, 0x22, 0x2C, 0x0D, 0x0A, 0x20, 0x20, 0x20, 0x20, 0x20, 0x20, 0x20, 0x20,
    0x20, 0x20, 0x22, 0x6F, 0x70, 0x43, 0x6F, 0x64, 0x65, 0x22, 0x3A, 0x20, 0x31, 0x34, 0x2C, 0x0D,
    0x0A, 0x20, 0x20, 0x20, 0x20, 0x20, 0x20, 0x20, 0x20, 0x20, 0x20, 0x22, 0x69, 0x6C, 0x4F, 0x66,
    0x66, 0x73, 0x65, 0x74, 0x22, 0x3A, 0x20, 0x36, 0x2C, 0x0D, 0x0A, 0x20, 0x20, 0x20, 0x20, 0x20,
    0x20, 0x20, 0x20, 0x20, 0x20, 0x22, 0x72, 0x65, 0x73, 0x75, 0x6C, 0x74, 0x54, 0x79, 0x70, 0x65,
    0x22, 0x3A, 0x20, 0x22, 0x53, 0x79, 0x73, 0x74, 0x65, 0x6D, 0x2E, 0x54, 0x79, 0x70, 0x65, 0x22,
    0x2C, 0x0D, 0x0A, 0x20, 0x20, 0x20, 0x20, 0x20, 0x20, 0x20, 0x20, 0x20, 0x20, 0x22, 0x63, 0x61,
    0x6C, 0x6C, 0x65, 0x65, 0x22, 0x3A, 0x20, 0x22, 0x53, 0x79, 0x73, 0x74, 0x65, 0x6D, 0x2E, 0x50,
    0x72, 0x69, 0x76, 0x61, 0x74, 0x65, 0x2E, 0x43, 0x6F, 0x72, 0x65, 0x4C, 0x69, 0x62, 0x2F, 0x53,
    0x79, 0x73, 0x74, 0x65, 0x6D, 0x2E, 0x54, 0x79, 0x70, 0x65, 0x3A, 0x3A, 0x47, 0x65, 0x74, 0x54,
    0x79, 0x70, 0x65, 0x46, 0x72, 0x6F, 0x6D, 0x48, 0x61, 0x6E, 0x64, 0x6C, 0x65, 0x3A, 0x53, 0x79,
    0x73, 0x74, 0x65, 0x6D, 0x2E, 0x54, 0x79, 0x70, 0x65, 0x28, 0x53, 0x79, 0x73, 0x74, 0x65, 0x6D,
    0x2E, 0x52, 0x75, 0x6E, 0x74, 0x69, 0x6D, 0x65, 0x54, 0x79, 0x70, 0x65, 0x48, 0x61, 0x6E, 0x64,
    0x6C, 0x65, 0x29, 0x22, 0x2C, 0x0D, 0x0A, 0x20, 0x20, 0x20, 0x20, 0x20, 0x20, 0x20, 0x20, 0x20,
    0x20, 0x22, 0x72, 0x65, 0x66, 0x65, 0x72, 0x65, 0x6E, 0x63, 0x65, 0x22, 0x3A, 0x20, 0x7B, 0x0D,
    0x0A, 0x20, 0x20, 0x20, 0x20, 0x20, 0x20, 0x20, 0x20, 0x20, 0x20, 0x20, 0x20, 0x22, 0x61, 0x73,
    0x73, 0x65, 0x6D, 0x62, 0x6C, 0x79, 0x4E, 0x61, 0x6D, 0x65, 0x22, 0x3A, 0x20, 0x22, 0x53, 0x79,
    0x73, 0x74, 0x65, 0x6D, 0x2E, 0x50, 0x72, 0x69, 0x76, 0x61, 0x74, 0x65, 0x2E, 0x43, 0x6F, 0x72,
    0x65, 0x4C, 0x69, 0x62, 0x22, 0x2C, 0x0D, 0x0A, 0x20, 0x20, 0x20, 0x20, 0x20, 0x20, 0x20, 0x20,
    0x20, 0x20, 0x20, 0x20, 0x22, 0x73, 0x75, 0x62, 0x6A, 0x65, 0x63, 0x74, 0x4B, 0x69, 0x6E, 0x64,
    0x22, 0x3A, 0x20, 0x22, 0x6D, 0x65, 0x74, 0x68, 0x6F, 0x64, 0x22, 0x2C, 0x0D, 0x0A, 0x20, 0x20,
    0x20, 0x20, 0x20, 0x20, 0x20, 0x20, 0x20, 0x20, 0x20, 0x20, 0x22, 0x73, 0x75, 0x62, 0x6A, 0x65,
    0x63, 0x74, 0x49, 0x64, 0x22, 0x3A, 0x20, 0x22, 0x53, 0x79, 0x73, 0x74, 0x65, 0x6D, 0x2E, 0x50,
    0x72, 0x69, 0x76, 0x61, 0x74, 0x65, 0x2E, 0x43, 0x6F, 0x72, 0x65, 0x4C, 0x69, 0x62, 0x2F, 0x53,
    0x79, 0x73, 0x74, 0x65, 0x6D, 0x2E, 0x54, 0x79, 0x70, 0x65, 0x3A, 0x3A, 0x47, 0x65, 0x74, 0x54,
    0x79, 0x70, 0x65, 0x46, 0x72, 0x6F, 0x6D, 0x48, 0x61, 0x6E, 0x64, 0x6C, 0x65, 0x3A, 0x53, 0x79,
    0x73, 0x74, 0x65, 0x6D, 0x2E, 0x54, 0x79, 0x70, 0x65, 0x28, 0x53, 0x79, 0x73, 0x74, 0x65, 0x6D,
    0x2E, 0x52, 0x75, 0x6E, 0x74, 0x69, 0x6D, 0x65, 0x54, 0x79, 0x70, 0x65, 0x48, 0x61, 0x6E, 0x64,
    0x6C, 0x65, 0x29, 0x22, 0x0D, 0x0A, 0x20, 0x20, 0x20, 0x20, 0x20, 0x20, 0x20, 0x20, 0x20, 0x20,
    0x7D, 0x2C, 0x0D, 0x0A, 0x20, 0x20, 0x20, 0x20, 0x20, 0x20, 0x20, 0x20, 0x20, 0x20, 0x22, 0x74,
    0x61, 0x72, 0x67, 0x65, 0x74, 0x52, 0x65, 0x66, 0x65, 0x72, 0x65, 0x6E, 0x63, 0x65, 0x22, 0x3A,
    0x20, 0x7B, 0x0D, 0x0A, 0x20, 0x20, 0x20, 0x20, 0x20, 0x20, 0x20, 0x20, 0x20, 0x20, 0x20, 0x20,
    0x22, 0x6B, 0x69, 0x6E, 0x64, 0x22, 0x3A, 0x20, 0x33, 0x2C, 0x0D, 0x0A, 0x20, 0x20, 0x20, 0x20,
    0x20, 0x20, 0x20, 0x20, 0x20, 0x20, 0x20, 0x20, 0x22, 0x61, 0x73, 0x73, 0x65, 0x6D, 0x62, 0x6C,
    0x79, 0x4E, 0x61, 0x6D, 0x65, 0x22, 0x3A, 0x20, 0x22, 0x53, 0x79, 0x73, 0x74, 0x65, 0x6D, 0x2E,
    0x50, 0x72, 0x69, 0x76, 0x61, 0x74, 0x65, 0x2E, 0x43, 0x6F, 0x72, 0x65, 0x4C, 0x69, 0x62, 0x22,
    0x2C, 0x0D, 0x0A, 0x20, 0x20, 0x20, 0x20, 0x20, 0x20, 0x20, 0x20, 0x20, 0x20, 0x20, 0x20, 0x22,
    0x73, 0x75, 0x62, 0x6A, 0x65, 0x63, 0x74, 0x49, 0x64, 0x22, 0x3A, 0x20, 0x22, 0x53, 0x79, 0x73,
    0x74, 0x65, 0x6D, 0x2E, 0x50, 0x72, 0x69, 0x76, 0x61, 0x74, 0x65, 0x2E, 0x43, 0x6F, 0x72, 0x65,
    0x4C, 0x69, 0x62, 0x2F, 0x53, 0x79, 0x73, 0x74, 0x65, 0x6D, 0x2E, 0x54, 0x79, 0x70, 0x65, 0x3A,
    0x3A, 0x47, 0x65, 0x74, 0x54, 0x79, 0x70, 0x65, 0x46, 0x72, 0x6F, 0x6D, 0x48, 0x61, 0x6E, 0x64,
    0x6C, 0x65, 0x3A, 0x53, 0x79, 0x73, 0x74, 0x65, 0x6D, 0x2E, 0x54, 0x79, 0x70, 0x65, 0x28, 0x53,
    0x79, 0x73, 0x74, 0x65, 0x6D, 0x2E, 0x52, 0x75, 0x6E, 0x74, 0x69, 0x6D, 0x65, 0x54, 0x79, 0x70,
    0x65, 0x48, 0x61, 0x6E, 0x64, 0x6C, 0x65, 0x29, 0x22, 0x2C, 0x0D, 0x0A, 0x20, 0x20, 0x20, 0x20,
    0x20, 0x20, 0x20, 0x20, 0x20, 0x20, 0x20, 0x20, 0x22, 0x74, 0x79, 0x70, 0x65, 0x53, 0x68, 0x61,
    0x70, 0x65, 0x22, 0x3A, 0x20, 0x30, 0x2C, 0x0D, 0x0A, 0x20, 0x20, 0x20, 0x20, 0x20, 0x20, 0x20,
    0x20, 0x20, 0x20, 0x20, 0x20, 0x22, 0x61, 0x72, 0x72, 0x61, 0x79, 0x45, 0x6C, 0x65, 0x6D, 0x65,
    0x6E, 0x74, 0x54, 0x79, 0x70, 0x65, 0x53, 0x68, 0x61, 0x70, 0x65, 0x22, 0x3A, 0x20, 0x30, 0x2C,
    0x0D, 0x0A, 0x20, 0x20, 0x20, 0x20, 0x20, 0x20, 0x20, 0x20, 0x20, 0x20, 0x20, 0x20, 0x22, 0x69,
    0x73, 0x53, 0x65, 0x61, 0x6C, 0x65, 0x64, 0x22, 0x3A, 0x20, 0x66, 0x61, 0x6C, 0x73, 0x65, 0x2C,
    0x0D, 0x0A, 0x20, 0x20, 0x20, 0x20, 0x20, 0x20, 0x20, 0x20, 0x20, 0x20, 0x20, 0x20, 0x22, 0x69,
    0x73, 0x43, 0x6F, 0x6D, 0x49, 0x6D, 0x70, 0x6F, 0x72, 0x74, 0x22, 0x3A, 0x20, 0x66, 0x61, 0x6C,
    0x73, 0x65, 0x2C, 0x0D, 0x0A, 0x20, 0x20, 0x20, 0x20, 0x20, 0x20, 0x20, 0x20, 0x20, 0x20, 0x20,
    0x20, 0x22, 0x63, 0x6F, 0x6D, 0x49, 0x6E, 0x74, 0x65, 0x72, 0x66, 0x61, 0x63, 0x65, 0x54, 0x79,
    0x70, 0x65, 0x4B, 0x69, 0x6E, 0x64, 0x22, 0x3A, 0x20, 0x30, 0x2C, 0x0D, 0x0A, 0x20, 0x20, 0x20,
    0x20, 0x20, 0x20, 0x20, 0x20, 0x20, 0x20, 0x20, 0x20, 0x22, 0x64, 0x65, 0x63, 0x6C, 0x61, 0x72,
    0x69, 0x6E, 0x67, 0x54, 0x79, 0x70, 0x65, 0x53, 0x68, 0x61, 0x70, 0x65, 0x22, 0x3A, 0x20, 0x30,
    0x0D, 0x0A, 0x20, 0x20, 0x20, 0x20, 0x20, 0x20, 0x20, 0x20, 0x20, 0x20, 0x7D, 0x2C, 0x0D, 0x0A,
    0x20, 0x20, 0x20, 0x20, 0x20, 0x20, 0x20, 0x20, 0x20, 0x20, 0x22, 0x64, 0x69, 0x73, 0x70, 0x61,
    0x74, 0x63, 0x68, 0x4B, 0x69, 0x6E, 0x64, 0x43, 0x6F, 0x64, 0x65, 0x22, 0x3A, 0x20, 0x34, 0x2C,
    0x0D, 0x0A, 0x20, 0x20, 0x20, 0x20, 0x20, 0x20, 0x20, 0x20, 0x20, 0x20, 0x22, 0x69, 0x73, 0x50,
    0x72, 0x65, 0x73, 0x65, 0x72, 0x76, 0x65, 0x53, 0x69, 0x67, 0x22, 0x3A, 0x20, 0x66, 0x61, 0x6C,
    0x73, 0x65, 0x0D, 0x0A, 0x20, 0x20, 0x20, 0x20, 0x20, 0x20, 0x20, 0x20, 0x7D, 0x2C, 0x0D, 0x0A,
    0x20, 0x20, 0x20, 0x20, 0x20, 0x20, 0x20, 0x20, 0x7B, 0x0D, 0x0A, 0x20, 0x20, 0x20, 0x20, 0x20,
    0x20, 0x20, 0x20, 0x20, 0x20, 0x22, 0x6F, 0x70, 0x22, 0x3A, 0x20, 0x22, 0x63, 0x61, 0x6C, 0x6C,
    0x76, 0x69, 0x72, 0x74, 0x22, 0x2C, 0x0D, 0x0A, 0x20, 0x20, 0x20, 0x20, 0x20, 0x20, 0x20, 0x20,
    0x20, 0x20, 0x22, 0x6F, 0x70, 0x43, 0x6F, 0x64, 0x65, 0x22, 0x3A, 0x20, 0x31, 0x35, 0x2C, 0x0D,
    0x0A, 0x20, 0x20, 0x20, 0x20, 0x20, 0x20, 0x20, 0x20, 0x20, 0x20, 0x22, 0x69, 0x6C, 0x4F, 0x66,
    0x66, 0x73, 0x65, 0x74, 0x22, 0x3A, 0x20, 0x31, 0x31, 0x2C, 0x0D, 0x0A, 0x20, 0x20, 0x20, 0x20,
    0x20, 0x20, 0x20, 0x20, 0x20, 0x20, 0x22, 0x72, 0x65, 0x73, 0x75, 0x6C, 0x74, 0x54, 0x79, 0x70,
    0x65, 0x22, 0x3A, 0x20, 0x22, 0x53, 0x79, 0x73, 0x74, 0x65, 0x6D, 0x2E, 0x52, 0x65, 0x66, 0x6C,
    0x65, 0x63, 0x74, 0x69, 0x6F, 0x6E, 0x2E, 0x41, 0x73, 0x73, 0x65, 0x6D, 0x62, 0x6C, 0x79, 0x22,
    0x2C, 0x0D, 0x0A, 0x20, 0x20, 0x20, 0x20, 0x20, 0x20, 0x20, 0x20, 0x20, 0x20, 0x22, 0x63, 0x61,
    0x6C, 0x6C, 0x65, 0x65, 0x22, 0x3A, 0x20, 0x22, 0x53, 0x79, 0x73, 0x74, 0x65, 0x6D, 0x2E, 0x50,
    0x72, 0x69, 0x76, 0x61, 0x74, 0x65, 0x2E, 0x43, 0x6F, 0x72, 0x65, 0x4C, 0x69, 0x62, 0x2F, 0x53,
    0x79, 0x73, 0x74, 0x65, 0x6D, 0x2E, 0x54, 0x79, 0x70, 0x65, 0x3A, 0x3A, 0x67, 0x65, 0x74, 0x5F,
    0x41, 0x73, 0x73, 0x65, 0x6D, 0x62, 0x6C, 0x79, 0x3A, 0x53, 0x79, 0x73, 0x74, 0x65, 0x6D, 0x2E,
    0x52, 0x65, 0x66, 0x6C, 0x65, 0x63, 0x74, 0x69, 0x6F, 0x6E, 0x2E, 0x41, 0x73, 0x73, 0x65, 0x6D,
    0x62, 0x6C, 0x79, 0x28, 0x29, 0x22, 0x2C, 0x0D, 0x0A, 0x20, 0x20, 0x20, 0x20, 0x20, 0x20, 0x20,
    0x20, 0x20, 0x20, 0x22, 0x72, 0x65, 0x66, 0x65, 0x72, 0x65, 0x6E, 0x63, 0x65, 0x22, 0x3A, 0x20,
    0x7B, 0x0D, 0x0A, 0x20, 0x20, 0x20, 0x20, 0x20, 0x20, 0x20, 0x20, 0x20, 0x20, 0x20, 0x20, 0x22,
    0x61, 0x73, 0x73, 0x65, 0x6D, 0x62, 0x6C, 0x79, 0x4E, 0x61, 0x6D, 0x65, 0x22, 0x3A, 0x20, 0x22,
    0x53, 0x79, 0x73, 0x74, 0x65, 0x6D, 0x2E, 0x50, 0x72, 0x69, 0x76, 0x61, 0x74, 0x65, 0x2E, 0x43,
    0x6F, 0x72, 0x65, 0x4C, 0x69, 0x62, 0x22, 0x2C, 0x0D, 0x0A, 0x20, 0x20, 0x20, 0x20, 0x20, 0x20,
    0x20, 0x20, 0x20, 0x20, 0x20, 0x20, 0x22, 0x73, 0x75, 0x62, 0x6A, 0x65, 0x63, 0x74, 0x4B, 0x69,
    0x6E, 0x64, 0x22, 0x3A, 0x20, 0x22, 0x6D, 0x65, 0x74, 0x68, 0x6F, 0x64, 0x22, 0x2C, 0x0D, 0x0A,
    0x20, 0x20, 0x20, 0x20, 0x20, 0x20, 0x20, 0x20, 0x20, 0x20, 0x20, 0x20, 0x22, 0x73, 0x75, 0x62,
    0x6A, 0x65, 0x63, 0x74, 0x49, 0x64, 0x22, 0x3A, 0x20, 0x22, 0x53, 0x79, 0x73, 0x74, 0x65, 0x6D,
    0x2E, 0x50, 0x72, 0x69, 0x76, 0x61, 0x74, 0x65, 0x2E, 0x43, 0x6F, 0x72, 0x65, 0x4C, 0x69, 0x62,
    0x2F, 0x53, 0x79, 0x73, 0x74, 0x65, 0x6D, 0x2E, 0x54, 0x79, 0x70, 0x65, 0x3A, 0x3A, 0x67, 0x65,
    0x74, 0x5F, 0x41, 0x73, 0x73, 0x65, 0x6D, 0x62, 0x6C, 0x79, 0x3A, 0x53, 0x79, 0x73, 0x74, 0x65,
    0x6D, 0x2E, 0x52, 0x65, 0x66, 0x6C, 0x65, 0x63, 0x74, 0x69, 0x6F, 0x6E, 0x2E, 0x41, 0x73, 0x73,
    0x65, 0x6D, 0x62, 0x6C, 0x79, 0x28, 0x29, 0x22, 0x0D, 0x0A, 0x20, 0x20, 0x20, 0x20, 0x20, 0x20,
    0x20, 0x20, 0x20, 0x20, 0x7D, 0x2C, 0x0D, 0x0A, 0x20, 0x20, 0x20, 0x20, 0x20, 0x20, 0x20, 0x20,
    0x20, 0x20, 0x22, 0x74, 0x61, 0x72, 0x67, 0x65, 0x74, 0x52, 0x65, 0x66, 0x65, 0x72, 0x65, 0x6E,
    0x63, 0x65, 0x22, 0x3A, 0x20, 0x7B, 0x0D, 0x0A, 0x20, 0x20, 0x20, 0x20, 0x20, 0x20, 0x20, 0x20,
    0x20, 0x20, 0x20, 0x20, 0x22, 0x6B, 0x69, 0x6E, 0x64, 0x22, 0x3A, 0x20, 0x33, 0x2C, 0x0D, 0x0A,
    0x20, 0x20, 0x20, 0x20, 0x20, 0x20, 0x20, 0x20, 0x20, 0x20, 0x20, 0x20, 0x22, 0x61, 0x73, 0x73,
    0x65, 0x6D, 0x62, 0x6C, 0x79, 0x4E, 0x61, 0x6D, 0x65, 0x22, 0x3A, 0x20, 0x22, 0x53, 0x79, 0x73,
    0x74, 0x65, 0x6D, 0x2E, 0x50, 0x72, 0x69, 0x76, 0x61, 0x74, 0x65, 0x2E, 0x43, 0x6F, 0x72, 0x65,
    0x4C, 0x69, 0x62, 0x22, 0x2C, 0x0D, 0x0A, 0x20, 0x20, 0x20, 0x20, 0x20, 0x20, 0x20, 0x20, 0x20,
    0x20, 0x20, 0x20, 0x22, 0x73, 0x75, 0x62, 0x6A, 0x65, 0x63, 0x74, 0x49, 0x64, 0x22, 0x3A, 0x20,
    0x22, 0x53, 0x79, 0x73, 0x74, 0x65, 0x6D, 0x2E, 0x50, 0x72, 0x69, 0x76, 0x61, 0x74, 0x65, 0x2E,
    0x43, 0x6F, 0x72, 0x65, 0x4C, 0x69, 0x62, 0x2F, 0x53, 0x79, 0x73, 0x74, 0x65, 0x6D, 0x2E, 0x54,
    0x79, 0x70, 0x65, 0x3A, 0x3A, 0x67, 0x65, 0x74, 0x5F, 0x41, 0x73, 0x73, 0x65, 0x6D, 0x62, 0x6C,
    0x79, 0x3A, 0x53, 0x79, 0x73, 0x74, 0x65, 0x6D, 0x2E, 0x52, 0x65, 0x66, 0x6C, 0x65, 0x63, 0x74,
    0x69, 0x6F, 0x6E, 0x2E, 0x41, 0x73, 0x73, 0x65, 0x6D, 0x62, 0x6C, 0x79, 0x28, 0x29, 0x22, 0x2C,
    0x0D, 0x0A, 0x20, 0x20, 0x20, 0x20, 0x20, 0x20, 0x20, 0x20, 0x20, 0x20, 0x20, 0x20, 0x22, 0x74,
    0x79, 0x70, 0x65, 0x53, 0x68, 0x61, 0x70, 0x65, 0x22, 0x3A, 0x20, 0x30, 0x2C, 0x0D, 0x0A, 0x20,
    0x20, 0x20, 0x20, 0x20, 0x20, 0x20, 0x20, 0x20, 0x20, 0x20, 0x20, 0x22, 0x61, 0x72, 0x72, 0x61,
    0x79, 0x45, 0x6C, 0x65, 0x6D, 0x65, 0x6E, 0x74, 0x54, 0x79, 0x70, 0x65, 0x53, 0x68, 0x61, 0x70,
    0x65, 0x22, 0x3A, 0x20, 0x30, 0x2C, 0x0D, 0x0A, 0x20, 0x20, 0x20, 0x20, 0x20, 0x20, 0x20, 0x20,
    0x20, 0x20, 0x20, 0x20, 0x22, 0x69, 0x73, 0x53, 0x65, 0x61, 0x6C, 0x65, 0x64, 0x22, 0x3A, 0x20,
    0x66, 0x61, 0x6C, 0x73, 0x65, 0x2C, 0x0D, 0x0A, 0x20, 0x20, 0x20, 0x20, 0x20, 0x20, 0x20, 0x20,
    0x20, 0x20, 0x20, 0x20, 0x22, 0x69, 0x73, 0x43, 0x6F, 0x6D, 0x49, 0x6D, 0x70, 0x6F, 0x72, 0x74,
    0x22, 0x3A, 0x20, 0x66, 0x61, 0x6C, 0x73, 0x65, 0x2C, 0x0D, 0x0A, 0x20, 0x20, 0x20, 0x20, 0x20,
    0x20, 0x20, 0x20, 0x20, 0x20, 0x20, 0x20, 0x22, 0x63, 0x6F, 0x6D, 0x49, 0x6E, 0x74, 0x65, 0x72,
    0x66, 0x61, 0x63, 0x65, 0x54, 0x79, 0x70, 0x65, 0x4B, 0x69, 0x6E, 0x64, 0x22, 0x3A, 0x20, 0x30,
    0x2C, 0x0D, 0x0A, 0x20, 0x20, 0x20, 0x20, 0x20, 0x20, 0x20, 0x20, 0x20, 0x20, 0x20, 0x20, 0x22,
    0x64, 0x65, 0x63, 0x6C, 0x61, 0x72, 0x69, 0x6E, 0x67, 0x54, 0x79, 0x70, 0x65, 0x53, 0x68, 0x61,
    0x70, 0x65, 0x22, 0x3A, 0x20, 0x30, 0x0D, 0x0A, 0x20, 0x20, 0x20, 0x20, 0x20, 0x20, 0x20, 0x20,
    0x20, 0x20, 0x7D, 0x2C, 0x0D, 0x0A, 0x20, 0x20, 0x20, 0x20, 0x20, 0x20, 0x20, 0x20, 0x20, 0x20,
    0x22, 0x64, 0x69, 0x73, 0x70, 0x61, 0x74, 0x63, 0x68, 0x4B, 0x69, 0x6E, 0x64, 0x43, 0x6F, 0x64,
    0x65, 0x22, 0x3A, 0x20, 0x34, 0x2C, 0x0D, 0x0A, 0x20, 0x20, 0x20, 0x20, 0x20, 0x20, 0x20, 0x20,
    0x20, 0x20, 0x22, 0x69, 0x73, 0x50, 0x72, 0x65, 0x73, 0x65, 0x72, 0x76, 0x65, 0x53, 0x69, 0x67,
    0x22, 0x3A, 0x20, 0x66, 0x61, 0x6C, 0x73, 0x65, 0x0D, 0x0A, 0x20, 0x20, 0x20, 0x20, 0x20, 0x20,
    0x20, 0x20, 0x7D, 0x2C, 0x0D, 0x0A, 0x20, 0x20, 0x20, 0x20, 0x20, 0x20, 0x20, 0x20, 0x7B, 0x0D,
    0x0A, 0x20, 0x20, 0x20, 0x20, 0x20, 0x20, 0x20, 0x20, 0x20, 0x20, 0x22, 0x6F, 0x70, 0x22, 0x3A,
    0x20, 0x22, 0x6C, 0x64, 0x74, 0x6F, 0x6B, 0x65, 0x6E, 0x22, 0x2C, 0x0D, 0x0A, 0x20, 0x20, 0x20,
    0x20, 0x20, 0x20, 0x20, 0x20, 0x20, 0x20, 0x22, 0x6F, 0x70, 0x43, 0x6F, 0x64, 0x65, 0x22, 0x3A,
    0x20, 0x37, 0x30, 0x2C, 0x0D, 0x0A, 0x20, 0x20, 0x20, 0x20, 0x20, 0x20, 0x20, 0x20, 0x20, 0x20,
    0x22, 0x6F, 0x70, 0x65, 0x72, 0x61, 0x6E, 0x64, 0x22, 0x3A, 0x20, 0x22, 0x53, 0x79, 0x73, 0x74,
    0x65, 0x6D, 0x2E, 0x50, 0x72, 0x69, 0x76, 0x61, 0x74, 0x65, 0x2E, 0x43, 0x6F, 0x72, 0x65, 0x4C,
    0x69, 0x62, 0x2F, 0x53, 0x79, 0x73, 0x74, 0x65, 0x6D, 0x2E, 0x52, 0x65, 0x66, 0x6C, 0x65, 0x63,
    0x74, 0x69, 0x6F, 0x6E, 0x2E, 0x41, 0x73, 0x73, 0x65, 0x6D, 0x62, 0x6C, 0x79, 0x44, 0x65, 0x73,
    0x63, 0x72, 0x69, 0x70, 0x74, 0x69, 0x6F, 0x6E, 0x41, 0x74, 0x74, 0x72, 0x69, 0x62, 0x75, 0x74,
    0x65, 0x22, 0x2C, 0x0D, 0x0A, 0x20, 0x20, 0x20, 0x20, 0x20, 0x20, 0x20, 0x20, 0x20, 0x20, 0x22,
    0x69, 0x6C, 0x4F, 0x66, 0x66, 0x73, 0x65, 0x74, 0x22, 0x3A, 0x20, 0x31, 0x36, 0x2C, 0x0D, 0x0A,
    0x20, 0x20, 0x20, 0x20, 0x20, 0x20, 0x20, 0x20, 0x20, 0x20, 0x22, 0x72, 0x65, 0x73, 0x75, 0x6C,
    0x74, 0x54, 0x79, 0x70, 0x65, 0x22, 0x3A, 0x20, 0x22, 0x53, 0x79, 0x73, 0x74, 0x65, 0x6D, 0x2E,
    0x52, 0x75, 0x6E, 0x74, 0x69, 0x6D, 0x65, 0x54, 0x79, 0x70, 0x65, 0x48, 0x61, 0x6E, 0x64, 0x6C,
    0x65, 0x22, 0x2C, 0x0D, 0x0A, 0x20, 0x20, 0x20, 0x20, 0x20, 0x20, 0x20, 0x20, 0x20, 0x20, 0x22,
    0x72, 0x65, 0x66, 0x65, 0x72, 0x65, 0x6E, 0x63, 0x65, 0x22, 0x3A, 0x20, 0x7B, 0x0D, 0x0A, 0x20,
    0x20, 0x20, 0x20, 0x20, 0x20, 0x20, 0x20, 0x20, 0x20, 0x20, 0x20, 0x22, 0x61, 0x73, 0x73, 0x65,
    0x6D, 0x62, 0x6C, 0x79, 0x4E, 0x61, 0x6D, 0x65, 0x22, 0x3A, 0x20, 0x22, 0x53, 0x79, 0x73, 0x74,
    0x65, 0x6D, 0x2E, 0x50, 0x72, 0x69, 0x76, 0x61, 0x74, 0x65, 0x2E, 0x43, 0x6F, 0x72, 0x65, 0x4C,
    0x69, 0x62, 0x22, 0x2C, 0x0D, 0x0A, 0x20, 0x20, 0x20, 0x20, 0x20, 0x20, 0x20, 0x20, 0x20, 0x20,
    0x20, 0x20, 0x22, 0x73, 0x75, 0x62, 0x6A, 0x65, 0x63, 0x74, 0x4B, 0x69, 0x6E, 0x64, 0x22, 0x3A,
    0x20, 0x22, 0x74, 0x79, 0x70, 0x65, 0x22, 0x2C, 0x0D, 0x0A, 0x20, 0x20, 0x20, 0x20, 0x20, 0x20,
    0x20, 0x20, 0x20, 0x20, 0x20, 0x20, 0x22, 0x73, 0x75, 0x62, 0x6A, 0x65, 0x63, 0x74, 0x49, 0x64,
    0x22, 0x3A, 0x20, 0x22, 0x53, 0x79, 0x73, 0x74, 0x65, 0x6D, 0x2E, 0x50, 0x72, 0x69, 0x76, 0x61,
    0x74, 0x65, 0x2E, 0x43, 0x6F, 0x72, 0x65, 0x4C, 0x69, 0x62, 0x2F, 0x53, 0x79, 0x73, 0x74, 0x65,
    0x6D, 0x2E, 0x52, 0x65, 0x66, 0x6C, 0x65, 0x63, 0x74, 0x69, 0x6F, 0x6E, 0x2E, 0x41, 0x73, 0x73,
    0x65, 0x6D, 0x62, 0x6C, 0x79, 0x44, 0x65, 0x73, 0x63, 0x72, 0x69, 0x70, 0x74, 0x69, 0x6F, 0x6E,
    0x41, 0x74, 0x74, 0x72, 0x69, 0x62, 0x75, 0x74, 0x65, 0x22, 0x0D, 0x0A, 0x20, 0x20, 0x20, 0x20,
    0x20, 0x20, 0x20, 0x20, 0x20, 0x20, 0x7D, 0x2C, 0x0D, 0x0A, 0x20, 0x20, 0x20, 0x20, 0x20, 0x20,
    0x20, 0x20, 0x20, 0x20, 0x22, 0x74, 0x61, 0x72, 0x67, 0x65, 0x74, 0x52, 0x65, 0x66, 0x65, 0x72,
    0x65, 0x6E, 0x63, 0x65, 0x22, 0x3A, 0x20, 0x7B, 0x0D, 0x0A, 0x20, 0x20, 0x20, 0x20, 0x20, 0x20,
    0x20, 0x20, 0x20, 0x20, 0x20, 0x20, 0x22, 0x6B, 0x69, 0x6E, 0x64, 0x22, 0x3A, 0x20, 0x31, 0x2C,
    0x0D, 0x0A, 0x20, 0x20, 0x20, 0x20, 0x20, 0x20, 0x20, 0x20, 0x20, 0x20, 0x20, 0x20, 0x22, 0x61,
    0x73, 0x73, 0x65, 0x6D, 0x62, 0x6C, 0x79, 0x4E, 0x61, 0x6D, 0x65, 0x22, 0x3A, 0x20, 0x22, 0x53,
    0x79, 0x73, 0x74, 0x65, 0x6D, 0x2E, 0x50, 0x72, 0x69, 0x76, 0x61, 0x74, 0x65, 0x2E, 0x43, 0x6F,
    0x72, 0x65, 0x4C, 0x69, 0x62, 0x22, 0x2C, 0x0D, 0x0A, 0x20, 0x20, 0x20, 0x20, 0x20, 0x20, 0x20,
    0x20, 0x20, 0x20, 0x20, 0x20, 0x22, 0x73, 0x75, 0x62, 0x6A, 0x65, 0x63, 0x74, 0x49, 0x64, 0x22,
    0x3A, 0x20, 0x22, 0x53, 0x79, 0x73, 0x74, 0x65, 0x6D, 0x2E, 0x50, 0x72, 0x69, 0x76, 0x61, 0x74,
    0x65, 0x2E, 0x43, 0x6F, 0x72, 0x65, 0x4C, 0x69, 0x62, 0x2F, 0x53, 0x79, 0x73, 0x74, 0x65, 0x6D,
    0x2E, 0x52, 0x65, 0x66, 0x6C, 0x65, 0x63, 0x74, 0x69, 0x6F, 0x6E, 0x2E, 0x41, 0x73, 0x73, 0x65,
    0x6D, 0x62, 0x6C, 0x79, 0x44, 0x65, 0x73, 0x63, 0x72, 0x69, 0x70, 0x74, 0x69, 0x6F, 0x6E, 0x41,
    0x74, 0x74, 0x72, 0x69, 0x62, 0x75, 0x74, 0x65, 0x22, 0x2C, 0x0D, 0x0A, 0x20, 0x20, 0x20, 0x20,
    0x20, 0x20, 0x20, 0x20, 0x20, 0x20, 0x20, 0x20, 0x22, 0x74, 0x79, 0x70, 0x65, 0x53, 0x68, 0x61,
    0x70, 0x65, 0x22, 0x3A, 0x20, 0x31, 0x2C, 0x0D, 0x0A, 0x20, 0x20, 0x20, 0x20, 0x20, 0x20, 0x20,
    0x20, 0x20, 0x20, 0x20, 0x20, 0x22, 0x61, 0x72, 0x72, 0x61, 0x79, 0x45, 0x6C, 0x65, 0x6D, 0x65,
    0x6E, 0x74, 0x54, 0x79, 0x70, 0x65, 0x53, 0x68, 0x61, 0x70, 0x65, 0x22, 0x3A, 0x20, 0x30, 0x2C,
    0x0D, 0x0A, 0x20, 0x20, 0x20, 0x20, 0x20, 0x20, 0x20, 0x20, 0x20, 0x20, 0x20, 0x20, 0x22, 0x69,
    0x73, 0x53, 0x65, 0x61, 0x6C, 0x65, 0x64, 0x22, 0x3A, 0x20, 0x66, 0x61, 0x6C, 0x73, 0x65, 0x2C,
    0x0D, 0x0A, 0x20, 0x20, 0x20, 0x20, 0x20, 0x20, 0x20, 0x20, 0x20, 0x20, 0x20, 0x20, 0x22, 0x69,
    0x73, 0x43, 0x6F, 0x6D, 0x49, 0x6D, 0x70, 0x6F, 0x72, 0x74, 0x22, 0x3A, 0x20, 0x66, 0x61, 0x6C,
    0x73, 0x65, 0x2C, 0x0D, 0x0A, 0x20, 0x20, 0x20, 0x20, 0x20, 0x20, 0x20, 0x20, 0x20, 0x20, 0x20,
    0x20, 0x22, 0x63, 0x6F, 0x6D, 0x49, 0x6E, 0x74, 0x65, 0x72, 0x66, 0x61, 0x63, 0x65, 0x54, 0x79,
    0x70, 0x65, 0x4B, 0x69, 0x6E, 0x64, 0x22, 0x3A, 0x20, 0x30, 0x2C, 0x0D, 0x0A, 0x20, 0x20, 0x20,
    0x20, 0x20, 0x20, 0x20, 0x20, 0x20, 0x20, 0x20, 0x20, 0x22, 0x64, 0x65, 0x63, 0x6C, 0x61, 0x72,
    0x69, 0x6E, 0x67, 0x54, 0x79, 0x70, 0x65, 0x53, 0x68, 0x61, 0x70, 0x65, 0x22, 0x3A, 0x20, 0x30,
    0x0D, 0x0A, 0x20, 0x20, 0x20, 0x20, 0x20, 0x20, 0x20, 0x20, 0x20, 0x20, 0x7D, 0x2C, 0x0D, 0x0A,
    0x20, 0x20, 0x20, 0x20, 0x20, 0x20, 0x20, 0x20, 0x20, 0x20, 0x22, 0x69, 0x73, 0x50, 0x72, 0x65,
    0x73, 0x65, 0x72, 0x76, 0x65, 0x53, 0x69, 0x67, 0x22, 0x3A, 0x20, 0x66, 0x61, 0x6C, 0x73, 0x65,
    0x0D, 0x0A, 0x20, 0x20, 0x20, 0x20, 0x20, 0x20, 0x20, 0x20, 0x7D, 0x2C, 0x0D, 0x0A, 0x20, 0x20,
    0x20, 0x20, 0x20, 0x20, 0x20, 0x20, 0x7B, 0x0D, 0x0A, 0x20, 0x20, 0x20, 0x20, 0x20, 0x20, 0x20,
    0x20, 0x20, 0x20, 0x22, 0x6F, 0x70, 0x22, 0x3A, 0x20, 0x22, 0x63, 0x61, 0x6C, 0x6C, 0x22, 0x2C,
    0x0D, 0x0A, 0x20, 0x20, 0x20, 0x20, 0x20, 0x20, 0x20, 0x20, 0x20, 0x20, 0x22, 0x6F, 0x70, 0x43,
    0x6F, 0x64, 0x65, 0x22, 0x3A, 0x20, 0x31, 0x34, 0x2C, 0x0D, 0x0A, 0x20, 0x20, 0x20, 0x20, 0x20,
    0x20, 0x20, 0x20, 0x20, 0x20, 0x22, 0x69, 0x6C, 0x4F, 0x66, 0x66, 0x73, 0x65, 0x74, 0x22, 0x3A,
    0x20, 0x32, 0x31, 0x2C, 0x0D, 0x0A, 0x20, 0x20, 0x20, 0x20, 0x20, 0x20, 0x20, 0x20, 0x20, 0x20,
    0x22, 0x72, 0x65, 0x73, 0x75, 0x6C, 0x74, 0x54, 0x79, 0x70, 0x65, 0x22, 0x3A, 0x20, 0x22, 0x53,
    0x79, 0x73, 0x74, 0x65, 0x6D, 0x2E, 0x54, 0x79, 0x70, 0x65, 0x22, 0x2C, 0x0D, 0x0A, 0x20, 0x20,
    0x20, 0x20, 0x20, 0x20, 0x20, 0x20, 0x20, 0x20, 0x22, 0x63, 0x61, 0x6C, 0x6C, 0x65, 0x65, 0x22,
    0x3A, 0x20, 0x22, 0x53, 0x79, 0x73, 0x74, 0x65, 0x6D, 0x2E, 0x50, 0x72, 0x69, 0x76, 0x61, 0x74,
    0x65, 0x2E, 0x43, 0x6F, 0x72, 0x65, 0x4C, 0x69, 0x62, 0x2F, 0x53, 0x79, 0x73, 0x74, 0x65, 0x6D,
    0x2E, 0x54, 0x79, 0x70, 0x65, 0x3A, 0x3A, 0x47, 0x65, 0x74, 0x54, 0x79, 0x70, 0x65, 0x46, 0x72,
    0x6F, 0x6D, 0x48, 0x61, 0x6E, 0x64, 0x6C, 0x65, 0x3A, 0x53, 0x79, 0x73, 0x74, 0x65, 0x6D, 0x2E,
    0x54, 0x79, 0x70, 0x65, 0x28, 0x53, 0x79, 0x73, 0x74, 0x65, 0x6D, 0x2E, 0x52, 0x75, 0x6E, 0x74,
    0x69, 0x6D, 0x65, 0x54, 0x79, 0x70, 0x65, 0x48, 0x61, 0x6E, 0x64, 0x6C, 0x65, 0x29, 0x22, 0x2C,
    0x0D, 0x0A, 0x20, 0x20, 0x20, 0x20, 0x20, 0x20, 0x20, 0x20, 0x20, 0x20, 0x22, 0x72, 0x65, 0x66,
    0x65, 0x72, 0x65, 0x6E, 0x63, 0x65, 0x22, 0x3A, 0x20, 0x7B, 0x0D, 0x0A, 0x20, 0x20, 0x20, 0x20,
    0x20, 0x20, 0x20, 0x20, 0x20, 0x20, 0x20, 0x20, 0x22, 0x61, 0x73, 0x73, 0x65, 0x6D, 0x62, 0x6C,
    0x79, 0x4E, 0x61, 0x6D, 0x65, 0x22, 0x3A, 0x20, 0x22, 0x53, 0x79, 0x73, 0x74, 0x65, 0x6D, 0x2E,
    0x50, 0x72, 0x69, 0x76, 0x61, 0x74, 0x65, 0x2E, 0x43, 0x6F, 0x72, 0x65, 0x4C, 0x69, 0x62, 0x22,
    0x2C, 0x0D, 0x0A, 0x20, 0x20, 0x20, 0x20, 0x20, 0x20, 0x20, 0x20, 0x20, 0x20, 0x20, 0x20, 0x22,
    0x73, 0x75, 0x62, 0x6A, 0x65, 0x63, 0x74, 0x4B, 0x69, 0x6E, 0x64, 0x22, 0x3A, 0x20, 0x22, 0x6D,
    0x65, 0x74, 0x68, 0x6F, 0x64, 0x22, 0x2C, 0x0D, 0x0A, 0x20, 0x20, 0x20, 0x20, 0x20, 0x20, 0x20,
    0x20, 0x20, 0x20, 0x20, 0x20, 0x22, 0x73, 0x75, 0x62, 0x6A, 0x65, 0x63, 0x74, 0x49, 0x64, 0x22,
    0x3A, 0x20, 0x22, 0x53, 0x79, 0x73, 0x74, 0x65, 0x6D, 0x2E, 0x50, 0x72, 0x69, 0x76, 0x61, 0x74,
    0x65, 0x2E, 0x43, 0x6F, 0x72, 0x65, 0x4C, 0x69, 0x62, 0x2F, 0x53, 0x79, 0x73, 0x74, 0x65, 0x6D,
    0x2E, 0x54, 0x79, 0x70, 0x65, 0x3A, 0x3A, 0x47, 0x65, 0x74, 0x54, 0x79, 0x70, 0x65, 0x46, 0x72,
    0x6F, 0x6D, 0x48, 0x61, 0x6E, 0x64, 0x6C, 0x65, 0x3A, 0x53, 0x79, 0x73, 0x74, 0x65, 0x6D, 0x2E,
    0x54, 0x79, 0x70, 0x65, 0x28, 0x53, 0x79, 0x73, 0x74, 0x65, 0x6D, 0x2E, 0x52, 0x75, 0x6E, 0x74,
    0x69, 0x6D, 0x65, 0x54, 0x79, 0x70, 0x65, 0x48, 0x61, 0x6E, 0x64, 0x6C, 0x65, 0x29, 0x22, 0x0D,
    0x0A, 0x20, 0x20, 0x20, 0x20, 0x20, 0x20, 0x20, 0x20, 0x20, 0x20, 0x7D, 0x2C, 0x0D, 0x0A, 0x20,
    0x20, 0x20, 0x20, 0x20, 0x20, 0x20, 0x20, 0x20, 0x20, 0x22, 0x74, 0x61, 0x72, 0x67, 0x65, 0x74,
    0x52, 0x65, 0x66, 0x65, 0x72, 0x65, 0x6E, 0x63, 0x65, 0x22, 0x3A, 0x20, 0x7B, 0x0D, 0x0A, 0x20,
    0x20, 0x20, 0x20, 0x20, 0x20, 0x20, 0x20, 0x20, 0x20, 0x20, 0x20, 0x22, 0x6B, 0x69, 0x6E, 0x64,
    0x22, 0x3A, 0x20, 0x33, 0x2C, 0x0D, 0x0A, 0x20, 0x20, 0x20, 0x20, 0x20, 0x20, 0x20, 0x20, 0x20,
    0x20, 0x20, 0x20, 0x22, 0x61, 0x73, 0x73, 0x65, 0x6D, 0x62, 0x6C, 0x79, 0x4E, 0x61, 0x6D, 0x65,
    0x22, 0x3A, 0x20, 0x22, 0x53, 0x79, 0x73, 0x74, 0x65, 0x6D, 0x2E, 0x50, 0x72, 0x69, 0x76, 0x61,
    0x74, 0x65, 0x2E, 0x43, 0x6F, 0x72, 0x65, 0x4C, 0x69, 0x62, 0x22, 0x2C, 0x0D, 0x0A, 0x20, 0x20,
    0x20, 0x20, 0x20, 0x20, 0x20, 0x20, 0x20, 0x20, 0x20, 0x20, 0x22, 0x73, 0x75, 0x62, 0x6A, 0x65,
    0x63, 0x74, 0x49, 0x64, 0x22, 0x3A, 0x20, 0x22, 0x53, 0x79, 0x73, 0x74, 0x65, 0x6D, 0x2E, 0x50,
    0x72, 0x69, 0x76, 0x61, 0x74, 0x65, 0x2E, 0x43, 0x6F, 0x72, 0x65, 0x4C, 0x69, 0x62, 0x2F, 0x53,
    0x79, 0x73, 0x74, 0x65, 0x6D, 0x2E, 0x54, 0x79, 0x70, 0x65, 0x3A, 0x3A, 0x47, 0x65, 0x74, 0x54,
    0x79, 0x70, 0x65, 0x46, 0x72, 0x6F, 0x6D, 0x48, 0x61, 0x6E, 0x64, 0x6C, 0x65, 0x3A, 0x53, 0x79,
    0x73, 0x74, 0x65, 0x6D, 0x2E, 0x54, 0x79, 0x70, 0x65, 0x28, 0x53, 0x79, 0x73, 0x74, 0x65, 0x6D,
    0x2E, 0x52, 0x75, 0x6E, 0x74, 0x69, 0x6D, 0x65, 0x54, 0x79, 0x70, 0x65, 0x48, 0x61, 0x6E, 0x64,
    0x6C, 0x65, 0x29, 0x22, 0x2C, 0x0D, 0x0A, 0x20, 0x20, 0x20, 0x20, 0x20, 0x20, 0x20, 0x20, 0x20,
    0x20, 0x20, 0x20, 0x22, 0x74, 0x79, 0x70, 0x65, 0x53, 0x68, 0x61, 0x70, 0x65, 0x22, 0x3A, 0x20,
    0x30, 0x2C, 0x0D, 0x0A, 0x20, 0x20, 0x20, 0x20, 0x20, 0x20, 0x20, 0x20, 0x20, 0x20, 0x20, 0x20,
    0x22, 0x61, 0x72, 0x72, 0x61, 0x79, 0x45, 0x6C, 0x65, 0x6D, 0x65, 0x6E, 0x74, 0x54, 0x79, 0x70,
    0x65, 0x53, 0x68, 0x61, 0x70, 0x65, 0x22, 0x3A, 0x20, 0x30, 0x2C, 0x0D, 0x0A, 0x20, 0x20, 0x20,
    0x20, 0x20, 0x20, 0x20, 0x20, 0x20, 0x20, 0x20, 0x20, 0x22, 0x69, 0x73, 0x53, 0x65, 0x61, 0x6C,
    0x65, 0x64, 0x22, 0x3A, 0x20, 0x66, 0x61, 0x6C, 0x73, 0x65, 0x2C, 0x0D, 0x0A, 0x20, 0x20, 0x20,
    0x20, 0x20, 0x20, 0x20, 0x20, 0x20, 0x20, 0x20, 0x20, 0x22, 0x69, 0x73, 0x43, 0x6F, 0x6D, 0x49,
    0x6D, 0x70, 0x6F, 0x72, 0x74, 0x22, 0x3A, 0x20, 0x66, 0x61, 0x6C, 0x73, 0x65, 0x2C, 0x0D, 0x0A,
    0x20, 0x20, 0x20, 0x20, 0x20, 0x20, 0x20, 0x20, 0x20, 0x20, 0x20, 0x20, 0x22, 0x63, 0x6F, 0x6D,
    0x49, 0x6E, 0x74, 0x65, 0x72, 0x66, 0x61, 0x63, 0x65, 0x54, 0x79, 0x70, 0x65, 0x4B, 0x69, 0x6E,
    0x64, 0x22, 0x3A, 0x20, 0x30, 0x2C, 0x0D, 0x0A, 0x20, 0x20, 0x20, 0x20, 0x20, 0x20, 0x20, 0x20,
    0x20, 0x20, 0x20, 0x20, 0x22, 0x64, 0x65, 0x63, 0x6C, 0x61, 0x72, 0x69, 0x6E, 0x67, 0x54, 0x79,
    0x70, 0x65, 0x53, 0x68, 0x61, 0x70, 0x65, 0x22, 0x3A, 0x20, 0x30, 0x0D, 0x0A, 0x20, 0x20, 0x20,
    0x20, 0x20, 0x20, 0x20, 0x20, 0x20, 0x20, 0x7D, 0x2C, 0x0D, 0x0A, 0x20, 0x20, 0x20, 0x20, 0x20,
    0x20, 0x20, 0x20, 0x20, 0x20, 0x22, 0x64, 0x69, 0x73, 0x70, 0x61, 0x74, 0x63, 0x68, 0x4B, 0x69,
    0x6E, 0x64, 0x43, 0x6F, 0x64, 0x65, 0x22, 0x3A, 0x20, 0x34, 0x2C, 0x0D, 0x0A, 0x20, 0x20, 0x20,
    0x20, 0x20, 0x20, 0x20, 0x20, 0x20, 0x20, 0x22, 0x69, 0x73, 0x50, 0x72, 0x65, 0x73, 0x65, 0x72,
    0x76, 0x65, 0x53, 0x69, 0x67, 0x22, 0x3A, 0x20, 0x66, 0x61, 0x6C, 0x73, 0x65, 0x0D, 0x0A, 0x20,
    0x20, 0x20, 0x20, 0x20, 0x20, 0x20, 0x20, 0x7D, 0x2C, 0x0D, 0x0A, 0x20, 0x20, 0x20, 0x20, 0x20,
    0x20, 0x20, 0x20, 0x7B, 0x0D, 0x0A, 0x20, 0x20, 0x20, 0x20, 0x20, 0x20, 0x20, 0x20, 0x20, 0x20,
    0x22, 0x6F, 0x70, 0x22, 0x3A, 0x20, 0x22, 0x63, 0x61, 0x6C, 0x6C, 0x22, 0x2C, 0x0D, 0x0A, 0x20,
    0x20, 0x20, 0x20, 0x20, 0x20, 0x20, 0x20, 0x20, 0x20, 0x22, 0x6F, 0x70, 0x43, 0x6F, 0x64, 0x65,
    0x22, 0x3A, 0x20, 0x31, 0x34, 0x2C, 0x0D, 0x0A, 0x20, 0x20, 0x20, 0x20, 0x20, 0x20, 0x20, 0x20,
    0x20, 0x20, 0x22, 0x69, 0x6C, 0x4F, 0x66, 0x66, 0x73, 0x65, 0x74, 0x22, 0x3A, 0x20, 0x32, 0x36,
    0x2C, 0x0D, 0x0A, 0x20, 0x20, 0x20, 0x20, 0x20, 0x20, 0x20, 0x20, 0x20, 0x20, 0x22, 0x72, 0x65,
    0x73, 0x75, 0x6C, 0x74, 0x54, 0x79, 0x70, 0x65, 0x22, 0x3A, 0x20, 0x22, 0x53, 0x79, 0x73, 0x74,
    0x65, 0x6D, 0x2E, 0x43, 0x6F, 0x6C, 0x6C, 0x65, 0x63, 0x74, 0x69, 0x6F, 0x6E, 0x73, 0x2E, 0x47,
    0x65, 0x6E, 0x65, 0x72, 0x69, 0x63, 0x2E, 0x49, 0x45, 0x6E, 0x75, 0x6D, 0x65, 0x72, 0x61, 0x62,
    0x6C, 0x65, 0x5C, 0x75, 0x30, 0x30, 0x33, 0x43, 0x53, 0x79, 0x73, 0x74, 0x65, 0x6D, 0x2E, 0x41,
    0x74, 0x74, 0x72, 0x69, 0x62, 0x75, 0x74, 0x65, 0x5C, 0x75, 0x30, 0x30, 0x33, 0x45, 0x22, 0x2C,
    0x0D, 0x0A, 0x20, 0x20, 0x20, 0x20, 0x20, 0x20, 0x20, 0x20, 0x20, 0x20, 0x22, 0x63, 0x61, 0x6C,
    0x6C, 0x65, 0x65, 0x22, 0x3A, 0x20, 0x22, 0x53, 0x79, 0x73, 0x74, 0x65, 0x6D, 0x2E, 0x50, 0x72,
    0x69, 0x76, 0x61, 0x74, 0x65, 0x2E, 0x43, 0x6F, 0x72, 0x65, 0x4C, 0x69, 0x62, 0x2F, 0x53, 0x79,
    0x73, 0x74, 0x65, 0x6D, 0x2E, 0x52, 0x65, 0x66, 0x6C, 0x65, 0x63, 0x74, 0x69, 0x6F, 0x6E, 0x2E,
    0x43, 0x75, 0x73, 0x74, 0x6F, 0x6D, 0x41, 0x74, 0x74, 0x72, 0x69, 0x62, 0x75, 0x74, 0x65, 0x45,
    0x78, 0x74, 0x65, 0x6E, 0x73, 0x69, 0x6F, 0x6E, 0x73, 0x3A, 0x3A, 0x47, 0x65, 0x74, 0x43, 0x75,
    0x73, 0x74, 0x6F, 0x6D, 0x41, 0x74, 0x74, 0x72, 0x69, 0x62, 0x75, 0x74, 0x65, 0x73, 0x3A, 0x53,
    0x79, 0x73, 0x74, 0x65, 0x6D, 0x2E, 0x43, 0x6F, 0x6C, 0x6C, 0x65, 0x63, 0x74, 0x69, 0x6F, 0x6E,
    0x73, 0x2E, 0x47, 0x65, 0x6E, 0x65, 0x72, 0x69, 0x63, 0x2E, 0x49, 0x45, 0x6E, 0x75, 0x6D, 0x65,
    0x72, 0x61, 0x62, 0x6C, 0x65, 0x5C, 0x75, 0x30, 0x30, 0x33, 0x43, 0x53, 0x79, 0x73, 0x74, 0x65,
    0x6D, 0x2E, 0x41, 0x74, 0x74, 0x72, 0x69, 0x62, 0x75, 0x74, 0x65, 0x5C, 0x75, 0x30, 0x30, 0x33,
    0x45, 0x28, 0x53, 0x79, 0x73, 0x74, 0x65, 0x6D, 0x2E, 0x52, 0x65, 0x66, 0x6C, 0x65, 0x63, 0x74,
    0x69, 0x6F, 0x6E, 0x2E, 0x41, 0x73, 0x73, 0x65, 0x6D, 0x62, 0x6C, 0x79, 0x2C, 0x53, 0x79, 0x73,
    0x74, 0x65, 0x6D, 0x2E, 0x54, 0x79, 0x70, 0x65, 0x29, 0x22, 0x2C, 0x0D, 0x0A, 0x20, 0x20, 0x20,
    0x20, 0x20, 0x20, 0x20, 0x20, 0x20, 0x20, 0x22, 0x72, 0x65, 0x66, 0x65, 0x72, 0x65, 0x6E, 0x63,
    0x65, 0x22, 0x3A, 0x20, 0x7B, 0x0D, 0x0A, 0x20, 0x20, 0x20, 0x20, 0x20, 0x20, 0x20, 0x20, 0x20,
    0x20, 0x20, 0x20, 0x22, 0x61, 0x73, 0x73, 0x65, 0x6D, 0x62, 0x6C, 0x79, 0x4E, 0x61, 0x6D, 0x65,
    0x22, 0x3A, 0x20, 0x22, 0x53, 0x79, 0x73, 0x74, 0x65, 0x6D, 0x2E, 0x50, 0x72, 0x69, 0x76, 0x61,
    0x74, 0x65, 0x2E, 0x43, 0x6F, 0x72, 0x65, 0x4C, 0x69, 0x62, 0x22, 0x2C, 0x0D, 0x0A, 0x20, 0x20,
    0x20, 0x20, 0x20, 0x20, 0x20, 0x20, 0x20, 0x20, 0x20, 0x20, 0x22, 0x73, 0x75, 0x62, 0x6A, 0x65,
    0x63, 0x74, 0x4B, 0x69, 0x6E, 0x64, 0x22, 0x3A, 0x20, 0x22, 0x6D, 0x65, 0x74, 0x68, 0x6F, 0x64,
    0x22, 0x2C, 0x0D, 0x0A, 0x20, 0x20, 0x20, 0x20, 0x20, 0x20, 0x20, 0x20, 0x20, 0x20, 0x20, 0x20,
    0x22, 0x73, 0x75, 0x62, 0x6A, 0x65, 0x63, 0x74, 0x49, 0x64, 0x22, 0x3A, 0x20, 0x22, 0x53, 0x79,
    0x73, 0x74, 0x65, 0x6D, 0x2E, 0x50, 0x72, 0x69, 0x76, 0x61, 0x74, 0x65, 0x2E, 0x43, 0x6F, 0x72,
    0x65, 0x4C, 0x69, 0x62, 0x2F, 0x53, 0x79, 0x73, 0x74, 0x65, 0x6D, 0x2E, 0x52, 0x65, 0x66, 0x6C,
    0x65, 0x63, 0x74, 0x69, 0x6F, 0x6E, 0x2E, 0x43, 0x75, 0x73, 0x74, 0x6F, 0x6D, 0x41, 0x74, 0x74,
    0x72, 0x69, 0x62, 0x75, 0x74, 0x65, 0x45, 0x78, 0x74, 0x65, 0x6E, 0x73, 0x69, 0x6F, 0x6E, 0x73,
    0x3A, 0x3A, 0x47, 0x65, 0x74, 0x43, 0x75, 0x73, 0x74, 0x6F, 0x6D, 0x41, 0x74, 0x74, 0x72, 0x69,
    0x62, 0x75, 0x74, 0x65, 0x73, 0x3A, 0x53, 0x79, 0x73, 0x74, 0x65, 0x6D, 0x2E, 0x43, 0x6F, 0x6C,
    0x6C, 0x65, 0x63, 0x74, 0x69, 0x6F, 0x6E, 0x73, 0x2E, 0x47, 0x65, 0x6E, 0x65, 0x72, 0x69, 0x63,
    0x2E, 0x49, 0x45, 0x6E, 0x75, 0x6D, 0x65, 0x72, 0x61, 0x62, 0x6C, 0x65, 0x5C, 0x75, 0x30, 0x30,
    0x33, 0x43, 0x53, 0x79, 0x73, 0x74, 0x65, 0x6D, 0x2E, 0x41, 0x74, 0x74, 0x72, 0x69, 0x62, 0x75,
    0x74, 0x65, 0x5C, 0x75, 0x30, 0x30, 0x33, 0x45, 0x28, 0x53, 0x79, 0x73, 0x74, 0x65, 0x6D, 0x2E,
    0x52, 0x65, 0x66, 0x6C, 0x65, 0x63, 0x74, 0x69, 0x6F, 0x6E, 0x2E, 0x41, 0x73, 0x73, 0x65, 0x6D,
    0x62, 0x6C, 0x79, 0x2C, 0x53, 0x79, 0x73, 0x74, 0x65, 0x6D, 0x2E, 0x54, 0x79, 0x70, 0x65, 0x29,
    0x22, 0x0D, 0x0A, 0x20, 0x20, 0x20, 0x20, 0x20, 0x20, 0x20, 0x20, 0x20, 0x20, 0x7D, 0x2C, 0x0D,
    0x0A, 0x20, 0x20, 0x20, 0x20, 0x20, 0x20, 0x20, 0x20, 0x20, 0x20, 0x22, 0x74, 0x61, 0x72, 0x67,
    0x65, 0x74, 0x52, 0x65, 0x66, 0x65, 0x72, 0x65, 0x6E, 0x63, 0x65, 0x22, 0x3A, 0x20, 0x7B, 0x0D,
    0x0A, 0x20, 0x20, 0x20, 0x20, 0x20, 0x20, 0x20, 0x20, 0x20, 0x20, 0x20, 0x20, 0x22, 0x6B, 0x69,
    0x6E, 0x64, 0x22, 0x3A, 0x20, 0x33, 0x2C, 0x0D, 0x0A, 0x20, 0x20, 0x20, 0x20, 0x20, 0x20, 0x20,
    0x20, 0x20, 0x20, 0x20, 0x20, 0x22, 0x61, 0x73, 0x73, 0x65, 0x6D, 0x62, 0x6C, 0x79, 0x4E, 0x61,
    0x6D, 0x65, 0x22, 0x3A, 0x20, 0x22, 0x53, 0x79, 0x73, 0x74, 0x65, 0x6D, 0x2E, 0x50, 0x72, 0x69,
    0x76, 0x61, 0x74, 0x65, 0x2E, 0x43, 0x6F, 0x72, 0x65, 0x4C, 0x69, 0x62, 0x22, 0x2C, 0x0D, 0x0A,
    0x20, 0x20, 0x20, 0x20, 0x20, 0x20, 0x20, 0x20, 0x20, 0x20, 0x20, 0x20, 0x22, 0x73, 0x75, 0x62,
    0x6A, 0x65, 0x63, 0x74, 0x49, 0x64, 0x22, 0x3A, 0x20, 0x22, 0x53, 0x79, 0x73, 0x74, 0x65, 0x6D,
    0x2E, 0x50, 0x72, 0x69, 0x76, 0x61, 0x74, 0x65, 0x2E, 0x43, 0x6F, 0x72, 0x65, 0x4C, 0x69, 0x62,
    0x2F, 0x53, 0x79, 0x73, 0x74, 0x65, 0x6D, 0x2E, 0x52, 0x65, 0x66, 0x6C, 0x65, 0x63, 0x74, 0x69,
    0x6F, 0x6E, 0x2E, 0x43, 0x75, 0x73, 0x74, 0x6F, 0x6D, 0x41, 0x74, 0x74, 0x72, 0x69, 0x62, 0x75,
    0x74, 0x65, 0x45, 0x78, 0x74, 0x65, 0x6E, 0x73, 0x69, 0x6F, 0x6E, 0x73, 0x3A, 0x3A, 0x47, 0x65,
    0x74, 0x43, 0x75, 0x73, 0x74, 0x6F, 0x6D, 0x41, 0x74, 0x74, 0x72, 0x69, 0x62, 0x75, 0x74, 0x65,
    0x73, 0x3A, 0x53, 0x79, 0x73, 0x74, 0x65, 0x6D, 0x2E, 0x43, 0x6F, 0x6C, 0x6C, 0x65, 0x63, 0x74,
    0x69, 0x6F, 0x6E, 0x73, 0x2E, 0x47, 0x65, 0x6E, 0x65, 0x72, 0x69, 0x63, 0x2E, 0x49, 0x45, 0x6E,
    0x75, 0x6D, 0x65, 0x72, 0x61, 0x62, 0x6C, 0x65, 0x5C, 0x75, 0x30, 0x30, 0x33, 0x43, 0x53, 0x79,
    0x73, 0x74, 0x65, 0x6D, 0x2E, 0x41, 0x74, 0x74, 0x72, 0x69, 0x62, 0x75, 0x74, 0x65, 0x5C, 0x75,
    0x30, 0x30, 0x33, 0x45, 0x28, 0x53, 0x79, 0x73, 0x74, 0x65, 0x6D, 0x2E, 0x52, 0x65, 0x66, 0x6C,
    0x65, 0x63, 0x74, 0x69, 0x6F, 0x6E, 0x2E, 0x41, 0x73, 0x73, 0x65, 0x6D, 0x62, 0x6C, 0x79, 0x2C,
    0x53, 0x79, 0x73, 0x74, 0x65, 0x6D, 0x2E, 0x54, 0x79, 0x70, 0x65, 0x29, 0x22, 0x2C, 0x0D, 0x0A,
    0x20, 0x20, 0x20, 0x20, 0x20, 0x20, 0x20, 0x20, 0x20, 0x20, 0x20, 0x20, 0x22, 0x74, 0x79, 0x70,
    0x65, 0x53, 0x68, 0x61, 0x70, 0x65, 0x22, 0x3A, 0x20, 0x30, 0x2C, 0x0D, 0x0A, 0x20, 0x20, 0x20,
    0x20, 0x20, 0x20, 0x20, 0x20, 0x20, 0x20, 0x20, 0x20, 0x22, 0x61, 0x72, 0x72, 0x61, 0x79, 0x45,
    0x6C, 0x65, 0x6D, 0x65, 0x6E, 0x74, 0x54, 0x79, 0x70, 0x65, 0x53, 0x68, 0x61, 0x70, 0x65, 0x22,
    0x3A, 0x20, 0x30, 0x2C, 0x0D, 0x0A, 0x20, 0x20, 0x20, 0x20, 0x20, 0x20, 0x20, 0x20, 0x20, 0x20,
    0x20, 0x20, 0x22, 0x69, 0x73, 0x53, 0x65, 0x61, 0x6C, 0x65, 0x64, 0x22, 0x3A, 0x20, 0x66, 0x61,
    0x6C, 0x73, 0x65, 0x2C, 0x0D, 0x0A, 0x20, 0x20, 0x20, 0x20, 0x20, 0x20, 0x20, 0x20, 0x20, 0x20,
    0x20, 0x20, 0x22, 0x69, 0x73, 0x43, 0x6F, 0x6D, 0x49, 0x6D, 0x70, 0x6F, 0x72, 0x74, 0x22, 0x3A,
    0x20, 0x66, 0x61, 0x6C, 0x73, 0x65, 0x2C, 0x0D, 0x0A, 0x20, 0x20, 0x20, 0x20, 0x20, 0x20, 0x20,
    0x20, 0x20, 0x20, 0x20, 0x20, 0x22, 0x63, 0x6F, 0x6D, 0x49, 0x6E, 0x74, 0x65, 0x72, 0x66, 0x61,
    0x63, 0x65, 0x54, 0x79, 0x70, 0x65, 0x4B, 0x69, 0x6E, 0x64, 0x22, 0x3A, 0x20, 0x30, 0x2C, 0x0D,
    0x0A, 0x20, 0x20, 0x20, 0x20, 0x20, 0x20, 0x20, 0x20, 0x20, 0x20, 0x20, 0x20, 0x22, 0x64, 0x65,
    0x63, 0x6C, 0x61, 0x72, 0x69, 0x6E, 0x67, 0x54, 0x79, 0x70, 0x65, 0x53, 0x68, 0x61, 0x70, 0x65,
    0x22, 0x3A, 0x20, 0x30, 0x0D, 0x0A, 0x20, 0x20, 0x20, 0x20, 0x20, 0x20, 0x20, 0x20, 0x20, 0x20,
    0x7D, 0x2C, 0x0D, 0x0A, 0x20, 0x20, 0x20, 0x20, 0x20, 0x20, 0x20, 0x20, 0x20, 0x20, 0x22, 0x64,
    0x69, 0x73, 0x70, 0x61, 0x74, 0x63, 0x68, 0x4B, 0x69, 0x6E, 0x64, 0x43, 0x6F, 0x64, 0x65, 0x22,
    0x3A, 0x20, 0x34, 0x2C, 0x0D, 0x0A, 0x20, 0x20, 0x20, 0x20, 0x20, 0x20, 0x20, 0x20, 0x20, 0x20,
    0x22, 0x69, 0x73, 0x50, 0x72, 0x65, 0x73, 0x65, 0x72, 0x76, 0x65, 0x53, 0x69, 0x67, 0x22, 0x3A,
    0x20, 0x66, 0x61, 0x6C, 0x73, 0x65, 0x0D, 0x0A, 0x20, 0x20, 0x20, 0x20, 0x20, 0x20, 0x20, 0x20,
    0x7D, 0x2C, 0x0D, 0x0A, 0x20, 0x20, 0x20, 0x20, 0x20, 0x20, 0x20, 0x20, 0x7B, 0x0D, 0x0A, 0x20,
    0x20, 0x20, 0x20, 0x20, 0x20, 0x20, 0x20, 0x20, 0x20, 0x22, 0x6F, 0x70, 0x22, 0x3A, 0x20, 0x22,
    0x63, 0x61, 0x6C, 0x6C, 0x22, 0x2C, 0x0D, 0x0A, 0x20, 0x20, 0x20, 0x20, 0x20, 0x20, 0x20, 0x20,
    0x20, 0x20, 0x22, 0x6F, 0x70, 0x43, 0x6F, 0x64, 0x65, 0x22, 0x3A, 0x20, 0x31, 0x34, 0x2C, 0x0D,
    0x0A, 0x20, 0x20, 0x20, 0x20, 0x20, 0x20, 0x20, 0x20, 0x20, 0x20, 0x22, 0x69, 0x6C, 0x4F, 0x66,
    0x66, 0x73, 0x65, 0x74, 0x22, 0x3A, 0x20, 0x33, 0x31, 0x2C, 0x0D, 0x0A, 0x20, 0x20, 0x20, 0x20,
    0x20, 0x20, 0x20, 0x20, 0x20, 0x20, 0x22, 0x72, 0x65, 0x73, 0x75, 0x6C, 0x74, 0x54, 0x79, 0x70,
    0x65, 0x22, 0x3A, 0x20, 0x22, 0x53, 0x79, 0x73, 0x74, 0x65, 0x6D, 0x2E, 0x43, 0x6F, 0x6C, 0x6C,
    0x65, 0x63, 0x74, 0x69, 0x6F, 0x6E, 0x73, 0x2E, 0x47, 0x65, 0x6E, 0x65, 0x72, 0x69, 0x63, 0x2E,
    0x49, 0x45, 0x6E, 0x75, 0x6D, 0x65, 0x72, 0x61, 0x62, 0x6C, 0x65, 0x5C, 0x75, 0x30, 0x30, 0x33,
    0x43, 0x53, 0x79, 0x73, 0x74, 0x65, 0x6D, 0x2E, 0x41, 0x74, 0x74, 0x72, 0x69, 0x62, 0x75, 0x74,
    0x65, 0x5C, 0x75, 0x30, 0x30, 0x33, 0x45, 0x22, 0x2C, 0x0D, 0x0A, 0x20, 0x20, 0x20, 0x20, 0x20,
    0x20, 0x20, 0x20, 0x20, 0x20, 0x22, 0x63, 0x61, 0x6C, 0x6C, 0x65, 0x65, 0x22, 0x3A, 0x20, 0x22,
    0x53, 0x79, 0x73, 0x74, 0x65, 0x6D, 0x2E, 0x4C, 0x69, 0x6E, 0x71, 0x2F, 0x45, 0x6E, 0x75, 0x6D,
    0x65, 0x72, 0x61, 0x62, 0x6C, 0x65, 0x3A, 0x3A, 0x43, 0x61, 0x73, 0x74, 0x5C, 0x75, 0x30, 0x30,
    0x33, 0x43, 0x53, 0x79, 0x73, 0x74, 0x65, 0x6D, 0x2E, 0x41, 0x74, 0x74, 0x72, 0x69, 0x62, 0x75,
    0x74, 0x65, 0x5C, 0x75, 0x30, 0x30, 0x33, 0x45, 0x3A, 0x53, 0x79, 0x73, 0x74, 0x65, 0x6D, 0x2E,
    0x43, 0x6F, 0x6C, 0x6C, 0x65, 0x63, 0x74, 0x69, 0x6F, 0x6E, 0x73, 0x2E, 0x47, 0x65, 0x6E, 0x65,
    0x72, 0x69, 0x63, 0x2E, 0x49, 0x45, 0x6E, 0x75, 0x6D, 0x65, 0x72, 0x61, 0x62, 0x6C, 0x65, 0x5C,
    0x75, 0x30, 0x30, 0x33, 0x43, 0x53, 0x79, 0x73, 0x74, 0x65, 0x6D, 0x2E, 0x41, 0x74, 0x74, 0x72,
    0x69, 0x62, 0x75, 0x74, 0x65, 0x5C, 0x75, 0x30, 0x30, 0x33, 0x45, 0x28, 0x53, 0x79, 0x73, 0x74,
    0x65, 0x6D, 0x2E, 0x43, 0x6F, 0x6C, 0x6C, 0x65, 0x63, 0x74, 0x69, 0x6F, 0x6E, 0x73, 0x2E, 0x49,
    0x45, 0x6E, 0x75, 0x6D, 0x65, 0x72, 0x61, 0x62, 0x6C, 0x65, 0x29, 0x22, 0x2C, 0x0D, 0x0A, 0x20,
    0x20, 0x20, 0x20, 0x20, 0x20, 0x20, 0x20, 0x20, 0x20, 0x22, 0x72, 0x65, 0x66, 0x65, 0x72, 0x65,
    0x6E, 0x63, 0x65, 0x22, 0x3A, 0x20, 0x7B, 0x0D, 0x0A, 0x20, 0x20, 0x20, 0x20, 0x20, 0x20, 0x20,
    0x20, 0x20, 0x20, 0x20, 0x20, 0x22, 0x61, 0x73, 0x73, 0x65, 0x6D, 0x62, 0x6C, 0x79, 0x4E, 0x61,
    0x6D, 0x65, 0x22, 0x3A, 0x20, 0x22, 0x53, 0x79, 0x73, 0x74, 0x65, 0x6D, 0x2E, 0x4C, 0x69, 0x6E,
    0x71, 0x22, 0x2C, 0x0D, 0x0A, 0x20, 0x20, 0x20, 0x20, 0x20, 0x20, 0x20, 0x20, 0x20, 0x20, 0x20,
    0x20, 0x22, 0x73, 0x75, 0x62, 0x6A, 0x65, 0x63, 0x74, 0x4B, 0x69, 0x6E, 0x64, 0x22, 0x3A, 0x20,
    0x22, 0x6D, 0x65, 0x74, 0x68, 0x6F, 0x64, 0x22, 0x2C, 0x0D, 0x0A, 0x20, 0x20, 0x20, 0x20, 0x20,
    0x20, 0x20, 0x20, 0x20, 0x20, 0x20, 0x20, 0x22, 0x73, 0x75, 0x62, 0x6A, 0x65, 0x63, 0x74, 0x49,
    0x64, 0x22, 0x3A, 0x20, 0x22, 0x53, 0x79, 0x73, 0x74, 0x65, 0x6D, 0x2E, 0x4C, 0x69, 0x6E, 0x71,
    0x2F, 0x45, 0x6E, 0x75, 0x6D, 0x65, 0x72, 0x61, 0x62, 0x6C, 0x65, 0x3A, 0x3A, 0x43, 0x61, 0x73,
    0x74, 0x5C, 0x75, 0x30, 0x30, 0x33, 0x43, 0x53, 0x79, 0x73, 0x74, 0x65, 0x6D, 0x2E, 0x41, 0x74,
    0x74, 0x72, 0x69, 0x62, 0x75, 0x74, 0x65, 0x5C, 0x75, 0x30, 0x30, 0x33, 0x45, 0x3A, 0x53, 0x79,
    0x73, 0x74, 0x65, 0x6D, 0x2E, 0x43, 0x6F, 0x6C, 0x6C, 0x65, 0x63, 0x74, 0x69, 0x6F, 0x6E, 0x73,
    0x2E, 0x47, 0x65, 0x6E, 0x65, 0x72, 0x69, 0x63, 0x2E, 0x49, 0x45, 0x6E, 0x75, 0x6D, 0x65, 0x72,
    0x61, 0x62, 0x6C, 0x65, 0x5C, 0x75, 0x30, 0x30, 0x33, 0x43, 0x53, 0x79, 0x73, 0x74, 0x65, 0x6D,
    0x2E, 0x41, 0x74, 0x74, 0x72, 0x69, 0x62, 0x75, 0x74, 0x65, 0x5C, 0x75, 0x30, 0x30, 0x33, 0x45,
    0x28, 0x53, 0x79, 0x73, 0x74, 0x65, 0x6D, 0x2E, 0x43, 0x6F, 0x6C, 0x6C, 0x65, 0x63, 0x74, 0x69,
    0x6F, 0x6E, 0x73, 0x2E, 0x49, 0x45, 0x6E, 0x75, 0x6D, 0x65, 0x72, 0x61, 0x62, 0x6C, 0x65, 0x29,
    0x22, 0x0D, 0x0A, 0x20, 0x20, 0x20, 0x20, 0x20, 0x20, 0x20, 0x20, 0x20, 0x20, 0x7D, 0x2C, 0x0D,
    0x0A, 0x20, 0x20, 0x20, 0x20, 0x20, 0x20, 0x20, 0x20, 0x20, 0x20, 0x22, 0x74, 0x61, 0x72, 0x67,
    0x65, 0x74, 0x52, 0x65, 0x66, 0x65, 0x72, 0x65, 0x6E, 0x63, 0x65, 0x22, 0x3A, 0x20, 0x7B, 0x0D,
    0x0A, 0x20, 0x20, 0x20, 0x20, 0x20, 0x20, 0x20, 0x20, 0x20, 0x20, 0x20, 0x20, 0x22, 0x6B, 0x69,
    0x6E, 0x64, 0x22, 0x3A, 0x20, 0x33, 0x2C, 0x0D, 0x0A, 0x20, 0x20, 0x20, 0x20, 0x20, 0x20, 0x20,
    0x20, 0x20, 0x20, 0x20, 0x20, 0x22, 0x61, 0x73, 0x73, 0x65, 0x6D, 0x62, 0x6C, 0x79, 0x4E, 0x61,
    0x6D, 0x65, 0x22, 0x3A, 0x20, 0x22, 0x53, 0x79, 0x73, 0x74, 0x65, 0x6D, 0x2E, 0x4C, 0x69, 0x6E,
    0x71, 0x22, 0x2C, 0x0D, 0x0A, 0x20, 0x20, 0x20, 0x20, 0x20, 0x20, 0x20, 0x20, 0x20, 0x20, 0x20,
    0x20, 0x22, 0x73, 0x75, 0x62, 0x6A, 0x65, 0x63, 0x74, 0x49, 0x64, 0x22, 0x3A, 0x20, 0x22, 0x53,
    0x79, 0x73, 0x74, 0x65, 0x6D, 0x2E, 0x4C, 0x69, 0x6E, 0x71, 0x2F, 0x45, 0x6E, 0x75, 0x6D, 0x65,
    0x72, 0x61, 0x62, 0x6C, 0x65, 0x3A, 0x3A, 0x43, 0x61, 0x73, 0x74, 0x5C, 0x75, 0x30, 0x30, 0x33,
    0x43, 0x53, 0x79, 0x73, 0x74, 0x65, 0x6D, 0x2E, 0x41, 0x74, 0x74, 0x72, 0x69, 0x62, 0x75, 0x74,
    0x65, 0x5C, 0x75, 0x30, 0x30, 0x33, 0x45, 0x3A, 0x53, 0x79, 0x73, 0x74, 0x65, 0x6D, 0x2E, 0x43,
    0x6F, 0x6C, 0x6C, 0x65, 0x63, 0x74, 0x69, 0x6F, 0x6E, 0x73, 0x2E, 0x47, 0x65, 0x6E, 0x65, 0x72,
    0x69, 0x63, 0x2E, 0x49, 0x45, 0x6E, 0x75, 0x6D, 0x65, 0x72, 0x61, 0x62, 0x6C, 0x65, 0x5C, 0x75,
    0x30, 0x30, 0x33, 0x43, 0x53, 0x79, 0x73, 0x74, 0x65, 0x6D, 0x2E, 0x41, 0x74, 0x74, 0x72, 0x69,
    0x62, 0x75, 0x74, 0x65, 0x5C, 0x75, 0x30, 0x30, 0x33, 0x45, 0x28, 0x53, 0x79, 0x73, 0x74, 0x65,
    0x6D, 0x2E, 0x43, 0x6F, 0x6C, 0x6C, 0x65, 0x63, 0x74, 0x69, 0x6F, 0x6E, 0x73, 0x2E, 0x49, 0x45,
    0x6E, 0x75, 0x6D, 0x65, 0x72, 0x61, 0x62, 0x6C, 0x65, 0x29, 0x22, 0x2C, 0x0D, 0x0A, 0x20, 0x20,
    0x20, 0x20, 0x20, 0x20, 0x20, 0x20, 0x20, 0x20, 0x20, 0x20, 0x22, 0x6F, 0x70, 0x65, 0x6E, 0x44,
    0x65, 0x66, 0x69, 0x6E, 0x69, 0x74, 0x69, 0x6F, 0x6E, 0x53, 0x75, 0x62, 0x6A, 0x65, 0x63, 0x74,
    0x49, 0x64, 0x22, 0x3A, 0x20, 0x22, 0x53, 0x79, 0x73, 0x74, 0x65, 0x6D, 0x2E, 0x4C, 0x69, 0x6E,
    0x71, 0x2F, 0x45, 0x6E, 0x75, 0x6D, 0x65, 0x72, 0x61, 0x62, 0x6C, 0x65, 0x3A, 0x3A, 0x43, 0x61,
    0x73, 0x74, 0x3A, 0x53, 0x79, 0x73, 0x74, 0x65, 0x6D, 0x2E, 0x43, 0x6F, 0x6C, 0x6C, 0x65, 0x63,
    0x74, 0x69, 0x6F, 0x6E, 0x73, 0x2E, 0x47, 0x65, 0x6E, 0x65, 0x72, 0x69, 0x63, 0x2E, 0x49, 0x45,
    0x6E, 0x75, 0x6D, 0x65, 0x72, 0x61, 0x62, 0x6C, 0x65, 0x5C, 0x75, 0x30, 0x30, 0x33, 0x43, 0x21,
    0x21, 0x30, 0x5C, 0x75, 0x30, 0x30, 0x33, 0x45, 0x28, 0x53, 0x79, 0x73, 0x74, 0x65, 0x6D, 0x2E,
    0x43, 0x6F, 0x6C, 0x6C, 0x65, 0x63, 0x74, 0x69, 0x6F, 0x6E, 0x73, 0x2E, 0x49, 0x45, 0x6E, 0x75,
    0x6D, 0x65, 0x72, 0x61, 0x62, 0x6C, 0x65, 0x29, 0x22, 0x2C, 0x0D, 0x0A, 0x20, 0x20, 0x20, 0x20,
    0x20, 0x20, 0x20, 0x20, 0x20, 0x20, 0x20, 0x20, 0x22, 0x73, 0x68, 0x61, 0x72, 0x65, 0x64, 0x47,
    0x65, 0x6E, 0x65, 0x72, 0x69, 0x63, 0x42, 0x6F, 0x64, 0x79, 0x49, 0x64, 0x22, 0x3A, 0x20, 0x7B,
    0x0D, 0x0A, 0x20, 0x20, 0x20, 0x20, 0x20, 0x20, 0x20, 0x20, 0x20, 0x20, 0x20, 0x20, 0x20, 0x20,
    0x22, 0x76, 0x61, 0x6C, 0x75, 0x65, 0x22, 0x3A, 0x20, 0x22, 0x62, 0x6F, 0x64, 0x79, 0x3A, 0x64,
    0x65, 0x66, 0x69, 0x6E, 0x69, 0x74, 0x69, 0x6F, 0x6E, 0x3D, 0x53, 0x79, 0x73, 0x74, 0x65, 0x6D,
    0x2E, 0x4C, 0x69, 0x6E, 0x71, 0x2F, 0x45, 0x6E, 0x75, 0x6D, 0x65, 0x72, 0x61, 0x62, 0x6C, 0x65,
    0x3A, 0x3A, 0x43, 0x61, 0x73, 0x74, 0x3A, 0x53, 0x79, 0x73, 0x74, 0x65, 0x6D, 0x2E, 0x43, 0x6F,
    0x6C, 0x6C, 0x65, 0x63, 0x74, 0x69, 0x6F, 0x6E, 0x73, 0x2E, 0x47, 0x65, 0x6E, 0x65, 0x72, 0x69,
    0x63, 0x2E, 0x49, 0x45, 0x6E, 0x75, 0x6D, 0x65, 0x72, 0x61, 0x62, 0x6C, 0x65, 0x5C, 0x75, 0x30,
    0x30, 0x33, 0x43, 0x21, 0x21, 0x30, 0x5C, 0x75, 0x30, 0x30, 0x33, 0x45, 0x28, 0x53, 0x79, 0x73,
    0x74, 0x65, 0x6D, 0x2E, 0x43, 0x6F, 0x6C, 0x6C, 0x65, 0x63, 0x74, 0x69, 0x6F, 0x6E, 0x73, 0x2E,
    0x49, 0x45, 0x6E, 0x75, 0x6D, 0x65, 0x72, 0x61, 0x62, 0x6C, 0x65, 0x29, 0x3B, 0x74, 0x79, 0x70,
    0x65, 0x3D, 0x5B, 0x5D, 0x3B, 0x6D, 0x65, 0x74, 0x68, 0x6F, 0x64, 0x3D, 0x5B, 0x53, 0x79, 0x73,
    0x74, 0x65, 0x6D, 0x2E, 0x41, 0x74, 0x74, 0x72, 0x69, 0x62, 0x75, 0x74, 0x65, 0x5D, 0x22, 0x0D,
    0x0A, 0x20, 0x20, 0x20, 0x20, 0x20, 0x20, 0x20, 0x20, 0x20, 0x20, 0x20, 0x20, 0x7D, 0x2C, 0x0D,
    0x0A, 0x20, 0x20, 0x20, 0x20, 0x20, 0x20, 0x20, 0x20, 0x20, 0x20, 0x20, 0x20, 0x22, 0x69, 0x6E,
    0x73, 0x74, 0x61, 0x6E, 0x74, 0x69, 0x61, 0x74, 0x69, 0x6F, 0x6E, 0x53, 0x74, 0x75, 0x62, 0x49,
    0x64, 0x22, 0x3A, 0x20, 0x7B, 0x0D, 0x0A, 0x20, 0x20, 0x20, 0x20, 0x20, 0x20, 0x20, 0x20, 0x20,
    0x20, 0x20, 0x20, 0x20, 0x20, 0x22, 0x76, 0x61, 0x6C, 0x75, 0x65, 0x22, 0x3A, 0x20, 0x22, 0x73,
    0x74, 0x75, 0x62, 0x3A, 0x64, 0x65, 0x66, 0x69, 0x6E, 0x69, 0x74, 0x69, 0x6F, 0x6E, 0x3D, 0x53,
    0x79, 0x73, 0x74, 0x65, 0x6D, 0x2E, 0x4C, 0x69, 0x6E, 0x71, 0x2F, 0x45, 0x6E, 0x75, 0x6D, 0x65,
    0x72, 0x61, 0x62, 0x6C, 0x65, 0x3A, 0x3A, 0x43, 0x61, 0x73, 0x74, 0x3A, 0x53, 0x79, 0x73, 0x74,
    0x65, 0x6D, 0x2E, 0x43, 0x6F, 0x6C, 0x6C, 0x65, 0x63, 0x74, 0x69, 0x6F, 0x6E, 0x73, 0x2E, 0x47,
    0x65, 0x6E, 0x65, 0x72, 0x69, 0x63, 0x2E, 0x49, 0x45, 0x6E, 0x75, 0x6D, 0x65, 0x72, 0x61, 0x62,
    0x6C, 0x65, 0x5C, 0x75, 0x30, 0x30, 0x33, 0x43, 0x21, 0x21, 0x30, 0x5C, 0x75, 0x30, 0x30, 0x33,
    0x45, 0x28, 0x53, 0x79, 0x73, 0x74, 0x65, 0x6D, 0x2E, 0x43, 0x6F, 0x6C, 0x6C, 0x65, 0x63, 0x74,
    0x69, 0x6F, 0x6E, 0x73, 0x2E, 0x49, 0x45, 0x6E, 0x75, 0x6D, 0x65, 0x72, 0x61, 0x62, 0x6C, 0x65,
    0x29, 0x3B, 0x74, 0x79, 0x70, 0x65, 0x3D, 0x5B, 0x5D, 0x3B, 0x6D, 0x65, 0x74, 0x68, 0x6F, 0x64,
    0x3D, 0x5B, 0x53, 0x79, 0x73, 0x74, 0x65, 0x6D, 0x2E, 0x41, 0x74, 0x74, 0x72, 0x69, 0x62, 0x75,
    0x74, 0x65, 0x5D, 0x22, 0x0D, 0x0A, 0x20, 0x20, 0x20, 0x20, 0x20, 0x20, 0x20, 0x20, 0x20, 0x20,
    0x20, 0x20, 0x7D, 0x2C, 0x0D, 0x0A, 0x20, 0x20, 0x20, 0x20, 0x20, 0x20, 0x20, 0x20, 0x20, 0x20,
    0x20, 0x20, 0x22, 0x72, 0x75, 0x6E, 0x74, 0x69, 0x6D, 0x65, 0x47, 0x65, 0x6E, 0x65, 0x72, 0x69,
    0x63, 0x43, 0x6F, 0x6E, 0x74, 0x65, 0x78, 0x74, 0x22, 0x3A, 0x20, 0x7B, 0x0D, 0x0A, 0x20, 0x20,
    0x20, 0x20, 0x20, 0x20, 0x20, 0x20, 0x20, 0x20, 0x20, 0x20, 0x20, 0x20, 0x22, 0x69, 0x6E, 0x73,
    0x74, 0x61, 0x6E, 0x74, 0x69, 0x61, 0x74, 0x69, 0x6F, 0x6E, 0x4B, 0x65, 0x79, 0x22, 0x3A, 0x20,
    0x7B, 0x0D, 0x0A, 0x20, 0x20, 0x20, 0x20, 0x20, 0x20, 0x20, 0x20, 0x20, 0x20, 0x20, 0x20, 0x20,
    0x20, 0x20, 0x20, 0x22, 0x63, 0x6F, 0x6E, 0x74, 0x65, 0x78, 0x74, 0x4B, 0x69, 0x6E, 0x64, 0x22,
    0x3A, 0x20, 0x32, 0x2C, 0x0D, 0x0A, 0x20, 0x20, 0x20, 0x20, 0x20, 0x20, 0x20, 0x20, 0x20, 0x20,
    0x20, 0x20, 0x20, 0x20, 0x20, 0x20, 0x22, 0x64, 0x65, 0x66, 0x69, 0x6E, 0x69, 0x74, 0x69, 0x6F,
    0x6E, 0x53, 0x75, 0x62, 0x6A, 0x65, 0x63, 0x74, 0x49, 0x64, 0x22, 0x3A, 0x20, 0x22, 0x53, 0x79,
    0x73, 0x74, 0x65, 0x6D, 0x2E, 0x4C, 0x69, 0x6E, 0x71, 0x2F, 0x45, 0x6E, 0x75, 0x6D, 0x65, 0x72,
    0x61, 0x62, 0x6C, 0x65, 0x3A, 0x3A, 0x43, 0x61, 0x73, 0x74, 0x3A, 0x53, 0x79, 0x73, 0x74, 0x65,
    0x6D, 0x2E, 0x43, 0x6F, 0x6C, 0x6C, 0x65, 0x63, 0x74, 0x69, 0x6F, 0x6E, 0x73, 0x2E, 0x47, 0x65,
    0x6E, 0x65, 0x72, 0x69, 0x63, 0x2E, 0x49, 0x45, 0x6E, 0x75, 0x6D, 0x65, 0x72, 0x61, 0x62, 0x6C,
    0x65, 0x5C, 0x75, 0x30, 0x30, 0x33, 0x43, 0x21, 0x21, 0x30, 0x5C, 0x75, 0x30, 0x30, 0x33, 0x45,
    0x28, 0x53, 0x79, 0x73, 0x74, 0x65, 0x6D, 0x2E, 0x43, 0x6F, 0x6C, 0x6C, 0x65, 0x63, 0x74, 0x69,
    0x6F, 0x6E, 0x73, 0x2E, 0x49, 0x45, 0x6E, 0x75, 0x6D, 0x65, 0x72, 0x61, 0x62, 0x6C, 0x65, 0x29,
    0x22, 0x2C, 0x0D, 0x0A, 0x20, 0x20, 0x20, 0x20, 0x20, 0x20, 0x20, 0x20, 0x20, 0x20, 0x20, 0x20,
    0x20, 0x20, 0x20, 0x20, 0x22, 0x74, 0x79, 0x70, 0x65, 0x41, 0x72, 0x67, 0x75, 0x6D, 0x65, 0x6E,
    0x74, 0x73, 0x22, 0x3A, 0x20, 0x5B, 0x5D, 0x2C, 0x0D, 0x0A, 0x20, 0x20, 0x20, 0x20, 0x20, 0x20,
    0x20, 0x20, 0x20, 0x20, 0x20, 0x20, 0x20, 0x20, 0x20, 0x20, 0x22, 0x6D, 0x65, 0x74, 0x68, 0x6F,
    0x64, 0x41, 0x72, 0x67, 0x75, 0x6D, 0x65, 0x6E, 0x74, 0x73, 0x22, 0x3A, 0x20, 0x5B, 0x0D, 0x0A,
    0x20, 0x20, 0x20, 0x20, 0x20, 0x20, 0x20, 0x20, 0x20, 0x20, 0x20, 0x20, 0x20, 0x20, 0x20, 0x20,
    0x20, 0x20, 0x22, 0x53, 0x79, 0x73, 0x74, 0x65, 0x6D, 0x2E, 0x41, 0x74, 0x74, 0x72, 0x69, 0x62,
    0x75, 0x74, 0x65, 0x22, 0x0D, 0x0A, 0x20, 0x20, 0x20, 0x20, 0x20, 0x20, 0x20, 0x20, 0x20, 0x20,
    0x20, 0x20, 0x20, 0x20, 0x20, 0x20, 0x5D, 0x0D, 0x0A, 0x20, 0x20, 0x20, 0x20, 0x20, 0x20, 0x20,
    0x20, 0x20, 0x20, 0x20, 0x20, 0x20, 0x20, 0x7D, 0x2C, 0x0D, 0x0A, 0x20, 0x20, 0x20, 0x20, 0x20,
    0x20, 0x20, 0x20, 0x20, 0x20, 0x20, 0x20, 0x20, 0x20, 0x22, 0x73, 0x68, 0x61, 0x72, 0x65, 0x64,
    0x47, 0x65, 0x6E, 0x65, 0x72, 0x69, 0x63, 0x42, 0x6F, 0x64, 0x79, 0x49, 0x64, 0x22, 0x3A, 0x20,
    0x7B, 0x0D, 0x0A, 0x20, 0x20, 0x20, 0x20, 0x20, 0x20, 0x20, 0x20, 0x20, 0x20, 0x20, 0x20, 0x20,
    0x20, 0x20, 0x20, 0x22, 0x76, 0x61, 0x6C, 0x75, 0x65, 0x22, 0x3A, 0x20, 0x22, 0x62, 0x6F, 0x64,
    0x79, 0x3A, 0x64, 0x65, 0x66, 0x69, 0x6E, 0x69, 0x74, 0x69, 0x6F, 0x6E, 0x3D, 0x53, 0x79, 0x73,
    0x74, 0x65, 0x6D, 0x2E, 0x4C, 0x69, 0x6E, 0x71, 0x2F, 0x45, 0x6E, 0x75, 0x6D, 0x65, 0x72, 0x61,
    0x62, 0x6C, 0x65, 0x3A, 0x3A, 0x43, 0x61, 0x73, 0x74, 0x3A, 0x53, 0x79, 0x73, 0x74, 0x65, 0x6D,
    0x2E, 0x43, 0x6F, 0x6C, 0x6C, 0x65, 0x63, 0x74, 0x69, 0x6F, 0x6E, 0x73, 0x2E, 0x47, 0x65, 0x6E,
    0x65, 0x72, 0x69, 0x63, 0x2E, 0x49, 0x45, 0x6E, 0x75, 0x6D, 0x65, 0x72, 0x61, 0x62, 0x6C, 0x65,
    0x5C, 0x75, 0x30, 0x30, 0x33, 0x43, 0x21, 0x21, 0x30, 0x5C, 0x75, 0x30, 0x30, 0x33, 0x45, 0x28,
    0x53, 0x79, 0x73, 0x74, 0x65, 0x6D, 0x2E, 0x43, 0x6F, 0x6C, 0x6C, 0x65, 0x63, 0x74, 0x69, 0x6F,
    0x6E, 0x73, 0x2E, 0x49, 0x45, 0x6E, 0x75, 0x6D, 0x65, 0x72, 0x61, 0x62, 0x6C, 0x65, 0x29, 0x3B,
    0x74, 0x79, 0x70, 0x65, 0x3D, 0x5B, 0x5D, 0x3B, 0x6D, 0x65, 0x74, 0x68, 0x6F, 0x64, 0x3D, 0x5B,
    0x53, 0x79, 0x73, 0x74, 0x65, 0x6D, 0x2E, 0x41, 0x74, 0x74, 0x72, 0x69, 0x62, 0x75, 0x74, 0x65,
    0x5D, 0x22, 0x0D, 0x0A, 0x20, 0x20, 0x20, 0x20, 0x20, 0x20, 0x20, 0x20, 0x20, 0x20, 0x20, 0x20,
    0x20, 0x20, 0x7D, 0x2C, 0x0D, 0x0A, 0x20, 0x20, 0x20, 0x20, 0x20, 0x20, 0x20, 0x20, 0x20, 0x20,
    0x20, 0x20, 0x20, 0x20, 0x22, 0x69, 0x6E, 0x73, 0x74, 0x61, 0x6E, 0x74, 0x69, 0x61, 0x74, 0x69,
    0x6F, 0x6E, 0x53, 0x74, 0x75, 0x62, 0x49, 0x64, 0x22, 0x3A, 0x20, 0x7B, 0x0D, 0x0A, 0x20, 0x20,
    0x20, 0x20, 0x20, 0x20, 0x20, 0x20, 0x20, 0x20, 0x20, 0x20, 0x20, 0x20, 0x20, 0x20, 0x22, 0x76,
    0x61, 0x6C, 0x75, 0x65, 0x22, 0x3A, 0x20, 0x22, 0x73, 0x74, 0x75, 0x62, 0x3A, 0x64, 0x65, 0x66,
    0x69, 0x6E, 0x69, 0x74, 0x69, 0x6F, 0x6E, 0x3D, 0x53, 0x79, 0x73, 0x74, 0x65, 0x6D, 0x2E, 0x4C,
    0x69, 0x6E, 0x71, 0x2F, 0x45, 0x6E, 0x75, 0x6D, 0x65, 0x72, 0x61, 0x62, 0x6C, 0x65, 0x3A, 0x3A,
    0x43, 0x61, 0x73, 0x74, 0x3A, 0x53, 0x79, 0x73, 0x74, 0x65, 0x6D, 0x2E, 0x43, 0x6F, 0x6C, 0x6C,
    0x65, 0x63, 0x74, 0x69, 0x6F, 0x6E, 0x73, 0x2E, 0x47, 0x65, 0x6E, 0x65, 0x72, 0x69, 0x63, 0x2E,
    0x49, 0x45, 0x6E, 0x75, 0x6D, 0x65, 0x72, 0x61, 0x62, 0x6C, 0x65, 0x5C, 0x75, 0x30, 0x30, 0x33,
    0x43, 0x21, 0x21, 0x30, 0x5C, 0x75, 0x30, 0x30, 0x33, 0x45, 0x28, 0x53, 0x79, 0x73, 0x74, 0x65,
    0x6D, 0x2E, 0x43, 0x6F, 0x6C, 0x6C, 0x65, 0x63, 0x74, 0x69, 0x6F, 0x6E, 0x73, 0x2E, 0x49, 0x45,
    0x6E, 0x75, 0x6D, 0x65, 0x72, 0x61, 0x62, 0x6C, 0x65, 0x29, 0x3B, 0x74, 0x79, 0x70, 0x65, 0x3D,
    0x5B, 0x5D, 0x3B, 0x6D, 0x65, 0x74, 0x68, 0x6F, 0x64, 0x3D, 0x5B, 0x53, 0x79, 0x73, 0x74, 0x65,
    0x6D, 0x2E, 0x41, 0x74, 0x74, 0x72, 0x69, 0x62, 0x75, 0x74, 0x65, 0x5D, 0x22, 0x0D, 0x0A, 0x20,
    0x20, 0x20, 0x20, 0x20, 0x20, 0x20, 0x20, 0x20, 0x20, 0x20, 0x20, 0x20, 0x20, 0x7D, 0x2C, 0x0D,
    0x0A, 0x20, 0x20, 0x20, 0x20, 0x20, 0x20, 0x20, 0x20, 0x20, 0x20, 0x20, 0x20, 0x20, 0x20, 0x22,
    0x73, 0x75, 0x70, 0x70, 0x6F, 0x72, 0x74, 0x4B, 0x69, 0x6E, 0x64, 0x43, 0x6F, 0x64, 0x65, 0x22,
    0x3A, 0x20, 0x33, 0x2C, 0x0D, 0x0A, 0x20, 0x20, 0x20, 0x20, 0x20, 0x20, 0x20, 0x20, 0x20, 0x20,
    0x20, 0x20, 0x20, 0x20, 0x22, 0x73, 0x70, 0x65, 0x63, 0x69, 0x61, 0x6C, 0x69, 0x7A, 0x61, 0x74,
    0x69, 0x6F, 0x6E, 0x4B, 0x69, 0x6E, 0x64, 0x43, 0x6F, 0x64, 0x65, 0x22, 0x3A, 0x20, 0x31, 0x2C,
    0x0D, 0x0A, 0x20, 0x20, 0x20, 0x20, 0x20, 0x20, 0x20, 0x20, 0x20, 0x20, 0x20, 0x20, 0x20, 0x20,
    0x22, 0x73, 0x74, 0x61, 0x74, 0x75, 0x73, 0x52, 0x65, 0x61, 0x73, 0x6F, 0x6E, 0x43, 0x6F, 0x64,
    0x65, 0x22, 0x3A, 0x20, 0x22, 0x6C, 0x6F, 0x61, 0x64, 0x65, 0x72, 0x2D, 0x64, 0x65, 0x6D, 0x61,
    0x6E, 0x64, 0x3A, 0x6D, 0x65, 0x74, 0x68, 0x6F, 0x64, 0x53, 0x70, 0x65, 0x63, 0x22, 0x0D, 0x0A,
    0x20, 0x20, 0x20, 0x20, 0x20, 0x20, 0x20, 0x20, 0x20, 0x20, 0x20, 0x20, 0x7D, 0x2C, 0x0D, 0x0A,
    0x20, 0x20, 0x20, 0x20, 0x20, 0x20, 0x20, 0x20, 0x20, 0x20, 0x20, 0x20, 0x22, 0x67, 0x65, 0x6E,
    0x65, 0x72, 0x69, 0x63, 0x44, 0x69, 0x61, 0x67, 0x6E, 0x6F, 0x73, 0x74, 0x69, 0x63, 0x22, 0x3A,
    0x20, 0x7B, 0x0D, 0x0A, 0x20, 0x20, 0x20, 0x20, 0x20, 0x20, 0x20, 0x20, 0x20, 0x20, 0x20, 0x20,
    0x20, 0x20, 0x22, 0x73, 0x75, 0x62, 0x6A, 0x65, 0x63, 0x74, 0x49, 0x64, 0x22, 0x3A, 0x20, 0x22,
    0x53, 0x79, 0x73, 0x74, 0x65, 0x6D, 0x2E, 0x4C, 0x69, 0x6E, 0x71, 0x2F, 0x45, 0x6E, 0x75, 0x6D,
    0x65, 0x72, 0x61, 0x62, 0x6C, 0x65, 0x3A, 0x3A, 0x43, 0x61, 0x73, 0x74, 0x5C, 0x75, 0x30, 0x30,
    0x33, 0x43, 0x53, 0x79, 0x73, 0x74, 0x65, 0x6D, 0x2E, 0x41, 0x74, 0x74, 0x72, 0x69, 0x62, 0x75,
    0x74, 0x65, 0x5C, 0x75, 0x30, 0x30, 0x33, 0x45, 0x3A, 0x53, 0x79, 0x73, 0x74, 0x65, 0x6D, 0x2E,
    0x43, 0x6F, 0x6C, 0x6C, 0x65, 0x63, 0x74, 0x69, 0x6F, 0x6E, 0x73, 0x2E, 0x47, 0x65, 0x6E, 0x65,
    0x72, 0x69, 0x63, 0x2E, 0x49, 0x45, 0x6E, 0x75, 0x6D, 0x65, 0x72, 0x61, 0x62, 0x6C, 0x65, 0x5C,
    0x75, 0x30, 0x30, 0x33, 0x43, 0x53, 0x79, 0x73, 0x74, 0x65, 0x6D, 0x2E, 0x41, 0x74, 0x74, 0x72,
    0x69, 0x62, 0x75, 0x74, 0x65, 0x5C, 0x75, 0x30, 0x30, 0x33, 0x45, 0x28, 0x53, 0x79, 0x73, 0x74,
    0x65, 0x6D, 0x2E, 0x43, 0x6F, 0x6C, 0x6C, 0x65, 0x63, 0x74, 0x69, 0x6F, 0x6E, 0x73, 0x2E, 0x49,
    0x45, 0x6E, 0x75, 0x6D, 0x65, 0x72, 0x61, 0x62, 0x6C, 0x65, 0x29, 0x22, 0x2C, 0x0D, 0x0A, 0x20,
    0x20, 0x20, 0x20, 0x20, 0x20, 0x20, 0x20, 0x20, 0x20, 0x20, 0x20, 0x20, 0x20, 0x22, 0x64, 0x65,
    0x66, 0x69, 0x6E, 0x69, 0x74, 0x69, 0x6F, 0x6E, 0x53, 0x75, 0x62, 0x6A, 0x65, 0x63, 0x74, 0x49,
    0x64, 0x22, 0x3A, 0x20, 0x22, 0x53, 0x79, 0x73, 0x74, 0x65, 0x6D, 0x2E, 0x4C, 0x69, 0x6E, 0x71,
    0x2F, 0x45, 0x6E, 0x75, 0x6D, 0x65, 0x72, 0x61, 0x62, 0x6C, 0x65, 0x3A, 0x3A, 0x43, 0x61, 0x73,
    0x74, 0x3A, 0x53, 0x79, 0x73, 0x74, 0x65, 0x6D, 0x2E, 0x43, 0x6F, 0x6C, 0x6C, 0x65, 0x63, 0x74,
    0x69, 0x6F, 0x6E, 0x73, 0x2E, 0x47, 0x65, 0x6E, 0x65, 0x72, 0x69, 0x63, 0x2E, 0x49, 0x45, 0x6E,
    0x75, 0x6D, 0x65, 0x72, 0x61, 0x62, 0x6C, 0x65, 0x5C, 0x75, 0x30, 0x30, 0x33, 0x43, 0x21, 0x21,
    0x30, 0x5C, 0x75, 0x30, 0x30, 0x33, 0x45, 0x28, 0x53, 0x79, 0x73, 0x74, 0x65, 0x6D, 0x2E, 0x43,
    0x6F, 0x6C, 0x6C, 0x65, 0x63, 0x74, 0x69, 0x6F, 0x6E, 0x73, 0x2E, 0x49, 0x45, 0x6E, 0x75, 0x6D,
    0x65, 0x72, 0x61, 0x62, 0x6C, 0x65, 0x29, 0x22, 0x2C, 0x0D, 0x0A, 0x20, 0x20, 0x20, 0x20, 0x20,
    0x20, 0x20, 0x20, 0x20, 0x20, 0x20, 0x20, 0x20, 0x20, 0x22, 0x64, 0x69, 0x73, 0x70, 0x6C, 0x61,
    0x79, 0x53, 0x75, 0x62, 0x6A, 0x65, 0x63, 0x74, 0x49, 0x64, 0x22, 0x3A, 0x20, 0x22, 0x53, 0x79,
    0x73, 0x74, 0x65, 0x6D, 0x2E, 0x4C, 0x69, 0x6E, 0x71, 0x2F, 0x45, 0x6E, 0x75, 0x6D, 0x65, 0x72,
    0x61, 0x62, 0x6C, 0x65, 0x3A, 0x3A, 0x43, 0x61, 0x73, 0x74, 0x5C, 0x75, 0x30, 0x30, 0x33, 0x43,
    0x53, 0x79, 0x73, 0x74, 0x65, 0x6D, 0x2E, 0x41, 0x74, 0x74, 0x72, 0x69, 0x62, 0x75, 0x74, 0x65,
    0x5C, 0x75, 0x30, 0x30, 0x33, 0x45, 0x28, 0x53, 0x79, 0x73, 0x74, 0x65, 0x6D, 0x2E, 0x43, 0x6F,
    0x6C, 0x6C, 0x65, 0x63, 0x74, 0x69, 0x6F, 0x6E, 0x73, 0x2E, 0x49, 0x45, 0x6E, 0x75, 0x6D, 0x65,
    0x72, 0x61, 0x62, 0x6C, 0x65, 0x29, 0x22, 0x2C, 0x0D, 0x0A, 0x20, 0x20, 0x20, 0x20, 0x20, 0x20,
    0x20, 0x20, 0x20, 0x20, 0x20, 0x20, 0x20, 0x20, 0x22, 0x69, 0x6E, 0x73, 0x74, 0x61, 0x6E, 0x74,
    0x69, 0x61, 0x74, 0x69, 0x6F, 0x6E, 0x4B, 0x65, 0x79, 0x22, 0x3A, 0x20, 0x7B, 0x0D, 0x0A, 0x20,
    0x20, 0x20, 0x20, 0x20, 0x20, 0x20, 0x20, 0x20, 0x20, 0x20, 0x20, 0x20, 0x20, 0x20, 0x20, 0x22,
    0x63, 0x6F, 0x6E, 0x74, 0x65, 0x78, 0x74, 0x4B, 0x69, 0x6E, 0x64, 0x22, 0x3A, 0x20, 0x32, 0x2C,
    0x0D, 0x0A, 0x20, 0x20, 0x20, 0x20, 0x20, 0x20, 0x20, 0x20, 0x20, 0x20, 0x20, 0x20, 0x20, 0x20,
    0x20, 0x20, 0x22, 0x64, 0x65, 0x66, 0x69, 0x6E, 0x69, 0x74, 0x69, 0x6F, 0x6E, 0x53, 0x75, 0x62,
    0x6A, 0x65, 0x63, 0x74, 0x49, 0x64, 0x22, 0x3A, 0x20, 0x22, 0x53, 0x79, 0x73, 0x74, 0x65, 0x6D,
    0x2E, 0x4C, 0x69, 0x6E, 0x71, 0x2F, 0x45, 0x6E, 0x75, 0x6D, 0x65, 0x72, 0x61, 0x62, 0x6C, 0x65,
    0x3A, 0x3A, 0x43, 0x61, 0x73, 0x74, 0x3A, 0x53, 0x79, 0x73, 0x74, 0x65, 0x6D, 0x2E, 0x43, 0x6F,
    0x6C, 0x6C, 0x65, 0x63, 0x74, 0x69, 0x6F, 0x6E, 0x73, 0x2E, 0x47, 0x65, 0x6E, 0x65, 0x72, 0x69,
    0x63, 0x2E, 0x49, 0x45, 0x6E, 0x75, 0x6D, 0x65, 0x72, 0x61, 0x62, 0x6C, 0x65, 0x5C, 0x75, 0x30,
    0x30, 0x33, 0x43, 0x21, 0x21, 0x30, 0x5C, 0x75, 0x30, 0x30, 0x33, 0x45, 0x28, 0x53, 0x79, 0x73,
    0x74, 0x65, 0x6D, 0x2E, 0x43, 0x6F, 0x6C, 0x6C, 0x65, 0x63, 0x74, 0x69, 0x6F, 0x6E, 0x73, 0x2E,
    0x49, 0x45, 0x6E, 0x75, 0x6D, 0x65, 0x72, 0x61, 0x62, 0x6C, 0x65, 0x29, 0x22, 0x2C, 0x0D, 0x0A,
    0x20, 0x20, 0x20, 0x20, 0x20, 0x20, 0x20, 0x20, 0x20, 0x20, 0x20, 0x20, 0x20, 0x20, 0x20, 0x20,
    0x22, 0x74, 0x79, 0x70, 0x65, 0x41, 0x72, 0x67, 0x75, 0x6D, 0x65, 0x6E, 0x74, 0x73, 0x22, 0x3A,
    0x20, 0x5B, 0x5D, 0x2C, 0x0D, 0x0A, 0x20, 0x20, 0x20, 0x20, 0x20, 0x20, 0x20, 0x20, 0x20, 0x20,
    0x20, 0x20, 0x20, 0x20, 0x20, 0x20, 0x22, 0x6D, 0x65, 0x74, 0x68, 0x6F, 0x64, 0x41, 0x72, 0x67,
    0x75, 0x6D, 0x65, 0x6E, 0x74, 0x73, 0x22, 0x3A, 0x20, 0x5B, 0x0D, 0x0A, 0x20, 0x20, 0x20, 0x20,
    0x20, 0x20, 0x20, 0x20, 0x20, 0x20, 0x20, 0x20, 0x20, 0x20, 0x20, 0x20, 0x20, 0x20, 0x22, 0x53,
    0x79, 0x73, 0x74, 0x65, 0x6D, 0x2E, 0x41, 0x74, 0x74, 0x72, 0x69, 0x62, 0x75, 0x74, 0x65, 0x22,
    0x0D, 0x0A, 0x20, 0x20, 0x20, 0x20, 0x20, 0x20, 0x20, 0x20, 0x20, 0x20, 0x20, 0x20, 0x20, 0x20,
    0x20, 0x20, 0x5D, 0x0D, 0x0A, 0x20, 0x20, 0x20, 0x20, 0x20, 0x20, 0x20, 0x20, 0x20, 0x20, 0x20,
    0x20, 0x20, 0x20, 0x7D, 0x0D, 0x0A, 0x20, 0x20, 0x20, 0x20, 0x20, 0x20, 0x20, 0x20, 0x20, 0x20,
    0x20, 0x20, 0x7D, 0x2C, 0x0D, 0x0A, 0x20, 0x20, 0x20, 0x20, 0x20, 0x20, 0x20, 0x20, 0x20, 0x20,
    0x20, 0x20, 0x22, 0x74, 0x79, 0x70, 0x65, 0x53, 0x68, 0x61, 0x70, 0x65, 0x22, 0x3A, 0x20, 0x30,
    0x2C, 0x0D, 0x0A, 0x20, 0x20, 0x20, 0x20, 0x20, 0x20, 0x20, 0x20, 0x20, 0x20, 0x20, 0x20, 0x22,
    0x61, 0x72, 0x72, 0x61, 0x79, 0x45, 0x6C, 0x65, 0x6D, 0x65, 0x6E, 0x74, 0x54, 0x79, 0x70, 0x65,
    0x53, 0x68, 0x61, 0x70, 0x65, 0x22, 0x3A, 0x20, 0x30, 0x2C, 0x0D, 0x0A, 0x20, 0x20, 0x20, 0x20,
    0x20, 0x20, 0x20, 0x20, 0x20, 0x20, 0x20, 0x20, 0x22, 0x69, 0x73, 0x53, 0x65, 0x61, 0x6C, 0x65,
    0x64, 0x22, 0x3A, 0x20, 0x66, 0x61, 0x6C, 0x73, 0x65, 0x2C, 0x0D, 0x0A, 0x20, 0x20, 0x20, 0x20,
    0x20, 0x20, 0x20, 0x20, 0x20, 0x20, 0x20, 0x20, 0x22, 0x69, 0x73, 0x43, 0x6F, 0x6D, 0x49, 0x6D,
    0x70, 0x6F, 0x72, 0x74, 0x22, 0x3A, 0x20, 0x66, 0x61, 0x6C, 0x73, 0x65, 0x2C, 0x0D, 0x0A, 0x20,
    0x20, 0x20, 0x20, 0x20, 0x20, 0x20, 0x20, 0x20, 0x20, 0x20, 0x20, 0x22, 0x63, 0x6F, 0x6D, 0x49,
    0x6E, 0x74, 0x65, 0x72, 0x66, 0x61, 0x63, 0x65, 0x54, 0x79, 0x70, 0x65, 0x4B, 0x69, 0x6E, 0x64,
    0x22, 0x3A, 0x20, 0x30, 0x2C, 0x0D, 0x0A, 0x20, 0x20, 0x20, 0x20, 0x20, 0x20, 0x20, 0x20, 0x20,
    0x20, 0x20, 0x20, 0x22, 0x64, 0x65, 0x63, 0x6C, 0x61, 0x72, 0x69, 0x6E, 0x67, 0x54, 0x79, 0x70,
    0x65, 0x53, 0x68, 0x61, 0x70, 0x65, 0x22, 0x3A, 0x20, 0x30, 0x0D, 0x0A, 0x20, 0x20, 0x20, 0x20,
    0x20, 0x20, 0x20, 0x20, 0x20, 0x20, 0x7D, 0x2C, 0x0D, 0x0A, 0x20, 0x20, 0x20, 0x20, 0x20, 0x20,
    0x20, 0x20, 0x20, 0x20, 0x22, 0x64, 0x69, 0x73, 0x70, 0x61, 0x74, 0x63, 0x68, 0x4B, 0x69, 0x6E,
    0x64, 0x43, 0x6F, 0x64, 0x65, 0x22, 0x3A, 0x20, 0x34, 0x2C, 0x0D, 0x0A, 0x20, 0x20, 0x20, 0x20,
    0x20, 0x20, 0x20, 0x20, 0x20, 0x20, 0x22, 0x69, 0x73, 0x50, 0x72, 0x65, 0x73, 0x65, 0x72, 0x76,
    0x65, 0x53, 0x69, 0x67, 0x22, 0x3A, 0x20, 0x66, 0x61, 0x6C, 0x73, 0x65, 0x0D, 0x0A, 0x20, 0x20,
    0x20, 0x20, 0x20, 0x20, 0x20, 0x20, 0x7D, 0x2C, 0x0D, 0x0A, 0x20, 0x20, 0x20, 0x20, 0x20, 0x20,
    0x20, 0x20, 0x7B, 0x0D, 0x0A, 0x20, 0x20, 0x20, 0x20, 0x20, 0x20, 0x20, 0x20, 0x20, 0x20, 0x22,
    0x6F, 0x70, 0x22, 0x3A, 0x20, 0x22, 0x6E, 0x65, 0x77, 0x6F, 0x62, 0x6A, 0x22, 0x2C, 0x0D, 0x0A,
    0x20, 0x20, 0x20, 0x20, 0x20, 0x20, 0x20, 0x20, 0x20, 0x20, 0x22, 0x6F, 0x70, 0x43, 0x6F, 0x64,
    0x65, 0x22, 0x3A, 0x20, 0x33, 0x34, 0x2C, 0x0D, 0x0A, 0x20, 0x20, 0x20, 0x20, 0x20, 0x20, 0x20,
    0x20, 0x20, 0x20, 0x22, 0x69, 0x6C, 0x4F, 0x66, 0x66, 0x73, 0x65, 0x74, 0x22, 0x3A, 0x20, 0x33,
    0x36, 0x2C, 0x0D, 0x0A, 0x20, 0x20, 0x20, 0x20, 0x20, 0x20, 0x20, 0x20, 0x20, 0x20, 0x22, 0x72,
    0x65, 0x73, 0x75, 0x6C, 0x74, 0x54, 0x79, 0x70, 0x65, 0x22, 0x3A, 0x20, 0x22, 0x53, 0x79, 0x73,
    0x74, 0x65, 0x6D, 0x2E, 0x43, 0x6F, 0x6C, 0x6C, 0x65, 0x63, 0x74, 0x69, 0x6F, 0x6E, 0x73, 0x2F,
    0x53, 0x79, 0x73, 0x74, 0x65, 0x6D, 0x2E, 0x43, 0x6F, 0x6C, 0x6C, 0x65, 0x63, 0x74, 0x69, 0x6F,
    0x6E, 0x73, 0x2E, 0x47, 0x65, 0x6E, 0x65, 0x72, 0x69, 0x63, 0x2E, 0x4C, 0x69, 0x73, 0x74, 0x5C,
    0x75, 0x30, 0x30, 0x33, 0x43, 0x53, 0x79, 0x73, 0x74, 0x65, 0x6D, 0x2E, 0x41, 0x74, 0x74, 0x72,
    0x69, 0x62, 0x75, 0x74, 0x65, 0x5C, 0x75, 0x30, 0x30, 0x33, 0x45, 0x22, 0x2C, 0x0D, 0x0A, 0x20,
    0x20, 0x20, 0x20, 0x20, 0x20, 0x20, 0x20, 0x20, 0x20, 0x22, 0x63, 0x61, 0x6C, 0x6C, 0x65, 0x65,
    0x22, 0x3A, 0x20, 0x22, 0x53, 0x79, 0x73, 0x74, 0x65, 0x6D, 0x2E, 0x43, 0x6F, 0x6C, 0x6C, 0x65,
    0x63, 0x74, 0x69, 0x6F, 0x6E, 0x73, 0x2F, 0x53, 0x79, 0x73, 0x74, 0x65, 0x6D, 0x2E, 0x43, 0x6F,
    0x6C, 0x6C, 0x65, 0x63, 0x74, 0x69, 0x6F, 0x6E, 0x73, 0x2E, 0x47, 0x65, 0x6E, 0x65, 0x72, 0x69,
    0x63, 0x2E, 0x4C, 0x69, 0x73, 0x74, 0x5C, 0x75, 0x30, 0x30, 0x33, 0x43, 0x53, 0x79, 0x73, 0x74,
    0x65, 0x6D, 0x2E, 0x41, 0x74, 0x74, 0x72, 0x69, 0x62, 0x75, 0x74, 0x65, 0x5C, 0x75, 0x30, 0x30,
    0x33, 0x45, 0x3A, 0x3A, 0x2E, 0x63, 0x74, 0x6F, 0x72, 0x3A, 0x53, 0x79, 0x73, 0x74, 0x65, 0x6D,
    0x2E, 0x56, 0x6F, 0x69, 0x64, 0x28, 0x53, 0x79, 0x73, 0x74, 0x65, 0x6D, 0x2E, 0x43, 0x6F, 0x6C,
    0x6C, 0x65, 0x63, 0x74, 0x69, 0x6F, 0x6E, 0x73, 0x2E, 0x47, 0x65, 0x6E, 0x65, 0x72, 0x69, 0x63,
    0x2E, 0x49, 0x45, 0x6E, 0x75, 0x6D, 0x65, 0x72, 0x61, 0x62, 0x6C, 0x65, 0x5C, 0x75, 0x30, 0x30,
    0x33, 0x43, 0x53, 0x79, 0x73, 0x74, 0x65, 0x6D, 0x2E, 0x41, 0x74, 0x74, 0x72, 0x69, 0x62, 0x75,
    0x74, 0x65, 0x5C, 0x75, 0x30, 0x30, 0x33, 0x45, 0x29, 0x22, 0x2C, 0x0D, 0x0A, 0x20, 0x20, 0x20,
    0x20, 0x20, 0x20, 0x20, 0x20, 0x20, 0x20, 0x22, 0x72, 0x65, 0x66, 0x65, 0x72, 0x65, 0x6E, 0x63,
    0x65, 0x22, 0x3A, 0x20, 0x7B, 0x0D, 0x0A, 0x20, 0x20, 0x20, 0x20, 0x20, 0x20, 0x20, 0x20, 0x20,
    0x20, 0x20, 0x20, 0x22, 0x61, 0x73, 0x73, 0x65, 0x6D, 0x62, 0x6C, 0x79, 0x4E, 0x61, 0x6D, 0x65,
    0x22, 0x3A, 0x20, 0x22, 0x53, 0x79, 0x73, 0x74, 0x65, 0x6D, 0x2E, 0x43, 0x6F, 0x6C, 0x6C, 0x65,
    0x63, 0x74, 0x69, 0x6F, 0x6E, 0x73, 0x22, 0x2C, 0x0D, 0x0A, 0x20, 0x20, 0x20, 0x20, 0x20, 0x20,
    0x20, 0x20, 0x20, 0x20, 0x20, 0x20, 0x22, 0x73, 0x75, 0x62, 0x6A, 0x65, 0x63, 0x74, 0x4B, 0x69,
    0x6E, 0x64, 0x22, 0x3A, 0x20, 0x22, 0x6D, 0x65, 0x74, 0x68, 0x6F, 0x64, 0x22, 0x2C, 0x0D, 0x0A,
    0x20, 0x20, 0x20, 0x20, 0x20, 0x20, 0x20, 0x20, 0x20, 0x20, 0x20, 0x20, 0x22, 0x73, 0x75, 0x62,
    0x6A, 0x65, 0x63, 0x74, 0x49, 0x64, 0x22, 0x3A, 0x20, 0x22, 0x53, 0x79, 0x73, 0x74, 0x65, 0x6D,
    0x2E, 0x43, 0x6F, 0x6C, 0x6C, 0x65, 0x63, 0x74, 0x69, 0x6F, 0x6E, 0x73, 0x2F, 0x53, 0x79, 0x73,
    0x74, 0x65, 0x6D, 0x2E, 0x43, 0x6F, 0x6C, 0x6C, 0x65, 0x63, 0x74, 0x69, 0x6F, 0x6E, 0x73, 0x2E,
    0x47, 0x65, 0x6E, 0x65, 0x72, 0x69, 0x63, 0x2E, 0x4C, 0x69, 0x73, 0x74, 0x5C, 0x75, 0x30, 0x30,
    0x33, 0x43, 0x53, 0x79, 0x73, 0x74, 0x65, 0x6D, 0x2E, 0x41, 0x74, 0x74, 0x72, 0x69, 0x62, 0x75,
    0x74, 0x65, 0x5C, 0x75, 0x30, 0x30, 0x33, 0x45, 0x3A, 0x3A, 0x2E, 0x63, 0x74, 0x6F, 0x72, 0x3A,
    0x53, 0x79, 0x73, 0x74, 0x65, 0x6D, 0x2E, 0x56, 0x6F, 0x69, 0x64, 0x28, 0x53, 0x79, 0x73, 0x74,
    0x65, 0x6D, 0x2E, 0x43, 0x6F, 0x6C, 0x6C, 0x65, 0x63, 0x74, 0x69, 0x6F, 0x6E, 0x73, 0x2E, 0x47,
    0x65, 0x6E, 0x65, 0x72, 0x69, 0x63, 0x2E, 0x49, 0x45, 0x6E, 0x75, 0x6D, 0x65, 0x72, 0x61, 0x62,
    0x6C, 0x65, 0x5C, 0x75, 0x30, 0x30, 0x33, 0x43, 0x53, 0x79, 0x73, 0x74, 0x65, 0x6D, 0x2E, 0x41,
    0x74, 0x74, 0x72, 0x69, 0x62, 0x75, 0x74, 0x65, 0x5C, 0x75, 0x30, 0x30, 0x33, 0x45, 0x29, 0x22,
    0x0D, 0x0A, 0x20, 0x20, 0x20, 0x20, 0x20, 0x20, 0x20, 0x20, 0x20, 0x20, 0x7D, 0x2C, 0x0D, 0x0A,
    0x20, 0x20, 0x20, 0x20, 0x20, 0x20, 0x20, 0x20, 0x20, 0x20, 0x22, 0x74, 0x61, 0x72, 0x67, 0x65,
    0x74, 0x52, 0x65, 0x66, 0x65, 0x72, 0x65, 0x6E, 0x63, 0x65, 0x22, 0x3A, 0x20, 0x7B, 0x0D, 0x0A,
    0x20, 0x20, 0x20, 0x20, 0x20, 0x20, 0x20, 0x20, 0x20, 0x20, 0x20, 0x20, 0x22, 0x6B, 0x69, 0x6E,
    0x64, 0x22, 0x3A, 0x20, 0x31, 0x2C, 0x0D, 0x0A, 0x20, 0x20, 0x20, 0x20, 0x20, 0x20, 0x20, 0x20,
    0x20, 0x20, 0x20, 0x20, 0x22, 0x61, 0x73, 0x73, 0x65, 0x6D, 0x62, 0x6C, 0x79, 0x4E, 0x61, 0x6D,
    0x65, 0x22, 0x3A, 0x20, 0x22, 0x53, 0x79, 0x73, 0x74, 0x65, 0x6D, 0x2E, 0x43, 0x6F, 0x6C, 0x6C,
    0x65, 0x63, 0x74, 0x69, 0x6F, 0x6E, 0x73, 0x22, 0x2C, 0x0D, 0x0A, 0x20, 0x20, 0x20, 0x20, 0x20,
    0x20, 0x20, 0x20, 0x20, 0x20, 0x20, 0x20, 0x22, 0x73, 0x75, 0x62, 0x6A, 0x65, 0x63, 0x74, 0x49,
    0x64, 0x22, 0x3A, 0x20, 0x22, 0x53, 0x79, 0x73, 0x74, 0x65, 0x6D, 0x2E, 0x43, 0x6F, 0x6C, 0x6C,
    0x65, 0x63, 0x74, 0x69, 0x6F, 0x6E, 0x73, 0x2F, 0x53, 0x79, 0x73, 0x74, 0x65, 0x6D, 0x2E, 0x43,
    0x6F, 0x6C, 0x6C, 0x65, 0x63, 0x74, 0x69, 0x6F, 0x6E, 0x73, 0x2E, 0x47, 0x65, 0x6E, 0x65, 0x72,
    0x69, 0x63, 0x2E, 0x4C, 0x69, 0x73, 0x74, 0x5C, 0x75, 0x30, 0x30, 0x33, 0x43, 0x53, 0x79, 0x73,
    0x74, 0x65, 0x6D, 0x2E, 0x41, 0x74, 0x74, 0x72, 0x69, 0x62, 0x75, 0x74, 0x65, 0x5C, 0x75, 0x30,
    0x30, 0x33, 0x45, 0x22, 0x2C, 0x0D, 0x0A, 0x20, 0x20, 0x20, 0x20, 0x20, 0x20, 0x20, 0x20, 0x20,
    0x20, 0x20, 0x20, 0x22, 0x74, 0x79, 0x70, 0x65, 0x53, 0x68, 0x61, 0x70, 0x65, 0x22, 0x3A, 0x20,
    0x31, 0x2C, 0x0D, 0x0A, 0x20, 0x20, 0x20, 0x20, 0x20, 0x20, 0x20, 0x20, 0x20, 0x20, 0x20, 0x20,
    0x22, 0x61, 0x72, 0x72, 0x61, 0x79, 0x45, 0x6C, 0x65, 0x6D, 0x65, 0x6E, 0x74, 0x54, 0x79, 0x70,
    0x65, 0x53, 0x68, 0x61, 0x70, 0x65, 0x22, 0x3A, 0x20, 0x30, 0x2C, 0x0D, 0x0A, 0x20, 0x20, 0x20,
    0x20, 0x20, 0x20, 0x20, 0x20, 0x20, 0x20, 0x20, 0x20, 0x22, 0x69, 0x73, 0x53, 0x65, 0x61, 0x6C,
    0x65, 0x64, 0x22, 0x3A, 0x20, 0x66, 0x61, 0x6C, 0x73, 0x65, 0x2C, 0x0D, 0x0A, 0x20, 0x20, 0x20,
    0x20, 0x20, 0x20, 0x20, 0x20, 0x20, 0x20, 0x20, 0x20, 0x22, 0x69, 0x73, 0x43, 0x6F, 0x6D, 0x49,
    0x6D, 0x70, 0x6F, 0x72, 0x74, 0x22, 0x3A, 0x20, 0x66, 0x61, 0x6C, 0x73, 0x65, 0x2C, 0x0D, 0x0A,
    0x20, 0x20, 0x20, 0x20, 0x20, 0x20, 0x20, 0x20, 0x20, 0x20, 0x20, 0x20, 0x22, 0x63, 0x6F, 0x6D,
    0x49, 0x6E, 0x74, 0x65, 0x72, 0x66, 0x61, 0x63, 0x65, 0x54, 0x79, 0x70, 0x65, 0x4B, 0x69, 0x6E,
    0x64, 0x22, 0x3A, 0x20, 0x30, 0x2C, 0x0D, 0x0A, 0x20, 0x20, 0x20, 0x20, 0x20, 0x20, 0x20, 0x20,
    0x20, 0x20, 0x20, 0x20, 0x22, 0x64, 0x65, 0x63, 0x6C, 0x61, 0x72, 0x69, 0x6E, 0x67, 0x54, 0x79,
    0x70, 0x65, 0x53, 0x68, 0x61, 0x70, 0x65, 0x22, 0x3A, 0x20, 0x30, 0x0D, 0x0A, 0x20, 0x20, 0x20,
    0x20, 0x20, 0x20, 0x20, 0x20, 0x20, 0x20, 0x7D, 0x2C, 0x0D, 0x0A, 0x20, 0x20, 0x20, 0x20, 0x20,
    0x20, 0x20, 0x20, 0x20, 0x20, 0x22, 0x72, 0x75, 0x6E, 0x74, 0x69, 0x6D, 0x65, 0x53, 0x65, 0x72,
    0x76, 0x69, 0x63, 0x65, 0x4B, 0x69, 0x6E, 0x64, 0x22, 0x3A, 0x20, 0x31, 0x2C, 0x0D, 0x0A, 0x20,
    0x20, 0x20, 0x20, 0x20, 0x20, 0x20, 0x20, 0x20, 0x20, 0x22, 0x69, 0x73, 0x50, 0x72, 0x65, 0x73,
    0x65, 0x72, 0x76, 0x65, 0x53, 0x69, 0x67, 0x22, 0x3A, 0x20, 0x66, 0x61, 0x6C, 0x73, 0x65, 0x0D,
    0x0A, 0x20, 0x20, 0x20, 0x20, 0x20, 0x20, 0x20, 0x20, 0x7D, 0x2C, 0x0D, 0x0A, 0x20, 0x20, 0x20,
    0x20, 0x20, 0x20, 0x20, 0x20, 0x7B, 0x0D, 0x0A, 0x20, 0x20, 0x20, 0x20, 0x20, 0x20, 0x20, 0x20,
    0x20, 0x20, 0x22, 0x6F, 0x70, 0x22, 0x3A, 0x20, 0x22, 0x63, 0x61, 0x6C, 0x6C, 0x22, 0x2C, 0x0D,
    0x0A, 0x20, 0x20, 0x20, 0x20, 0x20, 0x20, 0x20, 0x20, 0x20, 0x20, 0x22, 0x6F, 0x70, 0x43, 0x6F,
    0x64, 0x65, 0x22, 0x3A, 0x20, 0x31, 0x34, 0x2C, 0x0D, 0x0A, 0x20, 0x20, 0x20, 0x20, 0x20, 0x20,
    0x20, 0x20, 0x20, 0x20, 0x22, 0x69, 0x6C, 0x4F, 0x66, 0x66, 0x73, 0x65, 0x74, 0x22, 0x3A, 0x20,
    0x34, 0x31, 0x2C, 0x0D, 0x0A, 0x20, 0x20, 0x20, 0x20, 0x20, 0x20, 0x20, 0x20, 0x20, 0x20, 0x22,
    0x72, 0x65, 0x73, 0x75, 0x6C, 0x74, 0x54, 0x79, 0x70, 0x65, 0x22, 0x3A, 0x20, 0x22, 0x53, 0x79,
    0x73, 0x74, 0x65, 0x6D, 0x2E, 0x49, 0x6E, 0x74, 0x33, 0x32, 0x22, 0x2C, 0x0D, 0x0A, 0x20, 0x20,
    0x20, 0x20, 0x20, 0x20, 0x20, 0x20, 0x20, 0x20, 0x22, 0x63, 0x61, 0x6C, 0x6C, 0x65, 0x65, 0x22,
    0x3A, 0x20, 0x22, 0x53, 0x79, 0x73, 0x74, 0x65, 0x6D, 0x2E, 0x43, 0x6F, 0x6C, 0x6C, 0x65, 0x63,
    0x74, 0x69, 0x6F, 0x6E, 0x73, 0x2F, 0x53, 0x79, 0x73, 0x74, 0x65, 0x6D, 0x2E, 0x43, 0x6F, 0x6C,
    0x6C, 0x65, 0x63, 0x74, 0x69, 0x6F, 0x6E, 0x73, 0x2E, 0x47, 0x65, 0x6E, 0x65, 0x72, 0x69, 0x63,
    0x2E, 0x4C, 0x69, 0x73, 0x74, 0x5C, 0x75, 0x30, 0x30, 0x33, 0x43, 0x53, 0x79, 0x73, 0x74, 0x65,
    0x6D, 0x2E, 0x41, 0x74, 0x74, 0x72, 0x69, 0x62, 0x75, 0x74, 0x65, 0x5C, 0x75, 0x30, 0x30, 0x33,
    0x45, 0x3A, 0x3A, 0x67, 0x65, 0x74, 0x5F, 0x43, 0x6F, 0x75, 0x6E, 0x74, 0x3A, 0x53, 0x79, 0x73,
    0x74, 0x65, 0x6D, 0x2E, 0x49, 0x6E, 0x74, 0x33, 0x32, 0x28, 0x29, 0x22, 0x2C, 0x0D, 0x0A, 0x20,
    0x20, 0x20, 0x20, 0x20, 0x20, 0x20, 0x20, 0x20, 0x20, 0x22, 0x72, 0x65, 0x66, 0x65, 0x72, 0x65,
    0x6E, 0x63, 0x65, 0x22, 0x3A, 0x20, 0x7B, 0x0D, 0x0A, 0x20, 0x20, 0x20, 0x20, 0x20, 0x20, 0x20,
    0x20, 0x20, 0x20, 0x20, 0x20, 0x22, 0x61, 0x73, 0x73, 0x65, 0x6D, 0x62, 0x6C, 0x79, 0x4E, 0x61,
    0x6D, 0x65, 0x22, 0x3A, 0x20, 0x22, 0x53, 0x79, 0x73, 0x74, 0x65, 0x6D, 0x2E, 0x43, 0x6F, 0x6C,
    0x6C, 0x65, 0x63, 0x74, 0x69, 0x6F, 0x6E, 0x73, 0x22, 0x2C, 0x0D, 0x0A, 0x20, 0x20, 0x20, 0x20,
    0x20, 0x20, 0x20, 0x20, 0x20, 0x20, 0x20, 0x20, 0x22, 0x73, 0x75, 0x62, 0x6A, 0x65, 0x63, 0x74,
    0x4B, 0x69, 0x6E, 0x64, 0x22, 0x3A, 0x20, 0x22, 0x6D, 0x65, 0x74, 0x68, 0x6F, 0x64, 0x22, 0x2C,
    0x0D, 0x0A, 0x20, 0x20, 0x20, 0x20, 0x20, 0x20, 0x20, 0x20, 0x20, 0x20, 0x20, 0x20, 0x22, 0x73,
    0x75, 0x62, 0x6A, 0x65, 0x63, 0x74, 0x49, 0x64, 0x22, 0x3A, 0x20, 0x22, 0x53, 0x79, 0x73, 0x74,
    0x65, 0x6D, 0x2E, 0x43, 0x6F, 0x6C, 0x6C, 0x65, 0x63, 0x74, 0x69, 0x6F, 0x6E, 0x73, 0x2F, 0x53,
    0x79, 0x73, 0x74, 0x65, 0x6D, 0x2E, 0x43, 0x6F, 0x6C, 0x6C, 0x65, 0x63, 0x74, 0x69, 0x6F, 0x6E,
    0x73, 0x2E, 0x47, 0x65, 0x6E, 0x65, 0x72, 0x69, 0x63, 0x2E, 0x4C, 0x69, 0x73, 0x74, 0x5C, 0x75,
    0x30, 0x30, 0x33, 0x43, 0x53, 0x79, 0x73, 0x74, 0x65, 0x6D, 0x2E, 0x41, 0x74, 0x74, 0x72, 0x69,
    0x62, 0x75, 0x74, 0x65, 0x5C, 0x75, 0x30, 0x30, 0x33, 0x45, 0x3A, 0x3A, 0x67, 0x65, 0x74, 0x5F,
    0x43, 0x6F, 0x75, 0x6E, 0x74, 0x3A, 0x53, 0x79, 0x73, 0x74, 0x65, 0x6D, 0x2E, 0x49, 0x6E, 0x74,
    0x33, 0x32, 0x28, 0x29, 0x22, 0x0D, 0x0A, 0x20, 0x20, 0x20, 0x20, 0x20, 0x20, 0x20, 0x20, 0x20,
    0x20, 0x7D, 0x2C, 0x0D, 0x0A, 0x20, 0x20, 0x20, 0x20, 0x20, 0x20, 0x20, 0x20, 0x20, 0x20, 0x22,
    0x74, 0x61, 0x72, 0x67, 0x65, 0x74, 0x52, 0x65, 0x66, 0x65, 0x72, 0x65, 0x6E, 0x63, 0x65, 0x22,
    0x3A, 0x20, 0x7B, 0x0D, 0x0A, 0x20, 0x20, 0x20, 0x20, 0x20, 0x20, 0x20, 0x20, 0x20, 0x20, 0x20,
    0x20, 0x22, 0x6B, 0x69, 0x6E, 0x64, 0x22, 0x3A, 0x20, 0x33, 0x2C, 0x0D, 0x0A, 0x20, 0x20, 0x20,
    0x20, 0x20, 0x20, 0x20, 0x20, 0x20, 0x20, 0x20, 0x20, 0x22, 0x61, 0x73, 0x73, 0x65, 0x6D, 0x62,
    0x6C, 0x79, 0x4E, 0x61, 0x6D, 0x65, 0x22, 0x3A, 0x20, 0x22, 0x53, 0x79, 0x73, 0x74, 0x65, 0x6D,
    0x2E, 0x43, 0x6F, 0x6C, 0x6C, 0x65, 0x63, 0x74, 0x69, 0x6F, 0x6E, 0x73, 0x22, 0x2C, 0x0D, 0x0A,
    0x20, 0x20, 0x20, 0x20, 0x20, 0x20, 0x20, 0x20, 0x20, 0x20, 0x20, 0x20, 0x22, 0x73, 0x75, 0x62,
    0x6A, 0x65, 0x63, 0x74, 0x49, 0x64, 0x22, 0x3A, 0x20, 0x22, 0x53, 0x79, 0x73, 0x74, 0x65, 0x6D,
    0x2E, 0x43, 0x6F, 0x6C, 0x6C, 0x65, 0x63, 0x74, 0x69, 0x6F, 0x6E, 0x73, 0x2F, 0x53, 0x79, 0x73,
    0x74, 0x65, 0x6D, 0x2E, 0x43, 0x6F, 0x6C, 0x6C, 0x65, 0x63, 0x74, 0x69, 0x6F, 0x6E, 0x73, 0x2E,
    0x47, 0x65, 0x6E, 0x65, 0x72, 0x69, 0x63, 0x2E, 0x4C, 0x69, 0x73, 0x74, 0x5C, 0x75, 0x30, 0x30,
    0x33, 0x43, 0x53, 0x79, 0x73, 0x74, 0x65, 0x6D, 0x2E, 0x41, 0x74, 0x74, 0x72, 0x69, 0x62, 0x75,
    0x74, 0x65, 0x5C, 0x75, 0x30, 0x30, 0x33, 0x45, 0x3A, 0x3A, 0x67, 0x65, 0x74, 0x5F, 0x43, 0x6F,
    0x75, 0x6E, 0x74, 0x3A, 0x53, 0x79, 0x73, 0x74, 0x65, 0x6D, 0x2E, 0x49, 0x6E, 0x74, 0x33, 0x32,
    0x28, 0x29, 0x22, 0x2C, 0x0D, 0x0A, 0x20, 0x20, 0x20, 0x20, 0x20, 0x20, 0x20, 0x20, 0x20, 0x20,
    0x20, 0x20, 0x22, 0x6F, 0x70, 0x65, 0x6E, 0x44, 0x65, 0x66, 0x69, 0x6E, 0x69, 0x74, 0x69, 0x6F,
    0x6E, 0x53, 0x75, 0x62, 0x6A, 0x65, 0x63, 0x74, 0x49, 0x64, 0x22, 0x3A, 0x20, 0x22, 0x53, 0x79,
    0x73, 0x74, 0x65, 0x6D, 0x2E, 0x43, 0x6F, 0x6C, 0x6C, 0x65, 0x63, 0x74, 0x69, 0x6F, 0x6E, 0x73,
    0x2F, 0x53, 0x79, 0x73, 0x74, 0x65, 0x6D, 0x2E, 0x43, 0x6F, 0x6C, 0x6C, 0x65, 0x63, 0x74, 0x69,
    0x6F, 0x6E, 0x73, 0x2E, 0x47, 0x65, 0x6E, 0x65, 0x72, 0x69, 0x63, 0x2E, 0x4C, 0x69, 0x73, 0x74,
    0x5C, 0x75, 0x30, 0x30, 0x36, 0x30, 0x31, 0x3A, 0x3A, 0x67, 0x65, 0x74, 0x5F, 0x43, 0x6F, 0x75,
    0x6E, 0x74, 0x3A, 0x53, 0x79, 0x73, 0x74, 0x65, 0x6D, 0x2E, 0x49, 0x6E, 0x74, 0x33, 0x32, 0x28,
    0x29, 0x22, 0x2C, 0x0D, 0x0A, 0x20, 0x20, 0x20, 0x20, 0x20, 0x20, 0x20, 0x20, 0x20, 0x20, 0x20,
    0x20, 0x22, 0x73, 0x68, 0x61, 0x72, 0x65, 0x64, 0x47, 0x65, 0x6E, 0x65, 0x72, 0x69, 0x63, 0x42,
    0x6F, 0x64, 0x79, 0x49, 0x64, 0x22, 0x3A, 0x20, 0x7B, 0x0D, 0x0A, 0x20, 0x20, 0x20, 0x20, 0x20,
    0x20, 0x20, 0x20, 0x20, 0x20, 0x20, 0x20, 0x20, 0x20, 0x22, 0x76, 0x61, 0x6C, 0x75, 0x65, 0x22,
    0x3A, 0x20, 0x22, 0x62, 0x6F, 0x64, 0x79, 0x3A, 0x64, 0x65, 0x66, 0x69, 0x6E, 0x69, 0x74, 0x69,
    0x6F, 0x6E, 0x3D, 0x53, 0x79, 0x73, 0x74, 0x65, 0x6D, 0x2E, 0x43, 0x6F, 0x6C, 0x6C, 0x65, 0x63,
    0x74, 0x69, 0x6F, 0x6E, 0x73, 0x2F, 0x53, 0x79, 0x73, 0x74, 0x65, 0x6D, 0x2E, 0x43, 0x6F, 0x6C,
    0x6C, 0x65, 0x63, 0x74, 0x69, 0x6F, 0x6E, 0x73, 0x2E, 0x47, 0x65, 0x6E, 0x65, 0x72, 0x69, 0x63,
    0x2E, 0x4C, 0x69, 0x73, 0x74, 0x5C, 0x75, 0x30, 0x30, 0x36, 0x30, 0x31, 0x3A, 0x3A, 0x67, 0x65,
    0x74, 0x5F, 0x43, 0x6F, 0x75, 0x6E, 0x74, 0x3A, 0x53, 0x79, 0x73, 0x74, 0x65, 0x6D, 0x2E, 0x49,
    0x6E, 0x74, 0x33, 0x32, 0x28, 0x29, 0x3B, 0x74, 0x79, 0x70, 0x65, 0x3D, 0x5B, 0x53, 0x79, 0x73,
    0x74, 0x65, 0x6D, 0x2E, 0x41, 0x74, 0x74, 0x72, 0x69, 0x62, 0x75, 0x74, 0x65, 0x5D, 0x3B, 0x6D,
    0x65, 0x74, 0x68, 0x6F, 0x64, 0x3D, 0x5B, 0x5D, 0x22, 0x0D, 0x0A, 0x20, 0x20, 0x20, 0x20, 0x20,
    0x20, 0x20, 0x20, 0x20, 0x20, 0x20, 0x20, 0x7D, 0x2C, 0x0D, 0x0A, 0x20, 0x20, 0x20, 0x20, 0x20,
    0x20, 0x20, 0x20, 0x20, 0x20, 0x20, 0x20, 0x22, 0x69, 0x6E, 0x73, 0x74, 0x61, 0x6E, 0x74, 0x69,
    0x61, 0x74, 0x69, 0x6F, 0x6E, 0x53, 0x74, 0x75, 0x62, 0x49, 0x64, 0x22, 0x3A, 0x20, 0x7B, 0x0D,
    0x0A, 0x20, 0x20, 0x20, 0x20, 0x20, 0x20, 0x20, 0x20, 0x20, 0x20, 0x20, 0x20, 0x20, 0x20, 0x22,
    0x76, 0x61, 0x6C, 0x75, 0x65, 0x22, 0x3A, 0x20, 0x22, 0x73, 0x74, 0x75, 0x62, 0x3A, 0x64, 0x65,
    0x66, 0x69, 0x6E, 0x69, 0x74, 0x69, 0x6F, 0x6E, 0x3D, 0x53, 0x79, 0x73, 0x74, 0x65, 0x6D, 0x2E,
    0x43, 0x6F, 0x6C, 0x6C, 0x65, 0x63, 0x74, 0x69, 0x6F, 0x6E, 0x73, 0x2F, 0x53, 0x79, 0x73, 0x74,
    0x65, 0x6D, 0x2E, 0x43, 0x6F, 0x6C, 0x6C, 0x65, 0x63, 0x74, 0x69, 0x6F, 0x6E, 0x73, 0x2E, 0x47,
    0x65, 0x6E, 0x65, 0x72, 0x69, 0x63, 0x2E, 0x4C, 0x69, 0x73, 0x74, 0x5C, 0x75, 0x30, 0x30, 0x36,
    0x30, 0x31, 0x3A, 0x3A, 0x67, 0x65, 0x74, 0x5F, 0x43, 0x6F, 0x75, 0x6E, 0x74, 0x3A, 0x53, 0x79,
    0x73, 0x74, 0x65, 0x6D, 0x2E, 0x49, 0x6E, 0x74, 0x33, 0x32, 0x28, 0x29, 0x3B, 0x74, 0x79, 0x70,
    0x65, 0x3D, 0x5B, 0x53, 0x79, 0x73, 0x74, 0x65, 0x6D, 0x2E, 0x41, 0x74, 0x74, 0x72, 0x69, 0x62,
    0x75, 0x74, 0x65, 0x5D, 0x3B, 0x6D, 0x65, 0x74, 0x68, 0x6F, 0x64, 0x3D, 0x5B, 0x5D, 0x22, 0x0D,
    0x0A, 0x20, 0x20, 0x20, 0x20, 0x20, 0x20, 0x20, 0x20, 0x20, 0x20, 0x20, 0x20, 0x7D, 0x2C, 0x0D,
    0x0A, 0x20, 0x20, 0x20, 0x20, 0x20, 0x20, 0x20, 0x20, 0x20, 0x20, 0x20, 0x20, 0x22, 0x72, 0x75,
    0x6E, 0x74, 0x69, 0x6D, 0x65, 0x47, 0x65, 0x6E, 0x65, 0x72, 0x69, 0x63, 0x43, 0x6F, 0x6E, 0x74,
    0x65, 0x78, 0x74, 0x22, 0x3A, 0x20, 0x7B, 0x0D, 0x0A, 0x20, 0x20, 0x20, 0x20, 0x20, 0x20, 0x20,
    0x20, 0x20, 0x20, 0x20, 0x20, 0x20, 0x20, 0x22, 0x69, 0x6E, 0x73, 0x74, 0x61, 0x6E, 0x74, 0x69,
    0x61, 0x74, 0x69, 0x6F, 0x6E, 0x4B, 0x65, 0x79, 0x22, 0x3A, 0x20, 0x7B, 0x0D, 0x0A, 0x20, 0x20,
    0x20, 0x20, 0x20, 0x20, 0x20, 0x20, 0x20, 0x20, 0x20, 0x20, 0x20, 0x20, 0x20, 0x20, 0x22, 0x63,
    0x6F, 0x6E, 0x74, 0x65, 0x78, 0x74, 0x4B, 0x69, 0x6E, 0x64, 0x22, 0x3A, 0x20, 0x31, 0x2C, 0x0D,
    0x0A, 0x20, 0x20, 0x20, 0x20, 0x20, 0x20, 0x20, 0x20, 0x20, 0x20, 0x20, 0x20, 0x20, 0x20, 0x20,
    0x20, 0x22, 0x64, 0x65, 0x66, 0x69, 0x6E, 0x69, 0x74, 0x69, 0x6F, 0x6E, 0x53, 0x75, 0x62, 0x6A,
    0x65, 0x63, 0x74, 0x49, 0x64, 0x22, 0x3A, 0x20, 0x22, 0x53, 0x79, 0x73, 0x74, 0x65, 0x6D, 0x2E,
    0x43, 0x6F, 0x6C, 0x6C, 0x65, 0x63, 0x74, 0x69, 0x6F, 0x6E, 0x73, 0x2F, 0x53, 0x79, 0x73, 0x74,
    0x65, 0x6D, 0x2E, 0x43, 0x6F, 0x6C, 0x6C, 0x65, 0x63, 0x74, 0x69, 0x6F, 0x6E, 0x73, 0x2E, 0x47,
    0x65, 0x6E, 0x65, 0x72, 0x69, 0x63, 0x2E, 0x4C, 0x69, 0x73, 0x74, 0x5C, 0x75, 0x30, 0x30, 0x36,
    0x30, 0x31, 0x3A, 0x3A, 0x67, 0x65, 0x74, 0x5F, 0x43, 0x6F, 0x75, 0x6E, 0x74, 0x3A, 0x53, 0x79,
    0x73, 0x74, 0x65, 0x6D, 0x2E, 0x49, 0x6E, 0x74, 0x33, 0x32, 0x28, 0x29, 0x22, 0x2C, 0x0D, 0x0A,
    0x20, 0x20, 0x20, 0x20, 0x20, 0x20, 0x20, 0x20, 0x20, 0x20, 0x20, 0x20, 0x20, 0x20, 0x20, 0x20,
    0x22, 0x74, 0x79, 0x70, 0x65, 0x41, 0x72, 0x67, 0x75, 0x6D, 0x65, 0x6E, 0x74, 0x73, 0x22, 0x3A,
    0x20, 0x5B, 0x0D, 0x0A, 0x20, 0x20, 0x20, 0x20, 0x20, 0x20, 0x20, 0x20, 0x20, 0x20, 0x20, 0x20,
    0x20, 0x20, 0x20, 0x20, 0x20, 0x20, 0x22, 0x53, 0x79, 0x73, 0x74, 0x65, 0x6D, 0x2E, 0x41, 0x74,
    0x74, 0x72, 0x69, 0x62, 0x75, 0x74, 0x65, 0x22, 0x0D, 0x0A, 0x20, 0x20, 0x20, 0x20, 0x20, 0x20,
    0x20, 0x20, 0x20, 0x20, 0x20, 0x20, 0x20, 0x20, 0x20, 0x20, 0x5D, 0x2C, 0x0D, 0x0A, 0x20, 0x20,
    0x20, 0x20, 0x20, 0x20, 0x20, 0x20, 0x20, 0x20, 0x20, 0x20, 0x20, 0x20, 0x20, 0x20, 0x22, 0x6D,
    0x65, 0x74, 0x68, 0x6F, 0x64, 0x41, 0x72, 0x67, 0x75, 0x6D, 0x65, 0x6E, 0x74, 0x73, 0x22, 0x3A,
    0x20, 0x5B, 0x5D, 0x0D, 0x0A, 0x20, 0x20, 0x20, 0x20, 0x20, 0x20, 0x20, 0x20, 0x20, 0x20, 0x20,
    0x20, 0x20, 0x20, 0x7D, 0x2C, 0x0D, 0x0A, 0x20, 0x20, 0x20, 0x20, 0x20, 0x20, 0x20, 0x20, 0x20,
    0x20, 0x20, 0x20, 0x20, 0x20, 0x22, 0x73, 0x68, 0x61, 0x72, 0x65, 0x64, 0x47, 0x65, 0x6E, 0x65,
    0x72, 0x69, 0x63, 0x42, 0x6F, 0x64, 0x79, 0x49, 0x64, 0x22, 0x3A, 0x20, 0x7B, 0x0D, 0x0A, 0x20,
    0x20, 0x20, 0x20, 0x20, 0x20, 0x20, 0x20, 0x20, 0x20, 0x20, 0x20, 0x20, 0x20, 0x20, 0x20, 0x22,
    0x76, 0x61, 0x6C, 0x75, 0x65, 0x22, 0x3A, 0x20, 0x22, 0x62, 0x6F, 0x64, 0x79, 0x3A, 0x64, 0x65,
    0x66, 0x69, 0x6E, 0x69, 0x74, 0x69, 0x6F, 0x6E, 0x3D, 0x53, 0x79, 0x73, 0x74, 0x65, 0x6D, 0x2E,
    0x43, 0x6F, 0x6C, 0x6C, 0x65, 0x63, 0x74, 0x69, 0x6F, 0x6E, 0x73, 0x2F, 0x53, 0x79, 0x73, 0x74,
    0x65, 0x6D, 0x2E, 0x43, 0x6F, 0x6C, 0x6C, 0x65, 0x63, 0x74, 0x69, 0x6F, 0x6E, 0x73, 0x2E, 0x47,
    0x65, 0x6E, 0x65, 0x72, 0x69, 0x63, 0x2E, 0x4C, 0x69, 0x73, 0x74, 0x5C, 0x75, 0x30, 0x30, 0x36,
    0x30, 0x31, 0x3A, 0x3A, 0x67, 0x65, 0x74, 0x5F, 0x43, 0x6F, 0x75, 0x6E, 0x74, 0x3A, 0x53, 0x79,
    0x73, 0x74, 0x65, 0x6D, 0x2E, 0x49, 0x6E, 0x74, 0x33, 0x32, 0x28, 0x29, 0x3B, 0x74, 0x79, 0x70,
    0x65, 0x3D, 0x5B, 0x53, 0x79, 0x73, 0x74, 0x65, 0x6D, 0x2E, 0x41, 0x74, 0x74, 0x72, 0x69, 0x62,
    0x75, 0x74, 0x65, 0x5D, 0x3B, 0x6D, 0x65, 0x74, 0x68, 0x6F, 0x64, 0x3D, 0x5B, 0x5D, 0x22, 0x0D,
    0x0A, 0x20, 0x20, 0x20, 0x20, 0x20, 0x20, 0x20, 0x20, 0x20, 0x20, 0x20, 0x20, 0x20, 0x20, 0x7D,
    0x2C, 0x0D, 0x0A, 0x20, 0x20, 0x20, 0x20, 0x20, 0x20, 0x20, 0x20, 0x20, 0x20, 0x20, 0x20, 0x20,
    0x20, 0x22, 0x69, 0x6E, 0x73, 0x74, 0x61, 0x6E, 0x74, 0x69, 0x61, 0x74, 0x69, 0x6F, 0x6E, 0x53,
    0x74, 0x75, 0x62, 0x49, 0x64, 0x22, 0x3A, 0x20, 0x7B, 0x0D, 0x0A, 0x20, 0x20, 0x20, 0x20, 0x20,
    0x20, 0x20, 0x20, 0x20, 0x20, 0x20, 0x20, 0x20, 0x20, 0x20, 0x20, 0x22, 0x76, 0x61, 0x6C, 0x75,
    0x65, 0x22, 0x3A, 0x20, 0x22, 0x73, 0x74, 0x75, 0x62, 0x3A, 0x64, 0x65, 0x66, 0x69, 0x6E, 0x69,
    0x74, 0x69, 0x6F, 0x6E, 0x3D, 0x53, 0x79, 0x73, 0x74, 0x65, 0x6D, 0x2E, 0x43, 0x6F, 0x6C, 0x6C,
    0x65, 0x63, 0x74, 0x69, 0x6F, 0x6E, 0x73, 0x2F, 0x53, 0x79, 0x73, 0x74, 0x65, 0x6D, 0x2E, 0x43,
    0x6F, 0x6C, 0x6C, 0x65, 0x63, 0x74, 0x69, 0x6F, 0x6E, 0x73, 0x2E, 0x47, 0x65, 0x6E, 0x65, 0x72,
    0x69, 0x63, 0x2E, 0x4C, 0x69, 0x73, 0x74, 0x5C, 0x75, 0x30, 0x30, 0x36, 0x30, 0x31, 0x3A, 0x3A,
    0x67, 0x65, 0x74, 0x5F, 0x43, 0x6F, 0x75, 0x6E, 0x74, 0x3A, 0x53, 0x79, 0x73, 0x74, 0x65, 0x6D,
    0x2E, 0x49, 0x6E, 0x74, 0x33, 0x32, 0x28, 0x29, 0x3B, 0x74, 0x79, 0x70, 0x65, 0x3D, 0x5B, 0x53,
    0x79, 0x73, 0x74, 0x65, 0x6D, 0x2E, 0x41, 0x74, 0x74, 0x72, 0x69, 0x62, 0x75, 0x74, 0x65, 0x5D,
    0x3B, 0x6D, 0x65, 0x74, 0x68, 0x6F, 0x64, 0x3D, 0x5B, 0x5D, 0x22, 0x0D, 0x0A, 0x20, 0x20, 0x20,
    0x20, 0x20, 0x20, 0x20, 0x20, 0x20, 0x20, 0x20, 0x20, 0x20, 0x20, 0x7D, 0x2C, 0x0D, 0x0A, 0x20,
    0x20, 0x20, 0x20, 0x20, 0x20, 0x20, 0x20, 0x20, 0x20, 0x20, 0x20, 0x20, 0x20, 0x22, 0x73, 0x75,
    0x70, 0x70, 0x6F, 0x72, 0x74, 0x4B, 0x69, 0x6E, 0x64, 0x43, 0x6F, 0x64, 0x65, 0x22, 0x3A, 0x20,
    0x33, 0x2C, 0x0D, 0x0A, 0x20, 0x20, 0x20, 0x20, 0x20, 0x20, 0x20, 0x20, 0x20, 0x20, 0x20, 0x20,
    0x20, 0x20, 0x22, 0x73, 0x70, 0x65, 0x63, 0x69, 0x61, 0x6C, 0x69, 0x7A, 0x61, 0x74, 0x69, 0x6F,
    0x6E, 0x4B, 0x69, 0x6E, 0x64, 0x43, 0x6F, 0x64, 0x65, 0x22, 0x3A, 0x20, 0x31, 0x2C, 0x0D, 0x0A,
    0x20, 0x20, 0x20, 0x20, 0x20, 0x20, 0x20, 0x20, 0x20, 0x20, 0x20, 0x20, 0x20, 0x20, 0x22, 0x73,
    0x74, 0x61, 0x74, 0x75, 0x73, 0x52, 0x65, 0x61, 0x73, 0x6F, 0x6E, 0x43, 0x6F, 0x64, 0x65, 0x22,
    0x3A, 0x20, 0x22, 0x6C, 0x6F, 0x61, 0x64, 0x65, 0x72, 0x2D, 0x64, 0x65, 0x6D, 0x61, 0x6E, 0x64,
    0x3A, 0x6D, 0x65, 0x6D, 0x62, 0x65, 0x72, 0x52, 0x65, 0x66, 0x65, 0x72, 0x65, 0x6E, 0x63, 0x65,
    0x22, 0x0D, 0x0A, 0x20, 0x20, 0x20, 0x20, 0x20, 0x20, 0x20, 0x20, 0x20, 0x20, 0x20, 0x20, 0x7D,
    0x2C, 0x0D, 0x0A, 0x20, 0x20, 0x20, 0x20, 0x20, 0x20, 0x20, 0x20, 0x20, 0x20, 0x20, 0x20, 0x22,
    0x67, 0x65, 0x6E, 0x65, 0x72, 0x69, 0x63, 0x44, 0x69, 0x61, 0x67, 0x6E, 0x6F, 0x73, 0x74, 0x69,
    0x63, 0x22, 0x3A, 0x20, 0x7B, 0x0D, 0x0A, 0x20, 0x20, 0x20, 0x20, 0x20, 0x20, 0x20, 0x20, 0x20,
    0x20, 0x20, 0x20, 0x20, 0x20, 0x22, 0x73, 0x75, 0x62, 0x6A, 0x65, 0x63, 0x74, 0x49, 0x64, 0x22,
    0x3A, 0x20, 0x22, 0x53, 0x79, 0x73, 0x74, 0x65, 0x6D, 0x2E, 0x43, 0x6F, 0x6C, 0x6C, 0x65, 0x63,
    0x74, 0x69, 0x6F, 0x6E, 0x73, 0x2F, 0x53, 0x79, 0x73, 0x74, 0x65, 0x6D, 0x2E, 0x43, 0x6F, 0x6C,
    0x6C, 0x65, 0x63, 0x74, 0x69, 0x6F, 0x6E, 0x73, 0x2E, 0x47, 0x65, 0x6E, 0x65, 0x72, 0x69, 0x63,
    0x2E, 0x4C, 0x69, 0x73, 0x74, 0x5C, 0x75, 0x30, 0x30, 0x33, 0x43, 0x53, 0x79, 0x73, 0x74, 0x65,
    0x6D, 0x2E, 0x41, 0x74, 0x74, 0x72, 0x69, 0x62, 0x75, 0x74, 0x65, 0x5C, 0x75, 0x30, 0x30, 0x33,
    0x45, 0x3A, 0x3A, 0x67, 0x65, 0x74, 0x5F, 0x43, 0x6F, 0x75, 0x6E, 0x74, 0x3A, 0x53, 0x79, 0x73,
    0x74, 0x65, 0x6D, 0x2E, 0x49, 0x6E, 0x74, 0x33, 0x32, 0x28, 0x29, 0x22, 0x2C, 0x0D, 0x0A, 0x20,
    0x20, 0x20, 0x20, 0x20, 0x20, 0x20, 0x20, 0x20, 0x20, 0x20, 0x20, 0x20, 0x20, 0x22, 0x64, 0x65,
    0x66, 0x69, 0x6E, 0x69, 0x74, 0x69, 0x6F, 0x6E, 0x53, 0x75, 0x62, 0x6A, 0x65, 0x63, 0x74, 0x49,
    0x64, 0x22, 0x3A, 0x20, 0x22, 0x53, 0x79, 0x73, 0x74, 0x65, 0x6D, 0x2E, 0x43, 0x6F, 0x6C, 0x6C,
    0x65, 0x63, 0x74, 0x69, 0x6F, 0x6E, 0x73, 0x2F, 0x53, 0x79, 0x73, 0x74, 0x65, 0x6D, 0x2E, 0x43,
    0x6F, 0x6C, 0x6C, 0x65, 0x63, 0x74, 0x69, 0x6F, 0x6E, 0x73, 0x2E, 0x47, 0x65, 0x6E, 0x65, 0x72,
    0x69, 0x63, 0x2E, 0x4C, 0x69, 0x73, 0x74, 0x5C, 0x75, 0x30, 0x30, 0x36, 0x30, 0x31, 0x3A, 0x3A,
    0x67, 0x65, 0x74, 0x5F, 0x43, 0x6F, 0x75, 0x6E, 0x74, 0x3A, 0x53, 0x79, 0x73, 0x74, 0x65, 0x6D,
    0x2E, 0x49, 0x6E, 0x74, 0x33, 0x32, 0x28, 0x29, 0x22, 0x2C, 0x0D, 0x0A, 0x20, 0x20, 0x20, 0x20,
    0x20, 0x20, 0x20, 0x20, 0x20, 0x20, 0x20, 0x20, 0x20, 0x20, 0x22, 0x64, 0x69, 0x73, 0x70, 0x6C,
    0x61, 0x79, 0x53, 0x75, 0x62, 0x6A, 0x65, 0x63, 0x74, 0x49, 0x64, 0x22, 0x3A, 0x20, 0x22, 0x53,
    0x79, 0x73, 0x74, 0x65, 0x6D, 0x2E, 0x43, 0x6F, 0x6C, 0x6C, 0x65, 0x63, 0x74, 0x69, 0x6F, 0x6E,
    0x73, 0x2F, 0x53, 0x79, 0x73, 0x74, 0x65, 0x6D, 0x2E, 0x43, 0x6F, 0x6C, 0x6C, 0x65, 0x63, 0x74,
    0x69, 0x6F, 0x6E, 0x73, 0x2E, 0x47, 0x65, 0x6E, 0x65, 0x72, 0x69, 0x63, 0x2E, 0x4C, 0x69, 0x73,
    0x74, 0x5C, 0x75, 0x30, 0x30, 0x33, 0x43, 0x53, 0x79, 0x73, 0x74, 0x65, 0x6D, 0x2E, 0x41, 0x74,
    0x74, 0x72, 0x69, 0x62, 0x75, 0x74, 0x65, 0x5C, 0x75, 0x30, 0x30, 0x33, 0x45, 0x3A, 0x3A, 0x67,
    0x65, 0x74, 0x5F, 0x43, 0x6F, 0x75, 0x6E, 0x74, 0x28, 0x29, 0x22, 0x2C, 0x0D, 0x0A, 0x20, 0x20,
    0x20, 0x20, 0x20, 0x20, 0x20, 0x20, 0x20, 0x20, 0x20, 0x20, 0x20, 0x20, 0x22, 0x69, 0x6E, 0x73,
    0x74, 0x61, 0x6E, 0x74, 0x69, 0x61, 0x74, 0x69, 0x6F, 0x6E, 0x4B, 0x65, 0x79, 0x22, 0x3A, 0x20,
    0x7B, 0x0D, 0x0A, 0x20, 0x20, 0x20, 0x20, 0x20, 0x20, 0x20, 0x20, 0x20, 0x20, 0x20, 0x20, 0x20,
    0x20, 0x20, 0x20, 0x22, 0x63, 0x6F, 0x6E, 0x74, 0x65, 0x78, 0x74, 0x4B, 0x69, 0x6E, 0x64, 0x22,
    0x3A, 0x20, 0x31, 0x2C, 0x0D, 0x0A, 0x20, 0x20, 0x20, 0x20, 0x20, 0x20, 0x20, 0x20, 0x20, 0x20,
    0x20, 0x20, 0x20, 0x20, 0x20, 0x20, 0x22, 0x64, 0x65, 0x66, 0x69, 0x6E, 0x69, 0x74, 0x69, 0x6F,
    0x6E, 0x53, 0x75, 0x62, 0x6A, 0x65, 0x63, 0x74, 0x49, 0x64, 0x22, 0x3A, 0x20, 0x22, 0x53, 0x79,
    0x73, 0x74, 0x65, 0x6D, 0x2E, 0x43, 0x6F, 0x6C, 0x6C, 0x65, 0x63, 0x74, 0x69, 0x6F, 0x6E, 0x73,
    0x2F, 0x53, 0x79, 0x73, 0x74, 0x65, 0x6D, 0x2E, 0x43, 0x6F, 0x6C, 0x6C, 0x65, 0x63, 0x74, 0x69,
    0x6F, 0x6E, 0x73, 0x2E, 0x47, 0x65, 0x6E, 0x65, 0x72, 0x69, 0x63, 0x2E, 0x4C, 0x69, 0x73, 0x74,
    0x5C, 0x75, 0x30, 0x30, 0x36, 0x30, 0x31, 0x3A, 0x3A, 0x67, 0x65, 0x74, 0x5F, 0x43, 0x6F, 0x75,
    0x6E, 0x74, 0x3A, 0x53, 0x79, 0x73, 0x74, 0x65, 0x6D, 0x2E, 0x49, 0x6E, 0x74, 0x33, 0x32, 0x28,
    0x29, 0x22, 0x2C, 0x0D, 0x0A, 0x20, 0x20, 0x20, 0x20, 0x20, 0x20, 0x20, 0x20, 0x20, 0x20, 0x20,
    0x20, 0x20, 0x20, 0x20, 0x20, 0x22, 0x74, 0x79, 0x70, 0x65, 0x41, 0x72, 0x67, 0x75, 0x6D, 0x65,
    0x6E, 0x74, 0x73, 0x22, 0x3A, 0x20, 0x5B, 0x0D, 0x0A, 0x20, 0x20, 0x20, 0x20, 0x20, 0x20, 0x20,
    0x20, 0x20, 0x20, 0x20, 0x20, 0x20, 0x20, 0x20, 0x20, 0x20, 0x20, 0x22, 0x53, 0x79, 0x73, 0x74,
    0x65, 0x6D, 0x2E, 0x41, 0x74, 0x74, 0x72, 0x69, 0x62, 0x75, 0x74, 0x65, 0x22, 0x0D, 0x0A, 0x20,
    0x20, 0x20, 0x20, 0x20, 0x20, 0x20, 0x20, 0x20, 0x20, 0x20, 0x20, 0x20, 0x20, 0x20, 0x20, 0x5D,
    0x2C, 0x0D, 0x0A, 0x20, 0x20, 0x20, 0x20, 0x20, 0x20, 0x20, 0x20, 0x20, 0x20, 0x20, 0x20, 0x20,
    0x20, 0x20, 0x20, 0x22, 0x6D, 0x65, 0x74, 0x68, 0x6F, 0x64, 0x41, 0x72, 0x67, 0x75, 0x6D, 0x65,
    0x6E, 0x74, 0x73, 0x22, 0x3A, 0x20, 0x5B, 0x5D, 0x0D, 0x0A, 0x20, 0x20, 0x20, 0x20, 0x20, 0x20,
    0x20, 0x20, 0x20, 0x20, 0x20, 0x20, 0x20, 0x20, 0x7D, 0x0D, 0x0A, 0x20, 0x20, 0x20, 0x20, 0x20,
    0x20, 0x20, 0x20, 0x20, 0x20, 0x20, 0x20, 0x7D, 0x2C, 0x0D, 0x0A, 0x20, 0x20, 0x20, 0x20, 0x20,
    0x20, 0x20, 0x20, 0x20, 0x20, 0x20, 0x20, 0x22, 0x74, 0x79, 0x70, 0x65, 0x53, 0x68, 0x61, 0x70,
    0x65, 0x22, 0x3A, 0x20, 0x30, 0x2C, 0x0D, 0x0A, 0x20, 0x20, 0x20, 0x20, 0x20, 0x20, 0x20, 0x20,
    0x20, 0x20, 0x20, 0x20, 0x22, 0x61, 0x72, 0x72, 0x61, 0x79, 0x45, 0x6C, 0x65, 0x6D, 0x65, 0x6E,
    0x74, 0x54, 0x79, 0x70, 0x65, 0x53, 0x68, 0x61, 0x70, 0x65, 0x22, 0x3A, 0x20, 0x30, 0x2C, 0x0D,
    0x0A, 0x20, 0x20, 0x20, 0x20, 0x20, 0x20, 0x20, 0x20, 0x20, 0x20, 0x20, 0x20, 0x22, 0x69, 0x73,
    0x53, 0x65, 0x61, 0x6C, 0x65, 0x64, 0x22, 0x3A, 0x20, 0x66, 0x61, 0x6C, 0x73, 0x65, 0x2C, 0x0D,
    0x0A, 0x20, 0x20, 0x20, 0x20, 0x20, 0x20, 0x20, 0x20, 0x20, 0x20, 0x20, 0x20, 0x22, 0x69, 0x73,
    0x43, 0x6F, 0x6D, 0x49, 0x6D, 0x70, 0x6F, 0x72, 0x74, 0x22, 0x3A, 0x20, 0x66, 0x61, 0x6C, 0x73,
    0x65, 0x2C, 0x0D, 0x0A, 0x20, 0x20, 0x20, 0x20, 0x20, 0x20, 0x20, 0x20, 0x20, 0x20, 0x20, 0x20,
    0x22, 0x63, 0x6F, 0x6D, 0x49, 0x6E, 0x74, 0x65, 0x72, 0x66, 0x61, 0x63, 0x65, 0x54, 0x79, 0x70,
    0x65, 0x4B, 0x69, 0x6E, 0x64, 0x22, 0x3A, 0x20, 0x30, 0x2C, 0x0D, 0x0A, 0x20, 0x20, 0x20, 0x20,
    0x20, 0x20, 0x20, 0x20, 0x20, 0x20, 0x20, 0x20, 0x22, 0x64, 0x65, 0x63, 0x6C, 0x61, 0x72, 0x69,
    0x6E, 0x67, 0x54, 0x79, 0x70, 0x65, 0x53, 0x68, 0x61, 0x70, 0x65, 0x22, 0x3A, 0x20, 0x30, 0x0D,
    0x0A, 0x20, 0x20, 0x20, 0x20, 0x20, 0x20, 0x20, 0x20, 0x20, 0x20, 0x7D, 0x2C, 0x0D, 0x0A, 0x20,
    0x20, 0x20, 0x20, 0x20, 0x20, 0x20, 0x20, 0x20, 0x20, 0x22, 0x64, 0x69, 0x73, 0x70, 0x61, 0x74,
    0x63, 0x68, 0x4B, 0x69, 0x6E, 0x64, 0x43, 0x6F, 0x64, 0x65, 0x22, 0x3A, 0x20, 0x34, 0x2C, 0x0D,
    0x0A, 0x20, 0x20, 0x20, 0x20, 0x20, 0x20, 0x20, 0x20, 0x20, 0x20, 0x22, 0x69, 0x73, 0x50, 0x72,
    0x65, 0x73, 0x65, 0x72, 0x76, 0x65, 0x53, 0x69, 0x67, 0x22, 0x3A, 0x20, 0x66, 0x61, 0x6C, 0x73,
    0x65, 0x0D, 0x0A, 0x20, 0x20, 0x20, 0x20, 0x20, 0x20, 0x20, 0x20, 0x7D, 0x2C, 0x0D, 0x0A, 0x20,
    0x20, 0x20, 0x20, 0x20, 0x20, 0x20, 0x20, 0x7B, 0x0D, 0x0A, 0x20, 0x20, 0x20, 0x20, 0x20, 0x20,
    0x20, 0x20, 0x20, 0x20, 0x22, 0x6F, 0x70, 0x22, 0x3A, 0x20, 0x22, 0x6C, 0x64, 0x63, 0x2E, 0x69,
    0x34, 0x22, 0x2C, 0x0D, 0x0A, 0x20, 0x20, 0x20, 0x20, 0x20, 0x20, 0x20, 0x20, 0x20, 0x20, 0x22,
    0x6F, 0x70, 0x43, 0x6F, 0x64, 0x65, 0x22, 0x3A, 0x20, 0x30, 0x2C, 0x0D, 0x0A, 0x20, 0x20, 0x20,
    0x20, 0x20, 0x20, 0x20, 0x20, 0x20, 0x20, 0x22, 0x6F, 0x70, 0x65, 0x72, 0x61, 0x6E, 0x64, 0x22,
    0x3A, 0x20, 0x31, 0x2C, 0x0D, 0x0A, 0x20, 0x20, 0x20, 0x20, 0x20, 0x20, 0x20, 0x20, 0x20, 0x20,
    0x22, 0x69, 0x6C, 0x4F, 0x66, 0x66, 0x73, 0x65, 0x74, 0x22, 0x3A, 0x20, 0x34, 0x36, 0x2C, 0x0D,
    0x0A, 0x20, 0x20, 0x20, 0x20, 0x20, 0x20, 0x20, 0x20, 0x20, 0x20, 0x22, 0x72, 0x65, 0x73, 0x75,
    0x6C, 0x74, 0x54, 0x79, 0x70, 0x65, 0x22, 0x3A, 0x20, 0x22, 0x53, 0x79, 0x73, 0x74, 0x65, 0x6D,
    0x2E, 0x49, 0x6E, 0x74, 0x33, 0x32, 0x22, 0x2C, 0x0D, 0x0A, 0x20, 0x20, 0x20, 0x20, 0x20, 0x20,
    0x20, 0x20, 0x20, 0x20, 0x22, 0x69, 0x73, 0x50, 0x72, 0x65, 0x73, 0x65, 0x72, 0x76, 0x65, 0x53,
    0x69, 0x67, 0x22, 0x3A, 0x20, 0x66, 0x61, 0x6C, 0x73, 0x65, 0x0D, 0x0A, 0x20, 0x20, 0x20, 0x20,
    0x20, 0x20, 0x20, 0x20, 0x7D, 0x2C, 0x0D, 0x0A, 0x20, 0x20, 0x20, 0x20, 0x20, 0x20, 0x20, 0x20,
    0x7B, 0x0D, 0x0A, 0x20, 0x20, 0x20, 0x20, 0x20, 0x20, 0x20, 0x20, 0x20, 0x20, 0x22, 0x6F, 0x70,
    0x22, 0x3A, 0x20, 0x22, 0x63, 0x65, 0x71, 0x22, 0x2C, 0x0D, 0x0A, 0x20, 0x20, 0x20, 0x20, 0x20,
    0x20, 0x20, 0x20, 0x20, 0x20, 0x22, 0x6F, 0x70, 0x43, 0x6F, 0x64, 0x65, 0x22, 0x3A, 0x20, 0x33,
    0x31, 0x2C, 0x0D, 0x0A, 0x20, 0x20, 0x20, 0x20, 0x20, 0x20, 0x20, 0x20, 0x20, 0x20, 0x22, 0x69,
    0x6C, 0x4F, 0x66, 0x66, 0x73, 0x65, 0x74, 0x22, 0x3A, 0x20, 0x34, 0x37, 0x2C, 0x0D, 0x0A, 0x20,
    0x20, 0x20, 0x20, 0x20, 0x20, 0x20, 0x20, 0x20, 0x20, 0x22, 0x72, 0x65, 0x73, 0x75, 0x6C, 0x74,
    0x54, 0x79, 0x70, 0x65, 0x22, 0x3A, 0x20, 0x22, 0x53, 0x79, 0x73, 0x74, 0x65, 0x6D, 0x2E, 0x49,
    0x6E, 0x74, 0x33, 0x32, 0x22, 0x2C, 0x0D, 0x0A, 0x20, 0x20, 0x20, 0x20, 0x20, 0x20, 0x20, 0x20,
    0x20, 0x20, 0x22, 0x69, 0x73, 0x50, 0x72, 0x65, 0x73, 0x65, 0x72, 0x76, 0x65, 0x53, 0x69, 0x67,
    0x22, 0x3A, 0x20, 0x66, 0x61, 0x6C, 0x73, 0x65, 0x0D, 0x0A, 0x20, 0x20, 0x20, 0x20, 0x20, 0x20,
    0x20, 0x20, 0x7D, 0x2C, 0x0D, 0x0A, 0x20, 0x20, 0x20, 0x20, 0x20, 0x20, 0x20, 0x20, 0x7B, 0x0D,
    0x0A, 0x20, 0x20, 0x20, 0x20, 0x20, 0x20, 0x20, 0x20, 0x20, 0x20, 0x22, 0x6F, 0x70, 0x22, 0x3A,
    0x20, 0x22, 0x6C, 0x64, 0x63, 0x2E, 0x69, 0x34, 0x22, 0x2C, 0x0D, 0x0A, 0x20, 0x20, 0x20, 0x20,
    0x20, 0x20, 0x20, 0x20, 0x20, 0x20, 0x22, 0x6F, 0x70, 0x43, 0x6F, 0x64, 0x65, 0x22, 0x3A, 0x20,
    0x30, 0x2C, 0x0D, 0x0A, 0x20, 0x20, 0x20, 0x20, 0x20, 0x20, 0x20, 0x20, 0x20, 0x20, 0x22, 0x6F,
    0x70, 0x65, 0x72, 0x61, 0x6E, 0x64, 0x22, 0x3A, 0x20, 0x30, 0x2C, 0x0D, 0x0A, 0x20, 0x20, 0x20,
    0x20, 0x20, 0x20, 0x20, 0x20, 0x20, 0x20, 0x22, 0x69, 0x6C, 0x4F, 0x66, 0x66, 0x73, 0x65, 0x74,
    0x22, 0x3A, 0x20, 0x34, 0x39, 0x2C, 0x0D, 0x0A, 0x20, 0x20, 0x20, 0x20, 0x20, 0x20, 0x20, 0x20,
    0x20, 0x20, 0x22, 0x72, 0x65, 0x73, 0x75, 0x6C, 0x74, 0x54, 0x79, 0x70, 0x65, 0x22, 0x3A, 0x20,
    0x22, 0x53, 0x79, 0x73, 0x74, 0x65, 0x6D, 0x2E, 0x49, 0x6E, 0x74, 0x33, 0x32, 0x22, 0x2C, 0x0D,
    0x0A, 0x20, 0x20, 0x20, 0x20, 0x20, 0x20, 0x20, 0x20, 0x20, 0x20, 0x22, 0x69, 0x73, 0x50, 0x72,
    0x65, 0x73, 0x65, 0x72, 0x76, 0x65, 0x53, 0x69, 0x67, 0x22, 0x3A, 0x20, 0x66, 0x61, 0x6C, 0x73,
    0x65, 0x0D, 0x0A, 0x20, 0x20, 0x20, 0x20, 0x20, 0x20, 0x20, 0x20, 0x7D, 0x2C, 0x0D, 0x0A, 0x20,
    0x20, 0x20, 0x20, 0x20, 0x20, 0x20, 0x20, 0x7B, 0x0D, 0x0A, 0x20, 0x20, 0x20, 0x20, 0x20, 0x20,
    0x20, 0x20, 0x20, 0x20, 0x22, 0x6F, 0x70, 0x22, 0x3A, 0x20, 0x22, 0x63, 0x65, 0x71, 0x22, 0x2C,
    0x0D, 0x0A, 0x20, 0x20, 0x20, 0x20, 0x20, 0x20, 0x20, 0x20, 0x20, 0x20, 0x22, 0x6F, 0x70, 0x43,
    0x6F, 0x64, 0x65, 0x22, 0x3A, 0x20, 0x33, 0x31, 0x2C, 0x0D, 0x0A, 0x20, 0x20, 0x20, 0x20, 0x20,
    0x20, 0x20, 0x20, 0x20, 0x20, 0x22, 0x69, 0x6C, 0x4F, 0x66, 0x66, 0x73, 0x65, 0x74, 0x22, 0x3A,
    0x20, 0x35, 0x30, 0x2C, 0x0D, 0x0A, 0x20, 0x20, 0x20, 0x20, 0x20, 0x20, 0x20, 0x20, 0x20, 0x20,
    0x22, 0x72, 0x65, 0x73, 0x75, 0x6C, 0x74, 0x54, 0x79, 0x70, 0x65, 0x22, 0x3A, 0x20, 0x22, 0x53,
    0x79, 0x73, 0x74, 0x65, 0x6D, 0x2E, 0x49, 0x6E, 0x74, 0x33, 0x32, 0x22, 0x2C, 0x0D, 0x0A, 0x20,
    0x20, 0x20, 0x20, 0x20, 0x20, 0x20, 0x20, 0x20, 0x20, 0x22, 0x69, 0x73, 0x50, 0x72, 0x65, 0x73,
    0x65, 0x72, 0x76, 0x65, 0x53, 0x69, 0x67, 0x22, 0x3A, 0x20, 0x66, 0x61, 0x6C, 0x73, 0x65, 0x0D,
    0x0A, 0x20, 0x20, 0x20, 0x20, 0x20, 0x20, 0x20, 0x20, 0x7D, 0x2C, 0x0D, 0x0A, 0x20, 0x20, 0x20,
    0x20, 0x20, 0x20, 0x20, 0x20, 0x7B, 0x0D, 0x0A, 0x20, 0x20, 0x20, 0x20, 0x20, 0x20, 0x20, 0x20,
    0x20, 0x20, 0x22, 0x6F, 0x70, 0x22, 0x3A, 0x20, 0x22, 0x73, 0x74, 0x6C, 0x6F, 0x63, 0x22, 0x2C,
    0x0D, 0x0A, 0x20, 0x20, 0x20, 0x20, 0x20, 0x20, 0x20, 0x20, 0x20, 0x20, 0x22, 0x6F, 0x70, 0x43,
    0x6F, 0x64, 0x65, 0x22, 0x3A, 0x20, 0x38, 0x2C, 0x0D, 0x0A, 0x20, 0x20, 0x20, 0x20, 0x20, 0x20,
    0x20, 0x20, 0x20, 0x20, 0x22, 0x6F, 0x70, 0x65, 0x72, 0x61, 0x6E, 0x64, 0x22, 0x3A, 0x20, 0x30,
    0x2C, 0x0D, 0x0A, 0x20, 0x20, 0x20, 0x20, 0x20, 0x20, 0x20, 0x20, 0x20, 0x20, 0x22, 0x69, 0x6C,
    0x4F, 0x66, 0x66, 0x73, 0x65, 0x74, 0x22, 0x3A, 0x20, 0x35, 0x32, 0x2C, 0x0D, 0x0A, 0x20, 0x20,
    0x20, 0x20, 0x20, 0x20, 0x20, 0x20, 0x20, 0x20, 0x22, 0x72, 0x65, 0x73, 0x75, 0x6C, 0x74, 0x54,
    0x79, 0x70, 0x65, 0x22, 0x3A, 0x20, 0x22, 0x53, 0x79, 0x73, 0x74, 0x65, 0x6D, 0x2E, 0x56, 0x6F,
    0x69, 0x64, 0x22, 0x2C, 0x0D, 0x0A, 0x20, 0x20, 0x20, 0x20, 0x20, 0x20, 0x20, 0x20, 0x20, 0x20,
    0x22, 0x69, 0x73, 0x50, 0x72, 0x65, 0x73, 0x65, 0x72, 0x76, 0x65, 0x53, 0x69, 0x67, 0x22, 0x3A,
    0x20, 0x66, 0x61, 0x6C, 0x73, 0x65, 0x0D, 0x0A, 0x20, 0x20, 0x20, 0x20, 0x20, 0x20, 0x20, 0x20,
    0x7D, 0x2C, 0x0D, 0x0A, 0x20, 0x20, 0x20, 0x20, 0x20, 0x20, 0x20, 0x20, 0x7B, 0x0D, 0x0A, 0x20,
    0x20, 0x20, 0x20, 0x20, 0x20, 0x20, 0x20, 0x20, 0x20, 0x22, 0x6F, 0x70, 0x22, 0x3A, 0x20, 0x22,
    0x6C, 0x64, 0x6C, 0x6F, 0x63, 0x22, 0x2C, 0x0D, 0x0A, 0x20, 0x20, 0x20, 0x20, 0x20, 0x20, 0x20,
    0x20, 0x20, 0x20, 0x22, 0x6F, 0x70, 0x43, 0x6F, 0x64, 0x65, 0x22, 0x3A, 0x20, 0x37, 0x2C, 0x0D,
    0x0A, 0x20, 0x20, 0x20, 0x20, 0x20, 0x20, 0x20, 0x20, 0x20, 0x20, 0x22, 0x6F, 0x70, 0x65, 0x72,
    0x61, 0x6E, 0x64, 0x22, 0x3A, 0x20, 0x30, 0x2C, 0x0D, 0x0A, 0x20, 0x20, 0x20, 0x20, 0x20, 0x20,
    0x20, 0x20, 0x20, 0x20, 0x22, 0x69, 0x6C, 0x4F, 0x66, 0x66, 0x73, 0x65, 0x74, 0x22, 0x3A, 0x20,
    0x35, 0x33, 0x2C, 0x0D, 0x0A, 0x20, 0x20, 0x20, 0x20, 0x20, 0x20, 0x20, 0x20, 0x20, 0x20, 0x22,
    0x69, 0x73, 0x50, 0x72, 0x65, 0x73, 0x65, 0x72, 0x76, 0x65, 0x53, 0x69, 0x67, 0x22, 0x3A, 0x20,
    0x66, 0x61, 0x6C, 0x73, 0x65, 0x0D, 0x0A, 0x20, 0x20, 0x20, 0x20, 0x20, 0x20, 0x20, 0x20, 0x7D,
    0x2C, 0x0D, 0x0A, 0x20, 0x20, 0x20, 0x20, 0x20, 0x20, 0x20, 0x20, 0x7B, 0x0D, 0x0A, 0x20, 0x20,
    0x20, 0x20, 0x20, 0x20, 0x20, 0x20, 0x20, 0x20, 0x22, 0x6F, 0x70, 0x22, 0x3A, 0x20, 0x22, 0x62,
    0x72, 0x66, 0x61, 0x6C, 0x73, 0x65, 0x22, 0x2C, 0x0D, 0x0A, 0x20, 0x20, 0x20, 0x20, 0x20, 0x20,
    0x20, 0x20, 0x20, 0x20, 0x22, 0x6F, 0x70, 0x43, 0x6F, 0x64, 0x65, 0x22, 0x3A, 0x20, 0x31, 0x39,
    0x2C, 0x0D, 0x0A, 0x20, 0x20, 0x20, 0x20, 0x20, 0x20, 0x20, 0x20, 0x20, 0x20, 0x22, 0x6F, 0x70,
    0x65, 0x72, 0x61, 0x6E, 0x64, 0x22, 0x3A, 0x20, 0x36, 0x32, 0x2C, 0x0D, 0x0A, 0x20, 0x20, 0x20,
    0x20, 0x20, 0x20, 0x20, 0x20, 0x20, 0x20, 0x22, 0x69, 0x6C, 0x4F, 0x66, 0x66, 0x73, 0x65, 0x74,
    0x22, 0x3A, 0x20, 0x35, 0x34, 0x2C, 0x0D, 0x0A, 0x20, 0x20, 0x20, 0x20, 0x20, 0x20, 0x20, 0x20,
    0x20, 0x20, 0x22, 0x72, 0x65, 0x73, 0x75, 0x6C, 0x74, 0x54, 0x79, 0x70, 0x65, 0x22, 0x3A, 0x20,
    0x22, 0x53, 0x79, 0x73, 0x74, 0x65, 0x6D, 0x2E, 0x56, 0x6F, 0x69, 0x64, 0x22, 0x2C, 0x0D, 0x0A,
    0x20, 0x20, 0x20, 0x20, 0x20, 0x20, 0x20, 0x20, 0x20, 0x20, 0x22, 0x69, 0x73, 0x50, 0x72, 0x65,
    0x73, 0x65, 0x72, 0x76, 0x65, 0x53, 0x69, 0x67, 0x22, 0x3A, 0x20, 0x66, 0x61, 0x6C, 0x73, 0x65,
    0x0D, 0x0A, 0x20, 0x20, 0x20, 0x20, 0x20, 0x20, 0x20, 0x20, 0x7D, 0x2C, 0x0D, 0x0A, 0x20, 0x20,
    0x20, 0x20, 0x20, 0x20, 0x20, 0x20, 0x7B, 0x0D, 0x0A, 0x20, 0x20, 0x20, 0x20, 0x20, 0x20, 0x20,
    0x20, 0x20, 0x20, 0x22, 0x6F, 0x70, 0x22, 0x3A, 0x20, 0x22, 0x6C, 0x64, 0x63, 0x2E, 0x69, 0x34,
    0x22, 0x2C, 0x0D, 0x0A, 0x20, 0x20, 0x20, 0x20, 0x20, 0x20, 0x20, 0x20, 0x20, 0x20, 0x22, 0x6F,
    0x70, 0x43, 0x6F, 0x64, 0x65, 0x22, 0x3A, 0x20, 0x30, 0x2C, 0x0D, 0x0A, 0x20, 0x20, 0x20, 0x20,
    0x20, 0x20, 0x20, 0x20, 0x20, 0x20, 0x22, 0x6F, 0x70, 0x65, 0x72, 0x61, 0x6E, 0x64, 0x22, 0x3A,
    0x20, 0x31, 0x2C, 0x0D, 0x0A, 0x20, 0x20, 0x20, 0x20, 0x20, 0x20, 0x20, 0x20, 0x20, 0x20, 0x22,
    0x69, 0x6C, 0x4F, 0x66, 0x66, 0x73, 0x65, 0x74, 0x22, 0x3A, 0x20, 0x35, 0x36, 0x2C, 0x0D, 0x0A,
    0x20, 0x20, 0x20, 0x20, 0x20, 0x20, 0x20, 0x20, 0x20, 0x20, 0x22, 0x72, 0x65, 0x73, 0x75, 0x6C,
    0x74, 0x54, 0x79, 0x70, 0x65, 0x22, 0x3A, 0x20, 0x22, 0x53, 0x79, 0x73, 0x74, 0x65, 0x6D, 0x2E,
    0x49, 0x6E, 0x74, 0x33, 0x32, 0x22, 0x2C, 0x0D, 0x0A, 0x20, 0x20, 0x20, 0x20, 0x20, 0x20, 0x20,
    0x20, 0x20, 0x20, 0x22, 0x69, 0x73, 0x50, 0x72, 0x65, 0x73, 0x65, 0x72, 0x76, 0x65, 0x53, 0x69,
    0x67, 0x22, 0x3A, 0x20, 0x66, 0x61, 0x6C, 0x73, 0x65, 0x0D, 0x0A, 0x20, 0x20, 0x20, 0x20, 0x20,
    0x20, 0x20, 0x20, 0x7D, 0x2C, 0x0D, 0x0A, 0x20, 0x20, 0x20, 0x20, 0x20, 0x20, 0x20, 0x20, 0x7B,
    0x0D, 0x0A, 0x20, 0x20, 0x20, 0x20, 0x20, 0x20, 0x20, 0x20, 0x20, 0x20, 0x22, 0x6F, 0x70, 0x22,
    0x3A, 0x20, 0x22, 0x73, 0x74, 0x73, 0x66, 0x6C, 0x64, 0x22, 0x2C, 0x0D, 0x0A, 0x20, 0x20, 0x20,
    0x20, 0x20, 0x20, 0x20, 0x20, 0x20, 0x20, 0x22, 0x6F, 0x70, 0x43, 0x6F, 0x64, 0x65, 0x22, 0x3A,
    0x20, 0x31, 0x33, 0x2C, 0x0D, 0x0A, 0x20, 0x20, 0x20, 0x20, 0x20, 0x20, 0x20, 0x20, 0x20, 0x20,
    0x22, 0x6F, 0x70, 0x65, 0x72, 0x61, 0x6E, 0x64, 0x22, 0x3A, 0x20, 0x22, 0x41, 0x74, 0x74, 0x72,
    0x69, 0x62, 0x75, 0x74, 0x65, 0x73, 0x43, 0x75, 0x73, 0x74, 0x6F, 0x6D, 0x4D, 0x65, 0x74, 0x61,
    0x64, 0x61, 0x74, 0x61, 0x53, 0x75, 0x62, 0x6A, 0x65, 0x63, 0x74, 0x73, 0x2F, 0x41, 0x74, 0x74,
    0x72, 0x69, 0x62, 0x75, 0x74, 0x65, 0x73, 0x43, 0x75, 0x73, 0x74, 0x6F, 0x6D, 0x4D, 0x65, 0x74,
    0x61, 0x64, 0x61, 0x74, 0x61, 0x53, 0x75, 0x62, 0x6A, 0x65, 0x63, 0x74, 0x73, 0x3A, 0x3A, 0x5F,
    0x65, 0x78, 0x69, 0x74, 0x43, 0x6F, 0x64, 0x65, 0x22, 0x2C, 0x0D, 0x0A, 0x20, 0x20, 0x20, 0x20,
    0x20, 0x20, 0x20, 0x20, 0x20, 0x20, 0x22, 0x69, 0x6C, 0x4F, 0x66, 0x66, 0x73, 0x65, 0x74, 0x22,
    0x3A, 0x20, 0x35, 0x37, 0x2C, 0x0D, 0x0A, 0x20, 0x20, 0x20, 0x20, 0x20, 0x20, 0x20, 0x20, 0x20,
    0x20, 0x22, 0x72, 0x65, 0x73, 0x75, 0x6C, 0x74, 0x54, 0x79, 0x70, 0x65, 0x22, 0x3A, 0x20, 0x22,
    0x53, 0x79, 0x73, 0x74, 0x65, 0x6D, 0x2E, 0x56, 0x6F, 0x69, 0x64, 0x22, 0x2C, 0x0D, 0x0A, 0x20,
    0x20, 0x20, 0x20, 0x20, 0x20, 0x20, 0x20, 0x20, 0x20, 0x22, 0x72, 0x65, 0x66, 0x65, 0x72, 0x65,
    0x6E, 0x63, 0x65, 0x22, 0x3A, 0x20, 0x7B, 0x0D, 0x0A, 0x20, 0x20, 0x20, 0x20, 0x20, 0x20, 0x20,
    0x20, 0x20, 0x20, 0x20, 0x20, 0x22, 0x61, 0x73, 0x73, 0x65, 0x6D, 0x62, 0x6C, 0x79, 0x4E, 0x61,
    0x6D, 0x65, 0x22, 0x3A, 0x20, 0x22, 0x41, 0x74, 0x74, 0x72, 0x69, 0x62, 0x75, 0x74, 0x65, 0x73,
    0x43, 0x75, 0x73, 0x74, 0x6F, 0x6D, 0x4D, 0x65, 0x74, 0x61, 0x64, 0x61, 0x74, 0x61, 0x53, 0x75,
    0x62, 0x6A, 0x65, 0x63, 0x74, 0x73, 0x22, 0x2C, 0x0D, 0x0A, 0x20, 0x20, 0x20, 0x20, 0x20, 0x20,
    0x20, 0x20, 0x20, 0x20, 0x20, 0x20, 0x22, 0x73, 0x75, 0x62, 0x6A, 0x65, 0x63, 0x74, 0x4B, 0x69,
    0x6E, 0x64, 0x22, 0x3A, 0x20, 0x22, 0x66, 0x69, 0x65, 0x6C, 0x64, 0x22, 0x2C, 0x0D, 0x0A, 0x20,
    0x20, 0x20, 0x20, 0x20, 0x20, 0x20, 0x20, 0x20, 0x20, 0x20, 0x20, 0x22, 0x73, 0x75, 0x62, 0x6A,
    0x65, 0x63, 0x74, 0x49, 0x64, 0x22, 0x3A, 0x20, 0x22, 0x41, 0x74, 0x74, 0x72, 0x69, 0x62, 0x75,
    0x74, 0x65, 0x73, 0x43, 0x75, 0x73, 0x74, 0x6F, 0x6D, 0x4D, 0x65, 0x74, 0x61, 0x64, 0x61, 0x74,
    0x61, 0x53, 0x75, 0x62, 0x6A, 0x65, 0x63, 0x74, 0x73, 0x2F, 0x41, 0x74, 0x74, 0x72, 0x69, 0x62,
    0x75, 0x74, 0x65, 0x73, 0x43, 0x75, 0x73, 0x74, 0x6F, 0x6D, 0x4D, 0x65, 0x74, 0x61, 0x64, 0x61,
    0x74, 0x61, 0x53, 0x75, 0x62, 0x6A, 0x65, 0x63, 0x74, 0x73, 0x3A, 0x3A, 0x5F, 0x65, 0x78, 0x69,
    0x74, 0x43, 0x6F, 0x64, 0x65, 0x22, 0x0D, 0x0A, 0x20, 0x20, 0x20, 0x20, 0x20, 0x20, 0x20, 0x20,
    0x20, 0x20, 0x7D, 0x2C, 0x0D, 0x0A, 0x20, 0x20, 0x20, 0x20, 0x20, 0x20, 0x20, 0x20, 0x20, 0x20,
    0x22, 0x74, 0x61, 0x72, 0x67, 0x65, 0x74, 0x52, 0x65, 0x66, 0x65, 0x72, 0x65, 0x6E, 0x63, 0x65,
    0x22, 0x3A, 0x20, 0x7B, 0x0D, 0x0A, 0x20, 0x20, 0x20, 0x20, 0x20, 0x20, 0x20, 0x20, 0x20, 0x20,
    0x20, 0x20, 0x22, 0x6B, 0x69, 0x6E, 0x64, 0x22, 0x3A, 0x20, 0x32, 0x2C, 0x0D, 0x0A, 0x20, 0x20,
    0x20, 0x20, 0x20, 0x20, 0x20, 0x20, 0x20, 0x20, 0x20, 0x20, 0x22, 0x61, 0x73, 0x73, 0x65, 0x6D,
    0x62, 0x6C, 0x79, 0x4E, 0x61, 0x6D, 0x65, 0x22, 0x3A, 0x20, 0x22, 0x41, 0x74, 0x74, 0x72, 0x69,
    0x62, 0x75, 0x74, 0x65, 0x73, 0x43, 0x75, 0x73, 0x74, 0x6F, 0x6D, 0x4D, 0x65, 0x74, 0x61, 0x64,
    0x61, 0x74, 0x61, 0x53, 0x75, 0x62, 0x6A, 0x65, 0x63, 0x74, 0x73, 0x22, 0x2C, 0x0D, 0x0A, 0x20,
    0x20, 0x20, 0x20, 0x20, 0x20, 0x20, 0x20, 0x20, 0x20, 0x20, 0x20, 0x22, 0x73, 0x75, 0x62, 0x6A,
    0x65, 0x63, 0x74, 0x49, 0x64, 0x22, 0x3A, 0x20, 0x22, 0x41, 0x74, 0x74, 0x72, 0x69, 0x62, 0x75,
    0x74, 0x65, 0x73, 0x43, 0x75, 0x73, 0x74, 0x6F, 0x6D, 0x4D, 0x65, 0x74, 0x61, 0x64, 0x61, 0x74,
    0x61, 0x53, 0x75, 0x62, 0x6A, 0x65, 0x63, 0x74, 0x73, 0x2F, 0x41, 0x74, 0x74, 0x72, 0x69, 0x62,
    0x75, 0x74, 0x65, 0x73, 0x43, 0x75, 0x73, 0x74, 0x6F, 0x6D, 0x4D, 0x65, 0x74, 0x61, 0x64, 0x61,
    0x74, 0x61, 0x53, 0x75, 0x62, 0x6A, 0x65, 0x63, 0x74, 0x73, 0x3A, 0x3A, 0x5F, 0x65, 0x78, 0x69,
    0x74, 0x43, 0x6F, 0x64, 0x65, 0x22, 0x2C, 0x0D, 0x0A, 0x20, 0x20, 0x20, 0x20, 0x20, 0x20, 0x20,
    0x20, 0x20, 0x20, 0x20, 0x20, 0x22, 0x74, 0x79, 0x70, 0x65, 0x53, 0x68, 0x61, 0x70, 0x65, 0x22,
    0x3A, 0x20, 0x30, 0x2C, 0x0D, 0x0A, 0x20, 0x20, 0x20, 0x20, 0x20, 0x20, 0x20, 0x20, 0x20, 0x20,
    0x20, 0x20, 0x22, 0x61, 0x72, 0x72, 0x61, 0x79, 0x45, 0x6C, 0x65, 0x6D, 0x65, 0x6E, 0x74, 0x54,
    0x79, 0x70, 0x65, 0x53, 0x68, 0x61, 0x70, 0x65, 0x22, 0x3A, 0x20, 0x30, 0x2C, 0x0D, 0x0A, 0x20,
    0x20, 0x20, 0x20, 0x20, 0x20, 0x20, 0x20, 0x20, 0x20, 0x20, 0x20, 0x22, 0x69, 0x73, 0x53, 0x65,
    0x61, 0x6C, 0x65, 0x64, 0x22, 0x3A, 0x20, 0x66, 0x61, 0x6C, 0x73, 0x65, 0x2C, 0x0D, 0x0A, 0x20,
    0x20, 0x20, 0x20, 0x20, 0x20, 0x20, 0x20, 0x20, 0x20, 0x20, 0x20, 0x22, 0x69, 0x73, 0x43, 0x6F,
    0x6D, 0x49, 0x6D, 0x70, 0x6F, 0x72, 0x74, 0x22, 0x3A, 0x20, 0x66, 0x61, 0x6C, 0x73, 0x65, 0x2C,
    0x0D, 0x0A, 0x20, 0x20, 0x20, 0x20, 0x20, 0x20, 0x20, 0x20, 0x20, 0x20, 0x20, 0x20, 0x22, 0x63,
    0x6F, 0x6D, 0x49, 0x6E, 0x74, 0x65, 0x72, 0x66, 0x61, 0x63, 0x65, 0x54, 0x79, 0x70, 0x65, 0x4B,
    0x69, 0x6E, 0x64, 0x22, 0x3A, 0x20, 0x30, 0x2C, 0x0D, 0x0A, 0x20, 0x20, 0x20, 0x20, 0x20, 0x20,
    0x20, 0x20, 0x20, 0x20, 0x20, 0x20, 0x22, 0x64, 0x65, 0x63, 0x6C, 0x61, 0x72, 0x69, 0x6E, 0x67,
    0x54, 0x79, 0x70, 0x65, 0x53, 0x75, 0x62, 0x6A, 0x65, 0x63, 0x74, 0x49, 0x64, 0x22, 0x3A, 0x20,
    0x22, 0x41, 0x74, 0x74, 0x72, 0x69, 0x62, 0x75, 0x74, 0x65, 0x73, 0x43, 0x75, 0x73, 0x74, 0x6F,
    0x6D, 0x4D, 0x65, 0x74, 0x61, 0x64, 0x61, 0x74, 0x61, 0x53, 0x75, 0x62, 0x6A, 0x65, 0x63, 0x74,
    0x73, 0x2F, 0x41, 0x74, 0x74, 0x72, 0x69, 0x62, 0x75, 0x74, 0x65, 0x73, 0x43, 0x75, 0x73, 0x74,
    0x6F, 0x6D, 0x4D, 0x65, 0x74, 0x61, 0x64, 0x61, 0x74, 0x61, 0x53, 0x75, 0x62, 0x6A, 0x65, 0x63,
    0x74, 0x73, 0x22, 0x2C, 0x0D, 0x0A, 0x20, 0x20, 0x20, 0x20, 0x20, 0x20, 0x20, 0x20, 0x20, 0x20,
    0x20, 0x20, 0x22, 0x64, 0x65, 0x63, 0x6C, 0x61, 0x72, 0x69, 0x6E, 0x67, 0x54, 0x79, 0x70, 0x65,
    0x53, 0x68, 0x61, 0x70, 0x65, 0x22, 0x3A, 0x20, 0x31, 0x2C, 0x0D, 0x0A, 0x20, 0x20, 0x20, 0x20,
    0x20, 0x20, 0x20, 0x20, 0x20, 0x20, 0x20, 0x20, 0x22, 0x66, 0x69, 0x65, 0x6C, 0x64, 0x54, 0x79,
    0x70, 0x65, 0x53, 0x75, 0x62, 0x6A, 0x65, 0x63, 0x74, 0x49, 0x64, 0x22, 0x3A, 0x20, 0x22, 0x53,
    0x79, 0x73, 0x74, 0x65, 0x6D, 0x2E, 0x49, 0x6E, 0x74, 0x33, 0x32, 0x22, 0x0D, 0x0A, 0x20, 0x20,
    0x20, 0x20, 0x20, 0x20, 0x20, 0x20, 0x20, 0x20, 0x7D, 0x2C, 0x0D, 0x0A, 0x20, 0x20, 0x20, 0x20,
    0x20, 0x20, 0x20, 0x20, 0x20, 0x20, 0x22, 0x72, 0x75, 0x6E, 0x74, 0x69, 0x6D, 0x65, 0x53, 0x65,
    0x72, 0x76, 0x69, 0x63, 0x65, 0x4B, 0x69, 0x6E, 0x64, 0x22, 0x3A, 0x20, 0x35, 0x2C, 0x0D, 0x0A,
    0x20, 0x20, 0x20, 0x20, 0x20, 0x20, 0x20, 0x20, 0x20, 0x20, 0x22, 0x69, 0x73, 0x50, 0x72, 0x65,
    0x73, 0x65, 0x72, 0x76, 0x65, 0x53, 0x69, 0x67, 0x22, 0x3A, 0x20, 0x66, 0x61, 0x6C, 0x73, 0x65,
    0x0D, 0x0A, 0x20, 0x20, 0x20, 0x20, 0x20, 0x20, 0x20, 0x20, 0x7D, 0x2C, 0x0D, 0x0A, 0x20, 0x20,
    0x20, 0x20, 0x20, 0x20, 0x20, 0x20, 0x7B, 0x0D, 0x0A, 0x20, 0x20, 0x20, 0x20, 0x20, 0x20, 0x20,
    0x20, 0x20, 0x20, 0x22, 0x6F, 0x70, 0x22, 0x3A, 0x20, 0x22, 0x72, 0x65, 0x74, 0x22, 0x2C, 0x0D,
    0x0A, 0x20, 0x20, 0x20, 0x20, 0x20, 0x20, 0x20, 0x20, 0x20, 0x20, 0x22, 0x6F, 0x70, 0x43, 0x6F,
    0x64, 0x65, 0x22, 0x3A, 0x20, 0x35, 0x33, 0x2C, 0x0D, 0x0A, 0x20, 0x20, 0x20, 0x20, 0x20, 0x20,
    0x20, 0x20, 0x20, 0x20, 0x22, 0x69, 0x6C, 0x4F, 0x66, 0x66, 0x73, 0x65, 0x74, 0x22, 0x3A, 0x20,
    0x36, 0x32, 0x2C, 0x0D, 0x0A, 0x20, 0x20, 0x20, 0x20, 0x20, 0x20, 0x20, 0x20, 0x20, 0x20, 0x22,
    0x69, 0x73, 0x50, 0x72, 0x65, 0x73, 0x65, 0x72, 0x76, 0x65, 0x53, 0x69, 0x67, 0x22, 0x3A, 0x20,
    0x66, 0x61, 0x6C, 0x73, 0x65, 0x0D, 0x0A, 0x20, 0x20, 0x20, 0x20, 0x20, 0x20, 0x20, 0x20, 0x7D,
    0x0D, 0x0A, 0x20, 0x20, 0x20, 0x20, 0x20, 0x20, 0x5D, 0x2C, 0x0D, 0x0A, 0x20, 0x20, 0x20, 0x20,
    0x20, 0x20, 0x22, 0x69, 0x73, 0x50, 0x49, 0x6E, 0x76, 0x6F, 0x6B, 0x65, 0x22, 0x3A, 0x20, 0x66,
    0x61, 0x6C, 0x73, 0x65, 0x2C, 0x0D, 0x0A, 0x20, 0x20, 0x20, 0x20, 0x20, 0x20, 0x22, 0x69, 0x73,
    0x55, 0x6E, 0x6D, 0x61, 0x6E, 0x61, 0x67, 0x65, 0x64, 0x43, 0x61, 0x6C, 0x6C, 0x65, 0x72, 0x73,
    0x4F, 0x6E, 0x6C, 0x79, 0x22, 0x3A, 0x20, 0x66, 0x61, 0x6C, 0x73, 0x65, 0x2C, 0x0D, 0x0A, 0x20,
    0x20, 0x20, 0x20, 0x20, 0x20, 0x22, 0x69, 0x6D, 0x70, 0x6F, 0x72, 0x74, 0x43, 0x61, 0x6C, 0x6C,
    0x69, 0x6E, 0x67, 0x43, 0x6F, 0x6E, 0x76, 0x65, 0x6E, 0x74, 0x69, 0x6F, 0x6E, 0x22, 0x3A, 0x20,
    0x30, 0x2C, 0x0D, 0x0A, 0x20, 0x20, 0x20, 0x20, 0x20, 0x20, 0x22, 0x69, 0x6D, 0x70, 0x6F, 0x72,
    0x74, 0x43, 0x68, 0x61, 0x72, 0x53, 0x65, 0x74, 0x22, 0x3A, 0x20, 0x30, 0x2C, 0x0D, 0x0A, 0x20,
    0x20, 0x20, 0x20, 0x20, 0x20, 0x22, 0x69, 0x6D, 0x70, 0x6F, 0x72, 0x74, 0x53, 0x65, 0x74, 0x4C,
    0x61, 0x73, 0x74, 0x45, 0x72, 0x72, 0x6F, 0x72, 0x22, 0x3A, 0x20, 0x66, 0x61, 0x6C, 0x73, 0x65,
    0x2C, 0x0D, 0x0A, 0x20, 0x20, 0x20, 0x20, 0x20, 0x20, 0x22, 0x69, 0x73, 0x49, 0x6E, 0x74, 0x65,
    0x72, 0x6E, 0x61, 0x6C, 0x4C, 0x69, 0x6E, 0x6B, 0x22, 0x3A, 0x20, 0x66, 0x61, 0x6C, 0x73, 0x65,
    0x2C, 0x0D, 0x0A, 0x20, 0x20, 0x20, 0x20, 0x20, 0x20, 0x22, 0x69, 0x73, 0x53, 0x75, 0x70, 0x70,
    0x72, 0x65, 0x73, 0x73, 0x47, 0x43, 0x54, 0x72, 0x61, 0x6E, 0x73, 0x69, 0x74, 0x69, 0x6F, 0x6E,
    0x22, 0x3A, 0x20, 0x66, 0x61, 0x6C, 0x73, 0x65, 0x2C, 0x0D, 0x0A, 0x20, 0x20, 0x20, 0x20, 0x20,
    0x20, 0x22, 0x68, 0x61, 0x73, 0x42, 0x6C, 0x69, 0x74, 0x74, 0x61, 0x62, 0x6C, 0x65, 0x53, 0x74,
    0x72, 0x75, 0x63, 0x74, 0x52, 0x65, 0x74, 0x75, 0x72, 0x6E, 0x22, 0x3A, 0x20, 0x66, 0x61, 0x6C,
    0x73, 0x65, 0x2C, 0x0D, 0x0A, 0x20, 0x20, 0x20, 0x20, 0x20, 0x20, 0x22, 0x64, 0x65, 0x63, 0x6C,
    0x61, 0x72, 0x69, 0x6E, 0x67, 0x41, 0x73, 0x73, 0x65, 0x6D, 0x62, 0x6C, 0x79, 0x4E, 0x61, 0x6D,
    0x65, 0x22, 0x3A, 0x20, 0x22, 0x41, 0x74, 0x74, 0x72, 0x69, 0x62, 0x75, 0x74, 0x65, 0x73, 0x43,
    0x75, 0x73, 0x74, 0x6F, 0x6D, 0x4D, 0x65, 0x74, 0x61, 0x64, 0x61, 0x74, 0x61, 0x53, 0x75, 0x62,
    0x6A, 0x65, 0x63, 0x74, 0x73, 0x22, 0x0D, 0x0A, 0x20, 0x20, 0x20, 0x20, 0x7D, 0x00, 0x7B, 0x0D,
    0x0A, 0x20, 0x20, 0x20, 0x20, 0x20, 0x20, 0x22, 0x6D, 0x65, 0x74, 0x68, 0x6F, 0x64, 0x49, 0x64,
    0x22, 0x3A, 0x20, 0x22, 0x61, 0x74, 0x74, 0x72, 0x69, 0x62, 0x75, 0x74, 0x65, 0x73, 0x2D, 0x63,
    0x75, 0x73, 0x74, 0x6F, 0x6D, 0x2D, 0x6D, 0x65, 0x74, 0x61, 0x64, 0x61, 0x74, 0x61, 0x2D, 0x73,
    0x75, 0x62, 0x6A, 0x65, 0x63, 0x74, 0x73, 0x2E, 0x61, 0x74, 0x74, 0x72, 0x69, 0x62, 0x75, 0x74,
    0x65, 0x73, 0x2D, 0x63, 0x75, 0x73, 0x74, 0x6F, 0x6D, 0x2D, 0x6D, 0x65, 0x74, 0x61, 0x64, 0x61,
    0x74, 0x61, 0x2D, 0x73, 0x75, 0x62, 0x6A, 0x65, 0x63, 0x74, 0x73, 0x2E, 0x73, 0x75, 0x62, 0x6A,
    0x65, 0x63, 0x74, 0x2D, 0x34, 0x22, 0x2C, 0x0D, 0x0A, 0x20, 0x20, 0x20, 0x20, 0x20, 0x20, 0x22,
    0x73, 0x75, 0x62, 0x6A, 0x65, 0x63, 0x74, 0x49, 0x64, 0x22, 0x3A, 0x20, 0x22, 0x41, 0x74, 0x74,
    0x72, 0x69, 0x62, 0x75, 0x74, 0x65, 0x73, 0x43, 0x75, 0x73, 0x74, 0x6F, 0x6D, 0x4D, 0x65, 0x74,
    0x61, 0x64, 0x61, 0x74, 0x61, 0x53, 0x75, 0x62, 0x6A, 0x65, 0x63, 0x74, 0x73, 0x2F, 0x41, 0x74,
    0x74, 0x72, 0x69, 0x62, 0x75, 0x74, 0x65, 0x73, 0x43, 0x75, 0x73, 0x74, 0x6F, 0x6D, 0x4D, 0x65,
    0x74, 0x61, 0x64, 0x61, 0x74, 0x61, 0x53, 0x75, 0x62, 0x6A, 0x65, 0x63, 0x74, 0x73, 0x3A, 0x3A,
    0x53, 0x75, 0x62, 0x6A, 0x65, 0x63, 0x74, 0x5F, 0x34, 0x3A, 0x53, 0x79, 0x73, 0x74, 0x65, 0x6D,
    0x2E, 0x56, 0x6F, 0x69, 0x64, 0x28, 0x29, 0x22, 0x2C, 0x0D, 0x0A, 0x20, 0x20, 0x20, 0x20, 0x20,
    0x20, 0x22, 0x73, 0x69, 0x67, 0x6E, 0x61, 0x74, 0x75, 0x72, 0x65, 0x22, 0x3A, 0x20, 0x22, 0x53,
    0x79, 0x73, 0x74, 0x65, 0x6D, 0x2E, 0x56, 0x6F, 0x69, 0x64, 0x20, 0x41, 0x74, 0x74, 0x72, 0x69,
    0x62, 0x75, 0x74, 0x65, 0x73, 0x43, 0x75, 0x73, 0x74, 0x6F, 0x6D, 0x4D, 0x65, 0x74, 0x61, 0x64,
    0x61, 0x74, 0x61, 0x53, 0x75, 0x62, 0x6A, 0x65, 0x63, 0x74, 0x73, 0x3A, 0x3A, 0x53, 0x75, 0x62,
    0x6A, 0x65, 0x63, 0x74, 0x5F, 0x34, 0x28, 0x29, 0x22, 0x2C, 0x0D, 0x0A, 0x20, 0x20, 0x20, 0x20,
    0x20, 0x20, 0x22, 0x69, 0x64, 0x65, 0x6E, 0x74, 0x69, 0x74, 0x79, 0x22, 0x3A, 0x20, 0x7B, 0x0D,
    0x0A, 0x20, 0x20, 0x20, 0x20, 0x20, 0x20, 0x20, 0x20, 0x22, 0x61, 0x73, 0x73, 0x65, 0x6D, 0x62,
    0x6C, 0x79, 0x4E, 0x61, 0x6D, 0x65, 0x22, 0x3A, 0x20, 0x22, 0x41, 0x74, 0x74, 0x72, 0x69, 0x62,
    0x75, 0x74, 0x65, 0x73, 0x43, 0x75, 0x73, 0x74, 0x6F, 0x6D, 0x4D, 0x65, 0x74, 0x61, 0x64, 0x61,
    0x74, 0x61, 0x53, 0x75, 0x62, 0x6A, 0x65, 0x63, 0x74, 0x73, 0x22, 0x2C, 0x0D, 0x0A, 0x20, 0x20,
    0x20, 0x20, 0x20, 0x20, 0x20, 0x20, 0x22, 0x64, 0x65, 0x63, 0x6C, 0x61, 0x72, 0x69, 0x6E, 0x67,
    0x54, 0x79, 0x70, 0x65, 0x53, 0x75, 0x62, 0x6A, 0x65, 0x63, 0x74, 0x49, 0x64, 0x22, 0x3A, 0x20,
    0x22, 0x41, 0x74, 0x74, 0x72, 0x69, 0x62, 0x75, 0x74, 0x65, 0x73, 0x43, 0x75, 0x73, 0x74, 0x6F,
    0x6D, 0x4D, 0x65, 0x74, 0x61, 0x64, 0x61, 0x74, 0x61, 0x53, 0x75, 0x62, 0x6A, 0x65, 0x63, 0x74,
    0x73, 0x2F, 0x41, 0x74, 0x74, 0x72, 0x69, 0x62, 0x75, 0x74, 0x65, 0x73, 0x43, 0x75, 0x73, 0x74,
    0x6F, 0x6D, 0x4D, 0x65, 0x74, 0x61, 0x64, 0x61, 0x74, 0x61, 0x53, 0x75, 0x62, 0x6A, 0x65, 0x63,
    0x74, 0x73, 0x22, 0x2C, 0x0D, 0x0A, 0x20, 0x20, 0x20, 0x20, 0x20, 0x20, 0x20, 0x20, 0x22, 0x64,
    0x65, 0x66, 0x69, 0x6E, 0x69, 0x74, 0x69, 0x6F, 0x6E, 0x53, 0x75, 0x62, 0x6A, 0x65, 0x63, 0x74,
    0x49, 0x64, 0x22, 0x3A, 0x20, 0x22, 0x41, 0x74, 0x74, 0x72, 0x69, 0x62, 0x75, 0x74, 0x65, 0x73,
    0x43, 0x75, 0x73, 0x74, 0x6F, 0x6D, 0x4D, 0x65, 0x74, 0x61, 0x64, 0x61, 0x74, 0x61, 0x53, 0x75,
    0x62, 0x6A, 0x65, 0x63, 0x74, 0x73, 0x2F, 0x41, 0x74, 0x74, 0x72, 0x69, 0x62, 0x75, 0x74, 0x65,
    0x73, 0x43, 0x75, 0x73, 0x74, 0x6F, 0x6D, 0x4D, 0x65, 0x74, 0x61, 0x64, 0x61, 0x74, 0x61, 0x53,
    0x75, 0x62, 0x6A, 0x65, 0x63, 0x74, 0x73, 0x3A, 0x3A, 0x53, 0x75, 0x62, 0x6A, 0x65, 0x63, 0x74,
    0x5F, 0x34, 0x3A, 0x53, 0x79, 0x73, 0x74, 0x65, 0x6D, 0x2E, 0x56, 0x6F, 0x69, 0x64, 0x28, 0x29,
    0x22, 0x2C, 0x0D, 0x0A, 0x20, 0x20, 0x20, 0x20, 0x20, 0x20, 0x20, 0x20, 0x22, 0x73, 0x75, 0x62,
    0x6A, 0x65, 0x63, 0x74, 0x49, 0x64, 0x22, 0x3A, 0x20, 0x22, 0x41, 0x74, 0x74, 0x72, 0x69, 0x62,
    0x75, 0x74, 0x65, 0x73, 0x43, 0x75, 0x73, 0x74, 0x6F, 0x6D, 0x4D, 0x65, 0x74, 0x61, 0x64, 0x61,
    0x74, 0x61, 0x53, 0x75, 0x62, 0x6A, 0x65, 0x63, 0x74, 0x73, 0x2F, 0x41, 0x74, 0x74, 0x72, 0x69,
    0x62, 0x75, 0x74, 0x65, 0x73, 0x43, 0x75, 0x73, 0x74, 0x6F, 0x6D, 0x4D, 0x65, 0x74, 0x61, 0x64,
    0x61, 0x74, 0x61, 0x53, 0x75, 0x62, 0x6A, 0x65, 0x63, 0x74, 0x73, 0x3A, 0x3A, 0x53, 0x75, 0x62,
    0x6A, 0x65, 0x63, 0x74, 0x5F, 0x34, 0x3A, 0x53, 0x79, 0x73, 0x74, 0x65, 0x6D, 0x2E, 0x56, 0x6F,
    0x69, 0x64, 0x28, 0x29, 0x22, 0x2C, 0x0D, 0x0A, 0x20, 0x20, 0x20, 0x20, 0x20, 0x20, 0x20, 0x20,
    0x22, 0x6D, 0x65, 0x74, 0x68, 0x6F, 0x64, 0x49, 0x64, 0x22, 0x3A, 0x20, 0x22, 0x61, 0x74, 0x74,
    0x72, 0x69, 0x62, 0x75, 0x74, 0x65, 0x73, 0x2D, 0x63, 0x75, 0x73, 0x74, 0x6F, 0x6D, 0x2D, 0x6D,
    0x65, 0x74, 0x61, 0x64, 0x61, 0x74, 0x61, 0x2D, 0x73, 0x75, 0x62, 0x6A, 0x65, 0x63, 0x74, 0x73,
    0x2E, 0x61, 0x74, 0x74, 0x72, 0x69, 0x62, 0x75, 0x74, 0x65, 0x73, 0x2D, 0x63, 0x75, 0x73, 0x74,
    0x6F, 0x6D, 0x2D, 0x6D, 0x65, 0x74, 0x61, 0x64, 0x61, 0x74, 0x61, 0x2D, 0x73, 0x75, 0x62, 0x6A,
    0x65, 0x63, 0x74, 0x73, 0x2E, 0x73, 0x75, 0x62, 0x6A, 0x65, 0x63, 0x74, 0x2D, 0x34, 0x22, 0x2C,
    0x0D, 0x0A, 0x20, 0x20, 0x20, 0x20, 0x20, 0x20, 0x20, 0x20, 0x22, 0x73, 0x69, 0x67, 0x6E, 0x61,
    0x74, 0x75, 0x72, 0x65, 0x22, 0x3A, 0x20, 0x22, 0x53, 0x79, 0x73, 0x74, 0x65, 0x6D, 0x2E, 0x56,
    0x6F, 0x69, 0x64, 0x20, 0x41, 0x74, 0x74, 0x72, 0x69, 0x62, 0x75, 0x74, 0x65, 0x73, 0x43, 0x75,
    0x73, 0x74, 0x6F, 0x6D, 0x4D, 0x65, 0x74, 0x61, 0x64, 0x61, 0x74, 0x61, 0x53, 0x75, 0x62, 0x6A,
    0x65, 0x63, 0x74, 0x73, 0x3A, 0x3A, 0x53, 0x75, 0x62, 0x6A, 0x65, 0x63, 0x74, 0x5F, 0x34, 0x28,
    0x29, 0x22, 0x0D, 0x0A, 0x20, 0x20, 0x20, 0x20, 0x20, 0x20, 0x7D, 0x2C, 0x0D, 0x0A, 0x20, 0x20,
    0x20, 0x20, 0x20, 0x20, 0x22, 0x6E, 0x61, 0x74, 0x69, 0x76, 0x65, 0x53, 0x79, 0x6D, 0x62, 0x6F,
    0x6C, 0x22, 0x3A, 0x20, 0x22, 0x41, 0x74, 0x74, 0x72, 0x69, 0x62, 0x75, 0x74, 0x65, 0x73, 0x43,
    0x75, 0x73, 0x74, 0x6F, 0x6D, 0x4D, 0x65, 0x74, 0x61, 0x64, 0x61, 0x74, 0x61, 0x53, 0x75, 0x62,
    0x6A, 0x65, 0x63, 0x74, 0x73, 0x5F, 0x41, 0x74, 0x74, 0x72, 0x69, 0x62, 0x75, 0x74, 0x65, 0x73,
    0x43, 0x75, 0x73, 0x74, 0x6F, 0x6D, 0x4D, 0x65, 0x74, 0x61, 0x64, 0x61, 0x74, 0x61, 0x53, 0x75,
    0x62, 0x6A, 0x65, 0x63, 0x74, 0x73, 0x5F, 0x53, 0x75, 0x62, 0x6A, 0x65, 0x63, 0x74, 0x5F, 0x34,
    0x22, 0x2C, 0x0D, 0x0A, 0x20, 0x20, 0x20, 0x20, 0x20, 0x20, 0x22, 0x69, 0x73, 0x53, 0x74, 0x61,
    0x74, 0x69, 0x63, 0x22, 0x3A, 0x20, 0x74, 0x72, 0x75, 0x65, 0x2C, 0x0D, 0x0A, 0x20, 0x20, 0x20,
    0x20, 0x20, 0x20, 0x22, 0x72, 0x65, 0x74, 0x75, 0x72, 0x6E, 0x54, 0x79, 0x70, 0x65, 0x22, 0x3A,
    0x20, 0x22, 0x53, 0x79, 0x73, 0x74, 0x65, 0x6D, 0x2E, 0x56, 0x6F, 0x69, 0x64, 0x22, 0x2C, 0x0D,
    0x0A, 0x20, 0x20, 0x20, 0x20, 0x20, 0x20, 0x22, 0x72, 0x65, 0x74, 0x75, 0x72, 0x6E, 0x41, 0x62,
    0x69, 0x22, 0x3A, 0x20, 0x7B, 0x0D, 0x0A, 0x20, 0x20, 0x20, 0x20, 0x20, 0x20, 0x20, 0x20, 0x22,
    0x63, 0x61, 0x72, 0x72, 0x69, 0x65, 0x72, 0x4B, 0x69, 0x6E, 0x64, 0x43, 0x6F, 0x64, 0x65, 0x22,
    0x3A, 0x20, 0x30, 0x2C, 0x0D, 0x0A, 0x20, 0x20, 0x20, 0x20, 0x20, 0x20, 0x20, 0x20, 0x22, 0x74,
    0x79, 0x70, 0x65, 0x53, 0x68, 0x61, 0x70, 0x65, 0x22, 0x3A, 0x20, 0x31, 0x0D, 0x0A, 0x20, 0x20,
    0x20, 0x20, 0x20, 0x20, 0x7D, 0x2C, 0x0D, 0x0A, 0x20, 0x20, 0x20, 0x20, 0x20, 0x20, 0x22, 0x70,
    0x61, 0x72, 0x61, 0x6D, 0x65, 0x74, 0x65, 0x72, 0x43, 0x6F, 0x75, 0x6E, 0x74, 0x22, 0x3A, 0x20,
    0x30, 0x2C, 0x0D, 0x0A, 0x20, 0x20, 0x20, 0x20, 0x20, 0x20, 0x22, 0x70, 0x61, 0x72, 0x61, 0x6D,
    0x65, 0x74, 0x65, 0x72, 0x41, 0x62, 0x69, 0x73, 0x22, 0x3A, 0x20, 0x5B, 0x5D, 0x2C, 0x0D, 0x0A,
    0x20, 0x20, 0x20, 0x20, 0x20, 0x20, 0x22, 0x6C, 0x6F, 0x63, 0x61, 0x6C, 0x43, 0x6F, 0x75, 0x6E,
    0x74, 0x22, 0x3A, 0x20, 0x31, 0x2C, 0x0D, 0x0A, 0x20, 0x20, 0x20, 0x20, 0x20, 0x20, 0x22, 0x65,
    0x78, 0x63, 0x65, 0x70, 0x74, 0x69, 0x6F, 0x6E, 0x52, 0x65, 0x67, 0x69, 0x6F, 0x6E, 0x43, 0x6F,
    0x75, 0x6E, 0x74, 0x22, 0x3A, 0x20, 0x30, 0x2C, 0x0D, 0x0A, 0x20, 0x20, 0x20, 0x20, 0x20, 0x20,
    0x22, 0x65, 0x78, 0x63, 0x65, 0x70, 0x74, 0x69, 0x6F, 0x6E, 0x52, 0x65, 0x67, 0x69, 0x6F, 0x6E,
    0x73, 0x22, 0x3A, 0x20, 0x5B, 0x5D, 0x2C, 0x0D, 0x0A, 0x20, 0x20, 0x20, 0x20, 0x20, 0x20, 0x22,
    0x69, 0x6E, 0x73, 0x74, 0x72, 0x75, 0x63, 0x74, 0x69, 0x6F, 0x6E, 0x73, 0x22, 0x3A, 0x20, 0x5B,
    0x0D, 0x0A, 0x20, 0x20, 0x20, 0x20, 0x20, 0x20, 0x20, 0x20, 0x7B, 0x0D, 0x0A, 0x20, 0x20, 0x20,
    0x20, 0x20, 0x20, 0x20, 0x20, 0x20, 0x20, 0x22, 0x6F, 0x70, 0x22, 0x3A, 0x20, 0x22, 0x6C, 0x64,
    0x74, 0x6F, 0x6B, 0x65, 0x6E, 0x22, 0x2C, 0x0D, 0x0A, 0x20, 0x20, 0x20, 0x20, 0x20, 0x20, 0x20,
    0x20, 0x20, 0x20, 0x22, 0x6F, 0x70, 0x43, 0x6F, 0x64, 0x65, 0x22, 0x3A, 0x20, 0x37, 0x30, 0x2C,
    0x0D, 0x0A, 0x20, 0x20, 0x20, 0x20, 0x20, 0x20, 0x20, 0x20, 0x20, 0x20, 0x22, 0x6F, 0x70, 0x65,
    0x72, 0x61, 0x6E, 0x64, 0x22, 0x3A, 0x20, 0x22, 0x53, 0x79, 0x73, 0x74, 0x65, 0x6D, 0x2E, 0x50,
    0x72, 0x69, 0x76, 0x61, 0x74, 0x65, 0x2E, 0x43, 0x6F, 0x72, 0x65, 0x4C, 0x69, 0x62, 0x2F, 0x53,
    0x79, 0x73, 0x74, 0x65, 0x6D, 0x2E, 0x42, 0x79, 0x74, 0x65, 0x22, 0x2C, 0x0D, 0x0A, 0x20, 0x20,
    0x20, 0x20, 0x20, 0x20, 0x20, 0x20, 0x20, 0x20, 0x22, 0x69, 0x6C, 0x4F, 0x66, 0x66, 0x73, 0x65,
    0x74, 0x22, 0x3A, 0x20, 0x31, 0x2C, 0x0D, 0x0A, 0x20, 0x20, 0x20, 0x20, 0x20, 0x20, 0x20, 0x20,
    0x20, 0x20, 0x22, 0x72, 0x65, 0x73, 0x75, 0x6C, 0x74, 0x54, 0x79, 0x70, 0x65, 0x22, 0x3A, 0x20,
    0x22, 0x53, 0x79, 0x73, 0x74, 0x65, 0x6D, 0x2E, 0x52, 0x75, 0x6E, 0x74, 0x69, 0x6D, 0x65, 0x54,
    0x79, 0x70, 0x65, 0x48, 0x61, 0x6E, 0x64, 0x6C, 0x65, 0x22, 0x2C, 0x0D, 0x0A, 0x20, 0x20, 0x20,
    0x20, 0x20, 0x20, 0x20, 0x20, 0x20, 0x20, 0x22, 0x72, 0x65, 0x66, 0x65, 0x72, 0x65, 0x6E, 0x63,
    0x65, 0x22, 0x3A, 0x20, 0x7B, 0x0D, 0x0A, 0x20, 0x20, 0x20, 0x20, 0x20, 0x20, 0x20, 0x20, 0x20,
    0x20, 0x20, 0x20, 0x22, 0x61, 0x73, 0x73, 0x65, 0x6D, 0x62, 0x6C, 0x79, 0x4E, 0x61, 0x6D, 0x65,
    0x22, 0x3A, 0x20, 0x22, 0x53, 0x79, 0x73, 0x74, 0x65, 0x6D, 0x2E, 0x50, 0x72, 0x69, 0x76, 0x61,
    0x74, 0x65, 0x2E, 0x43, 0x6F, 0x72, 0x65, 0x4C, 0x69, 0x62, 0x22, 0x2C, 0x0D, 0x0A, 0x20, 0x20,
    0x20, 0x20, 0x20, 0x20, 0x20, 0x20, 0x20, 0x20, 0x20, 0x20, 0x22, 0x73, 0x75, 0x62, 0x6A, 0x65,
    0x63, 0x74, 0x4B, 0x69, 0x6E, 0x64, 0x22, 0x3A, 0x20, 0x22, 0x74, 0x79, 0x70, 0x65, 0x22, 0x2C,
    0x0D, 0x0A, 0x20, 0x20, 0x20, 0x20, 0x20, 0x20, 0x20, 0x20, 0x20, 0x20, 0x20, 0x20, 0x22, 0x73,
    0x75, 0x62, 0x6A, 0x65, 0x63, 0x74, 0x49, 0x64, 0x22, 0x3A, 0x20, 0x22, 0x53, 0x79, 0x73, 0x74,
    0x65, 0x6D, 0x2E, 0x50, 0x72, 0x69, 0x76, 0x61, 0x74, 0x65, 0x2E, 0x43, 0x6F, 0x72, 0x65, 0x4C,
    0x69, 0x62, 0x2F, 0x53, 0x79, 0x73, 0x74, 0x65, 0x6D, 0x2E, 0x42, 0x79, 0x74, 0x65, 0x22, 0x0D,
    0x0A, 0x20, 0x20, 0x20, 0x20, 0x20, 0x20, 0x20, 0x20, 0x20, 0x20, 0x7D, 0x2C, 0x0D, 0x0A, 0x20,
    0x20, 0x20, 0x20, 0x20, 0x20, 0x20, 0x20, 0x20, 0x20, 0x22, 0x74, 0x61, 0x72, 0x67, 0x65, 0x74,
    0x52, 0x65, 0x66, 0x65, 0x72, 0x65, 0x6E, 0x63, 0x65, 0x22, 0x3A, 0x20, 0x7B, 0x0D, 0x0A, 0x20,
    0x20, 0x20, 0x20, 0x20, 0x20, 0x20, 0x20, 0x20, 0x20, 0x20, 0x20, 0x22, 0x6B, 0x69, 0x6E, 0x64,
    0x22, 0x3A, 0x20, 0x31, 0x2C, 0x0D, 0x0A, 0x20, 0x20, 0x20, 0x20, 0x20, 0x20, 0x20, 0x20, 0x20,
    0x20, 0x20, 0x20, 0x22, 0x61, 0x73, 0x73, 0x65, 0x6D, 0x62, 0x6C, 0x79, 0x4E, 0x61, 0x6D, 0x65,
    0x22, 0x3A, 0x20, 0x22, 0x53, 0x79, 0x73, 0x74, 0x65, 0x6D, 0x2E, 0x50, 0x72, 0x69, 0x76, 0x61,
    0x74, 0x65, 0x2E, 0x43, 0x6F, 0x72, 0x65, 0x4C, 0x69, 0x62, 0x22, 0x2C, 0x0D, 0x0A, 0x20, 0x20,
    0x20, 0x20, 0x20, 0x20, 0x20, 0x20, 0x20, 0x20, 0x20, 0x20, 0x22, 0x73, 0x75, 0x62, 0x6A, 0x65,
    0x63, 0x74, 0x49, 0x64, 0x22, 0x3A, 0x20, 0x22, 0x53, 0x79, 0x73, 0x74, 0x65, 0x6D, 0x2E, 0x50,
    0x72, 0x69, 0x76, 0x61, 0x74, 0x65, 0x2E, 0x43, 0x6F, 0x72, 0x65, 0x4C, 0x69, 0x62, 0x2F, 0x53,
    0x79, 0x73, 0x74, 0x65, 0x6D, 0x2E, 0x42, 0x79, 0x74, 0x65, 0x22, 0x2C, 0x0D, 0x0A, 0x20, 0x20,
    0x20, 0x20, 0x20, 0x20, 0x20, 0x20, 0x20, 0x20, 0x20, 0x20, 0x22, 0x74, 0x79, 0x70, 0x65, 0x53,
    0x68, 0x61, 0x70, 0x65, 0x22, 0x3A, 0x20, 0x31, 0x2C, 0x0D, 0x0A, 0x20, 0x20, 0x20, 0x20, 0x20,
    0x20, 0x20, 0x20, 0x20, 0x20, 0x20, 0x20, 0x22, 0x61, 0x72, 0x72, 0x61, 0x79, 0x45, 0x6C, 0x65,
    0x6D, 0x65, 0x6E, 0x74, 0x54, 0x79, 0x70, 0x65, 0x53, 0x68, 0x61, 0x70, 0x65, 0x22, 0x3A, 0x20,
    0x30, 0x2C, 0x0D, 0x0A, 0x20, 0x20, 0x20, 0x20, 0x20, 0x20, 0x20, 0x20, 0x20, 0x20, 0x20, 0x20,
    0x22, 0x69, 0x73, 0x53, 0x65, 0x61, 0x6C, 0x65, 0x64, 0x22, 0x3A, 0x20, 0x66, 0x61, 0x6C, 0x73,
    0x65, 0x2C, 0x0D, 0x0A, 0x20, 0x20, 0x20, 0x20, 0x20, 0x20, 0x20, 0x20, 0x20, 0x20, 0x20, 0x20,
    0x22, 0x69, 0x73, 0x43, 0x6F, 0x6D, 0x49, 0x6D, 0x70, 0x6F, 0x72, 0x74, 0x22, 0x3A, 0x20, 0x66,
    0x61, 0x6C, 0x73, 0x65, 0x2C, 0x0D, 0x0A, 0x20, 0x20, 0x20, 0x20, 0x20, 0x20, 0x20, 0x20, 0x20,
    0x20, 0x20, 0x20, 0x22, 0x63, 0x6F, 0x6D, 0x49, 0x6E, 0x74, 0x65, 0x72, 0x66, 0x61, 0x63, 0x65,
    0x54, 0x79, 0x70, 0x65, 0x4B, 0x69, 0x6E, 0x64, 0x22, 0x3A, 0x20, 0x30, 0x2C, 0x0D, 0x0A, 0x20,
    0x20, 0x20, 0x20, 0x20, 0x20, 0x20, 0x20, 0x20, 0x20, 0x20, 0x20, 0x22, 0x64, 0x65, 0x63, 0x6C,
    0x61, 0x72, 0x69, 0x6E, 0x67, 0x54, 0x79, 0x70, 0x65, 0x53, 0x68, 0x61, 0x70, 0x65, 0x22, 0x3A,
    0x20, 0x30, 0x0D, 0x0A, 0x20, 0x20, 0x20, 0x20, 0x20, 0x20, 0x20, 0x20, 0x20, 0x20, 0x7D, 0x2C,
    0x0D, 0x0A, 0x20, 0x20, 0x20, 0x20, 0x20, 0x20, 0x20, 0x20, 0x20, 0x20, 0x22, 0x69, 0x73, 0x50,
    0x72, 0x65, 0x73, 0x65, 0x72, 0x76, 0x65, 0x53, 0x69, 0x67, 0x22, 0x3A, 0x20, 0x66, 0x61, 0x6C,
    0x73, 0x65, 0x0D, 0x0A, 0x20, 0x20, 0x20, 0x20, 0x20, 0x20, 0x20, 0x20, 0x7D, 0x2C, 0x0D, 0x0A,
    0x20, 0x20, 0x20, 0x20, 0x20, 0x20, 0x20, 0x20, 0x7B, 0x0D, 0x0A, 0x20, 0x20, 0x20, 0x20, 0x20,
    0x20, 0x20, 0x20, 0x20, 0x20, 0x22, 0x6F, 0x70, 0x22, 0x3A, 0x20, 0x22, 0x63, 0x61, 0x6C, 0x6C,
    0x22, 0x2C, 0x0D, 0x0A, 0x20, 0x20, 0x20, 0x20, 0x20, 0x20, 0x20, 0x20, 0x20, 0x20, 0x22, 0x6F,
    0x70, 0x43, 0x6F, 0x64, 0x65, 0x22, 0x3A, 0x20, 0x31, 0x34, 0x2C, 0x0D, 0x0A, 0x20, 0x20, 0x20,
    0x20, 0x20, 0x20, 0x20, 0x20, 0x20, 0x20, 0x22, 0x69, 0x6C, 0x4F, 0x66, 0x66, 0x73, 0x65, 0x74,
    0x22, 0x3A, 0x20, 0x36, 0x2C, 0x0D, 0x0A, 0x20, 0x20, 0x20, 0x20, 0x20, 0x20, 0x20, 0x20, 0x20,
    0x20, 0x22, 0x72, 0x65, 0x73, 0x75, 0x6C, 0x74, 0x54, 0x79, 0x70, 0x65, 0x22, 0x3A, 0x20, 0x22,
    0x53, 0x79, 0x73, 0x74, 0x65, 0x6D, 0x2E, 0x54, 0x79, 0x70, 0x65, 0x22, 0x2C, 0x0D, 0x0A, 0x20,
    0x20, 0x20, 0x20, 0x20, 0x20, 0x20, 0x20, 0x20, 0x20, 0x22, 0x63, 0x61, 0x6C, 0x6C, 0x65, 0x65,
    0x22, 0x3A, 0x20, 0x22, 0x53, 0x79, 0x73, 0x74, 0x65, 0x6D, 0x2E, 0x50, 0x72, 0x69, 0x76, 0x61,
    0x74, 0x65, 0x2E, 0x43, 0x6F, 0x72, 0x65, 0x4C, 0x69, 0x62, 0x2F, 0x53, 0x79, 0x73, 0x74, 0x65,
    0x6D, 0x2E, 0x54, 0x79, 0x70, 0x65, 0x3A, 0x3A, 0x47, 0x65, 0x74, 0x54, 0x79, 0x70, 0x65, 0x46,
    0x72, 0x6F, 0x6D, 0x48, 0x61, 0x6E, 0x64, 0x6C, 0x65, 0x3A, 0x53, 0x79, 0x73, 0x74, 0x65, 0x6D,
    0x2E, 0x54, 0x79, 0x70, 0x65, 0x28, 0x53, 0x79, 0x73, 0x74, 0x65, 0x6D, 0x2E, 0x52, 0x75, 0x6E,
    0x74, 0x69, 0x6D, 0x65, 0x54, 0x79, 0x70, 0x65, 0x48, 0x61, 0x6E, 0x64, 0x6C, 0x65, 0x29, 0x22,
    0x2C, 0x0D, 0x0A, 0x20, 0x20, 0x20, 0x20, 0x20, 0x20, 0x20, 0x20, 0x20, 0x20, 0x22, 0x72, 0x65,
    0x66, 0x65, 0x72, 0x65, 0x6E, 0x63, 0x65, 0x22, 0x3A, 0x20, 0x7B, 0x0D, 0x0A, 0x20, 0x20, 0x20,
    0x20, 0x20, 0x20, 0x20, 0x20, 0x20, 0x20, 0x20, 0x20, 0x22, 0x61, 0x73, 0x73, 0x65, 0x6D, 0x62,
    0x6C, 0x79, 0x4E, 0x61, 0x6D, 0x65, 0x22, 0x3A, 0x20, 0x22, 0x53, 0x79, 0x73, 0x74, 0x65, 0x6D,
    0x2E, 0x50, 0x72, 0x69, 0x76, 0x61, 0x74, 0x65, 0x2E, 0x43, 0x6F, 0x72, 0x65, 0x4C, 0x69, 0x62,
    0x22, 0x2C, 0x0D, 0x0A, 0x20, 0x20, 0x20, 0x20, 0x20, 0x20, 0x20, 0x20, 0x20, 0x20, 0x20, 0x20,
    0x22, 0x73, 0x75, 0x62, 0x6A, 0x65, 0x63, 0x74, 0x4B, 0x69, 0x6E, 0x64, 0x22, 0x3A, 0x20, 0x22,
    0x6D, 0x65, 0x74, 0x68, 0x6F, 0x64, 0x22, 0x2C, 0x0D, 0x0A, 0x20, 0x20, 0x20, 0x20, 0x20, 0x20,
    0x20, 0x20, 0x20, 0x20, 0x20, 0x20, 0x22, 0x73, 0x75, 0x62, 0x6A, 0x65, 0x63, 0x74, 0x49, 0x64,
    0x22, 0x3A, 0x20, 0x22, 0x53, 0x79, 0x73, 0x74, 0x65, 0x6D, 0x2E, 0x50, 0x72, 0x69, 0x76, 0x61,
    0x74, 0x65, 0x2E, 0x43, 0x6F, 0x72, 0x65, 0x4C, 0x69, 0x62, 0x2F, 0x53, 0x79, 0x73, 0x74, 0x65,
    0x6D, 0x2E, 0x54, 0x79, 0x70, 0x65, 0x3A, 0x3A, 0x47, 0x65, 0x74, 0x54, 0x79, 0x70, 0x65, 0x46,
    0x72, 0x6F, 0x6D, 0x48, 0x61, 0x6E, 0x64, 0x6C, 0x65, 0x3A, 0x53, 0x79, 0x73, 0x74, 0x65, 0x6D,
    0x2E, 0x54, 0x79, 0x70, 0x65, 0x28, 0x53, 0x79, 0x73, 0x74, 0x65, 0x6D, 0x2E, 0x52, 0x75, 0x6E,
    0x74, 0x69, 0x6D, 0x65, 0x54, 0x79, 0x70, 0x65, 0x48, 0x61, 0x6E, 0x64, 0x6C, 0x65, 0x29, 0x22,
    0x0D, 0x0A, 0x20, 0x20, 0x20, 0x20, 0x20, 0x20, 0x20, 0x20, 0x20, 0x20, 0x7D, 0x2C, 0x0D, 0x0A,
    0x20, 0x20, 0x20, 0x20, 0x20, 0x20, 0x20, 0x20, 0x20, 0x20, 0x22, 0x74, 0x61, 0x72, 0x67, 0x65,
    0x74, 0x52, 0x65, 0x66, 0x65, 0x72, 0x65, 0x6E, 0x63, 0x65, 0x22, 0x3A, 0x20, 0x7B, 0x0D, 0x0A,
    0x20, 0x20, 0x20, 0x20, 0x20, 0x20, 0x20, 0x20, 0x20, 0x20, 0x20, 0x20, 0x22, 0x6B, 0x69, 0x6E,
    0x64, 0x22, 0x3A, 0x20, 0x33, 0x2C, 0x0D, 0x0A, 0x20, 0x20, 0x20, 0x20, 0x20, 0x20, 0x20, 0x20,
    0x20, 0x20, 0x20, 0x20, 0x22, 0x61, 0x73, 0x73, 0x65, 0x6D, 0x62, 0x6C, 0x79, 0x4E, 0x61, 0x6D,
    0x65, 0x22, 0x3A, 0x20, 0x22, 0x53, 0x79, 0x73, 0x74, 0x65, 0x6D, 0x2E, 0x50, 0x72, 0x69, 0x76,
    0x61, 0x74, 0x65, 0x2E, 0x43, 0x6F, 0x72, 0x65, 0x4C, 0x69, 0x62, 0x22, 0x2C, 0x0D, 0x0A, 0x20,
    0x20, 0x20, 0x20, 0x20, 0x20, 0x20, 0x20, 0x20, 0x20, 0x20, 0x20, 0x22, 0x73, 0x75, 0x62, 0x6A,
    0x65, 0x63, 0x74, 0x49, 0x64, 0x22, 0x3A, 0x20, 0x22, 0x53, 0x79, 0x73, 0x74, 0x65, 0x6D, 0x2E,
    0x50, 0x72, 0x69, 0x76, 0x61, 0x74, 0x65, 0x2E, 0x43, 0x6F, 0x72, 0x65, 0x4C, 0x69, 0x62, 0x2F,
    0x53, 0x79, 0x73, 0x74, 0x65, 0x6D, 0x2E, 0x54, 0x79, 0x70, 0x65, 0x3A, 0x3A, 0x47, 0x65, 0x74,
    0x54, 0x79, 0x70, 0x65, 0x46, 0x72, 0x6F, 0x6D, 0x48, 0x61, 0x6E, 0x64, 0x6C, 0x65, 0x3A, 0x53,
    0x79, 0x73, 0x74, 0x65, 0x6D, 0x2E, 0x54, 0x79, 0x70, 0x65, 0x28, 0x53, 0x79, 0x73, 0x74, 0x65,
    0x6D, 0x2E, 0x52, 0x75, 0x6E, 0x74, 0x69, 0x6D, 0x65, 0x54, 0x79, 0x70, 0x65, 0x48, 0x61, 0x6E,
    0x64, 0x6C, 0x65, 0x29, 0x22, 0x2C, 0x0D, 0x0A, 0x20, 0x20, 0x20, 0x20, 0x20, 0x20, 0x20, 0x20,
    0x20, 0x20, 0x20, 0x20, 0x22, 0x74, 0x79, 0x70, 0x65, 0x53, 0x68, 0x61, 0x70, 0x65, 0x22, 0x3A,
    0x20, 0x30, 0x2C, 0x0D, 0x0A, 0x20, 0x20, 0x20, 0x20, 0x20, 0x20, 0x20, 0x20, 0x20, 0x20, 0x20,
    0x20, 0x22, 0x61, 0x72, 0x72, 0x61, 0x79, 0x45, 0x6C, 0x65, 0x6D, 0x65, 0x6E, 0x74, 0x54, 0x79,
    0x70, 0x65, 0x53, 0x68, 0x61, 0x70, 0x65, 0x22, 0x3A, 0x20, 0x30, 0x2C, 0x0D, 0x0A, 0x20, 0x20,
    0x20, 0x20, 0x20, 0x20, 0x20, 0x20, 0x20, 0x20, 0x20, 0x20, 0x22, 0x69, 0x73, 0x53, 0x65, 0x61,
    0x6C, 0x65, 0x64, 0x22, 0x3A, 0x20, 0x66, 0x61, 0x6C, 0x73, 0x65, 0x2C, 0x0D, 0x0A, 0x20, 0x20,
    0x20, 0x20, 0x20, 0x20, 0x20, 0x20, 0x20, 0x20, 0x20, 0x20, 0x22, 0x69, 0x73, 0x43, 0x6F, 0x6D,
    0x49, 0x6D, 0x70, 0x6F, 0x72, 0x74, 0x22, 0x3A, 0x20, 0x66, 0x61, 0x6C, 0x73, 0x65, 0x2C, 0x0D,
    0x0A, 0x20, 0x20, 0x20, 0x20, 0x20, 0x20, 0x20, 0x20, 0x20, 0x20, 0x20, 0x20, 0x22, 0x63, 0x6F,
    0x6D, 0x49, 0x6E, 0x74, 0x65, 0x72, 0x66, 0x61, 0x63, 0x65, 0x54, 0x79, 0x70, 0x65, 0x4B, 0x69,
    0x6E, 0x64, 0x22, 0x3A, 0x20, 0x30, 0x2C, 0x0D, 0x0A, 0x20, 0x20, 0x20, 0x20, 0x20, 0x20, 0x20,
    0x20, 0x20, 0x20, 0x20, 0x20, 0x22, 0x64, 0x65, 0x63, 0x6C, 0x61, 0x72, 0x69, 0x6E, 0x67, 0x54,
    0x79, 0x70, 0x65, 0x53, 0x68, 0x61, 0x70, 0x65, 0x22, 0x3A, 0x20, 0x30, 0x0D, 0x0A, 0x20, 0x20,
    0x20, 0x20, 0x20, 0x20, 0x20, 0x20, 0x20, 0x20, 0x7D, 0x2C, 0x0D, 0x0A, 0x20, 0x20, 0x20, 0x20,
    0x20, 0x20, 0x20, 0x20, 0x20, 0x20, 0x22, 0x64, 0x69, 0x73, 0x70, 0x61, 0x74, 0x63, 0x68, 0x4B,
    0x69, 0x6E, 0x64, 0x43, 0x6F, 0x64, 0x65, 0x22, 0x3A, 0x20, 0x34, 0x2C, 0x0D, 0x0A, 0x20, 0x20,
    0x20, 0x20, 0x20, 0x20, 0x20, 0x20, 0x20, 0x20, 0x22, 0x69, 0x73, 0x50, 0x72, 0x65, 0x73, 0x65,
    0x72, 0x76, 0x65, 0x53, 0x69, 0x67, 0x22, 0x3A, 0x20, 0x66, 0x61, 0x6C, 0x73, 0x65, 0x0D, 0x0A,
    0x20, 0x20, 0x20, 0x20, 0x20, 0x20, 0x20, 0x20, 0x7D, 0x2C, 0x0D, 0x0A, 0x20, 0x20, 0x20, 0x20,
    0x20, 0x20, 0x20, 0x20, 0x7B, 0x0D, 0x0A, 0x20, 0x20, 0x20, 0x20, 0x20, 0x20, 0x20, 0x20, 0x20,
    0x20, 0x22, 0x6F, 0x70, 0x22, 0x3A, 0x20, 0x22, 0x63, 0x61, 0x6C, 0x6C, 0x76, 0x69, 0x72, 0x74,
    0x22, 0x2C, 0x0D, 0x0A, 0x20, 0x20, 0x20, 0x20, 0x20, 0x20, 0x20, 0x20, 0x20, 0x20, 0x22, 0x6F,
    0x70, 0x43, 0x6F, 0x64, 0x65, 0x22, 0x3A, 0x20, 0x31, 0x35, 0x2C, 0x0D, 0x0A, 0x20, 0x20, 0x20,
    0x20, 0x20, 0x20, 0x20, 0x20, 0x20, 0x20, 0x22, 0x69, 0x6C, 0x4F, 0x66, 0x66, 0x73, 0x65, 0x74,
    0x22, 0x3A, 0x20, 0x31, 0x31, 0x2C, 0x0D, 0x0A, 0x20, 0x20, 0x20, 0x20, 0x20, 0x20, 0x20, 0x20,
    0x20, 0x20, 0x22, 0x72, 0x65, 0x73, 0x75, 0x6C, 0x74, 0x54, 0x79, 0x70, 0x65, 0x22, 0x3A, 0x20,
    0x22, 0x53, 0x79, 0x73, 0x74, 0x65, 0x6D, 0x2E, 0x52, 0x65, 0x66, 0x6C, 0x65, 0x63, 0x74, 0x69,
    0x6F, 0x6E, 0x2E, 0x41, 0x73, 0x73, 0x65, 0x6D, 0x62, 0x6C, 0x79, 0x22, 0x2C, 0x0D, 0x0A, 0x20,
    0x20, 0x20, 0x20, 0x20, 0x20, 0x20, 0x20, 0x20, 0x20, 0x22, 0x63, 0x61, 0x6C, 0x6C, 0x65, 0x65,
    0x22, 0x3A, 0x20, 0x22, 0x53, 0x79, 0x73, 0x74, 0x65, 0x6D, 0x2E, 0x50, 0x72, 0x69, 0x76, 0x61,
    0x74, 0x65, 0x2E, 0x43, 0x6F, 0x72, 0x65, 0x4C, 0x69, 0x62, 0x2F, 0x53, 0x79, 0x73, 0x74, 0x65,
    0x6D, 0x2E, 0x54, 0x79, 0x70, 0x65, 0x3A, 0x3A, 0x67, 0x65, 0x74, 0x5F, 0x41, 0x73, 0x73, 0x65,
    0x6D, 0x62, 0x6C, 0x79, 0x3A, 0x53, 0x79, 0x73, 0x74, 0x65, 0x6D, 0x2E, 0x52, 0x65, 0x66, 0x6C,
    0x65, 0x63, 0x74, 0x69, 0x6F, 0x6E, 0x2E, 0x41, 0x73, 0x73, 0x65, 0x6D, 0x62, 0x6C, 0x79, 0x28,
    0x29, 0x22, 0x2C, 0x0D, 0x0A, 0x20, 0x20, 0x20, 0x20, 0x20, 0x20, 0x20, 0x20, 0x20, 0x20, 0x22,
    0x72, 0x65, 0x66, 0x65, 0x72, 0x65, 0x6E, 0x63, 0x65, 0x22, 0x3A, 0x20, 0x7B, 0x0D, 0x0A, 0x20,
    0x20, 0x20, 0x20, 0x20, 0x20, 0x20, 0x20, 0x20, 0x20, 0x20, 0x20, 0x22, 0x61, 0x73, 0x73, 0x65,
    0x6D, 0x62, 0x6C, 0x79, 0x4E, 0x61, 0x6D, 0x65, 0x22, 0x3A, 0x20, 0x22, 0x53, 0x79, 0x73, 0x74,
    0x65, 0x6D, 0x2E, 0x50, 0x72, 0x69, 0x76, 0x61, 0x74, 0x65, 0x2E, 0x43, 0x6F, 0x72, 0x65, 0x4C,
    0x69, 0x62, 0x22, 0x2C, 0x0D, 0x0A, 0x20, 0x20, 0x20, 0x20, 0x20, 0x20, 0x20, 0x20, 0x20, 0x20,
    0x20, 0x20, 0x22, 0x73, 0x75, 0x62, 0x6A, 0x65, 0x63, 0x74, 0x4B, 0x69, 0x6E, 0x64, 0x22, 0x3A,
    0x20, 0x22, 0x6D, 0x65, 0x74, 0x68, 0x6F, 0x64, 0x22, 0x2C, 0x0D, 0x0A, 0x20, 0x20, 0x20, 0x20,
    0x20, 0x20, 0x20, 0x20, 0x20, 0x20, 0x20, 0x20, 0x22, 0x73, 0x75, 0x62, 0x6A, 0x65, 0x63, 0x74,
    0x49, 0x64, 0x22, 0x3A, 0x20, 0x22, 0x53, 0x79, 0x73, 0x74, 0x65, 0x6D, 0x2E, 0x50, 0x72, 0x69,
    0x76, 0x61, 0x74, 0x65, 0x2E, 0x43, 0x6F, 0x72, 0x65, 0x4C, 0x69, 0x62, 0x2F, 0x53, 0x79, 0x73,
    0x74, 0x65, 0x6D, 0x2E, 0x54, 0x79, 0x70, 0x65, 0x3A, 0x3A, 0x67, 0x65, 0x74, 0x5F, 0x41, 0x73,
    0x73, 0x65, 0x6D, 0x62, 0x6C, 0x79, 0x3A, 0x53, 0x79, 0x73, 0x74, 0x65, 0x6D, 0x2E, 0x52, 0x65,
    0x66, 0x6C, 0x65, 0x63, 0x74, 0x69, 0x6F, 0x6E, 0x2E, 0x41, 0x73, 0x73, 0x65, 0x6D, 0x62, 0x6C,
    0x79, 0x28, 0x29, 0x22, 0x0D, 0x0A, 0x20, 0x20, 0x20, 0x20, 0x20, 0x20, 0x20, 0x20, 0x20, 0x20,
    0x7D, 0x2C, 0x0D, 0x0A, 0x20, 0x20, 0x20, 0x20, 0x20, 0x20, 0x20, 0x20, 0x20, 0x20, 0x22, 0x74,
    0x61, 0x72, 0x67, 0x65, 0x74, 0x52, 0x65, 0x66, 0x65, 0x72, 0x65, 0x6E, 0x63, 0x65, 0x22, 0x3A,
    0x20, 0x7B, 0x0D, 0x0A, 0x20, 0x20, 0x20, 0x20, 0x20, 0x20, 0x20, 0x20, 0x20, 0x20, 0x20, 0x20,
    0x22, 0x6B, 0x69, 0x6E, 0x64, 0x22, 0x3A, 0x20, 0x33, 0x2C, 0x0D, 0x0A, 0x20, 0x20, 0x20, 0x20,
    0x20, 0x20, 0x20, 0x20, 0x20, 0x20, 0x20, 0x20, 0x22, 0x61, 0x73, 0x73, 0x65, 0x6D, 0x62, 0x6C,
    0x79, 0x4E, 0x61, 0x6D, 0x65, 0x22, 0x3A, 0x20, 0x22, 0x53, 0x79, 0x73, 0x74, 0x65, 0x6D, 0x2E,
    0x50, 0x72, 0x69, 0x76, 0x61, 0x74, 0x65, 0x2E, 0x43, 0x6F, 0x72, 0x65, 0x4C, 0x69, 0x62, 0x22,
    0x2C, 0x0D, 0x0A, 0x20, 0x20, 0x20, 0x20, 0x20, 0x20, 0x20, 0x20, 0x20, 0x20, 0x20, 0x20, 0x22,
    0x73, 0x75, 0x62, 0x6A, 0x65, 0x63, 0x74, 0x49, 0x64, 0x22, 0x3A, 0x20, 0x22, 0x53, 0x79, 0x73,
    0x74, 0x65, 0x6D, 0x2E, 0x50, 0x72, 0x69, 0x76, 0x61, 0x74, 0x65, 0x2E, 0x43, 0x6F, 0x72, 0x65,
    0x4C, 0x69, 0x62, 0x2F, 0x53, 0x79, 0x73, 0x74, 0x65, 0x6D, 0x2E, 0x54, 0x79, 0x70, 0x65, 0x3A,
    0x3A, 0x67, 0x65, 0x74, 0x5F, 0x41, 0x73, 0x73, 0x65, 0x6D, 0x62, 0x6C, 0x79, 0x3A, 0x53, 0x79,
    0x73, 0x74, 0x65, 0x6D, 0x2E, 0x52, 0x65, 0x66, 0x6C, 0x65, 0x63, 0x74, 0x69, 0x6F, 0x6E, 0x2E,
    0x41, 0x73, 0x73, 0x65, 0x6D, 0x62, 0x6C, 0x79, 0x28, 0x29, 0x22, 0x2C, 0x0D, 0x0A, 0x20, 0x20,
    0x20, 0x20, 0x20, 0x20, 0x20, 0x20, 0x20, 0x20, 0x20, 0x20, 0x22, 0x74, 0x79, 0x70, 0x65, 0x53,
    0x68, 0x61, 0x70, 0x65, 0x22, 0x3A, 0x20, 0x30, 0x2C, 0x0D, 0x0A, 0x20, 0x20, 0x20, 0x20, 0x20,
    0x20, 0x20, 0x20, 0x20, 0x20, 0x20, 0x20, 0x22, 0x61, 0x72, 0x72, 0x61, 0x79, 0x45, 0x6C, 0x65,
    0x6D, 0x65, 0x6E, 0x74, 0x54, 0x79, 0x70, 0x65, 0x53, 0x68, 0x61, 0x70, 0x65, 0x22, 0x3A, 0x20,
    0x30, 0x2C, 0x0D, 0x0A, 0x20, 0x20, 0x20, 0x20, 0x20, 0x20, 0x20, 0x20, 0x20, 0x20, 0x20, 0x20,
    0x22, 0x69, 0x73, 0x53, 0x65, 0x61, 0x6C, 0x65, 0x64, 0x22, 0x3A, 0x20, 0x66, 0x61, 0x6C, 0x73,
    0x65, 0x2C, 0x0D, 0x0A, 0x20, 0x20, 0x20, 0x20, 0x20, 0x20, 0x20, 0x20, 0x20, 0x20, 0x20, 0x20,
    0x22, 0x69, 0x73, 0x43, 0x6F, 0x6D, 0x49, 0x6D, 0x70, 0x6F, 0x72, 0x74, 0x22, 0x3A, 0x20, 0x66,
    0x61, 0x6C, 0x73, 0x65, 0x2C, 0x0D, 0x0A, 0x20, 0x20, 0x20, 0x20, 0x20, 0x20, 0x20, 0x20, 0x20,
    0x20, 0x20, 0x20, 0x22, 0x63, 0x6F, 0x6D, 0x49, 0x6E, 0x74, 0x65, 0x72, 0x66, 0x61, 0x63, 0x65,
    0x54, 0x79, 0x70, 0x65, 0x4B, 0x69, 0x6E, 0x64, 0x22, 0x3A, 0x20, 0x30, 0x2C, 0x0D, 0x0A, 0x20,
    0x20, 0x20, 0x20, 0x20, 0x20, 0x20, 0x20, 0x20, 0x20, 0x20, 0x20, 0x22, 0x64, 0x65, 0x63, 0x6C,
    0x61, 0x72, 0x69, 0x6E, 0x67, 0x54, 0x79, 0x70, 0x65, 0x53, 0x68, 0x61, 0x70, 0x65, 0x22, 0x3A,
    0x20, 0x30, 0x0D, 0x0A, 0x20, 0x20, 0x20, 0x20, 0x20, 0x20, 0x20, 0x20, 0x20, 0x20, 0x7D, 0x2C,
    0x0D, 0x0A, 0x20, 0x20, 0x20, 0x20, 0x20, 0x20, 0x20, 0x20, 0x20, 0x20, 0x22, 0x64, 0x69, 0x73,
    0x70, 0x61, 0x74, 0x63, 0x68, 0x4B, 0x69, 0x6E, 0x64, 0x43, 0x6F, 0x64, 0x65, 0x22, 0x3A, 0x20,
    0x34, 0x2C, 0x0D, 0x0A, 0x20, 0x20, 0x20, 0x20, 0x20, 0x20, 0x20, 0x20, 0x20, 0x20, 0x22, 0x69,
    0x73, 0x50, 0x72, 0x65, 0x73, 0x65, 0x72, 0x76, 0x65, 0x53, 0x69, 0x67, 0x22, 0x3A, 0x20, 0x66,
    0x61, 0x6C, 0x73, 0x65, 0x0D, 0x0A, 0x20, 0x20, 0x20, 0x20, 0x20, 0x20, 0x20, 0x20, 0x7D, 0x2C,
    0x0D, 0x0A, 0x20, 0x20, 0x20, 0x20, 0x20, 0x20, 0x20, 0x20, 0x7B, 0x0D, 0x0A, 0x20, 0x20, 0x20,
    0x20, 0x20, 0x20, 0x20, 0x20, 0x20, 0x20, 0x22, 0x6F, 0x70, 0x22, 0x3A, 0x20, 0x22, 0x6C, 0x64,
    0x63, 0x2E, 0x69, 0x34, 0x22, 0x2C, 0x0D, 0x0A, 0x20, 0x20, 0x20, 0x20, 0x20, 0x20, 0x20, 0x20,
    0x20, 0x20, 0x22, 0x6F, 0x70, 0x43, 0x6F, 0x64, 0x65, 0x22, 0x3A, 0x20, 0x30, 0x2C, 0x0D, 0x0A,
    0x20, 0x20, 0x20, 0x20, 0x20, 0x20, 0x20, 0x20, 0x20, 0x20, 0x22, 0x6F, 0x70, 0x65, 0x72, 0x61,
    0x6E, 0x64, 0x22, 0x3A, 0x20, 0x30, 0x2C, 0x0D, 0x0A, 0x20, 0x20, 0x20, 0x20, 0x20, 0x20, 0x20,
    0x20, 0x20, 0x20, 0x22, 0x69, 0x6C, 0x4F, 0x66, 0x66, 0x73, 0x65, 0x74, 0x22, 0x3A, 0x20, 0x31,
    0x36, 0x2C, 0x0D, 0x0A, 0x20, 0x20, 0x20, 0x20, 0x20, 0x20, 0x20, 0x20, 0x20, 0x20, 0x22, 0x72,
    0x65, 0x73, 0x75, 0x6C, 0x74, 0x54, 0x79, 0x70, 0x65, 0x22, 0x3A, 0x20, 0x22, 0x53, 0x79, 0x73,
    0x74, 0x65, 0x6D, 0x2E, 0x49, 0x6E, 0x74, 0x33, 0x32, 0x22, 0x2C, 0x0D, 0x0A, 0x20, 0x20, 0x20,
    0x20, 0x20, 0x20, 0x20, 0x20, 0x20, 0x20, 0x22, 0x69, 0x73, 0x50, 0x72, 0x65, 0x73, 0x65, 0x72,
    0x76, 0x65, 0x53, 0x69, 0x67, 0x22, 0x3A, 0x20, 0x66, 0x61, 0x6C, 0x73, 0x65, 0x0D, 0x0A, 0x20,
    0x20, 0x20, 0x20, 0x20, 0x20, 0x20, 0x20, 0x7D, 0x2C, 0x0D, 0x0A, 0x20, 0x20, 0x20, 0x20, 0x20,
    0x20, 0x20, 0x20, 0x7B, 0x0D, 0x0A, 0x20, 0x20, 0x20, 0x20, 0x20, 0x20, 0x20, 0x20, 0x20, 0x20,
    0x22, 0x6F, 0x70, 0x22, 0x3A, 0x20, 0x22, 0x63, 0x61, 0x6C, 0x6C, 0x76, 0x69, 0x72, 0x74, 0x22,
    0x2C, 0x0D, 0x0A, 0x20, 0x20, 0x20, 0x20, 0x20, 0x20, 0x20, 0x20, 0x20, 0x20, 0x22, 0x6F, 0x70,
    0x43, 0x6F, 0x64, 0x65, 0x22, 0x3A, 0x20, 0x31, 0x35, 0x2C, 0x0D, 0x0A, 0x20, 0x20, 0x20, 0x20,
    0x20, 0x20, 0x20, 0x20, 0x20, 0x20, 0x22, 0x69, 0x6C, 0x4F, 0x66, 0x66, 0x73, 0x65, 0x74, 0x22,
    0x3A, 0x20, 0x31, 0x37, 0x2C, 0x0D, 0x0A, 0x20, 0x20, 0x20, 0x20, 0x20, 0x20, 0x20, 0x20, 0x20,
    0x20, 0x22, 0x72, 0x65, 0x73, 0x75, 0x6C, 0x74, 0x54, 0x79, 0x70, 0x65, 0x22, 0x3A, 0x20, 0x22,
    0x53, 0x79, 0x73, 0x74, 0x65, 0x6D, 0x2E, 0x4F, 0x62, 0x6A, 0x65, 0x63, 0x74, 0x5B, 0x5D, 0x22,
    0x2C, 0x0D, 0x0A, 0x20, 0x20, 0x20, 0x20, 0x20, 0x20, 0x20, 0x20, 0x20, 0x20, 0x22, 0x63, 0x61,
    0x6C, 0x6C, 0x65, 0x65, 0x22, 0x3A, 0x20, 0x22, 0x53, 0x79, 0x73, 0x74, 0x65, 0x6D, 0x2E, 0x50,
    0x72, 0x69, 0x76, 0x61, 0x74, 0x65, 0x2E, 0x43, 0x6F, 0x72, 0x65, 0x4C, 0x69, 0x62, 0x2F, 0x53,
    0x79, 0x73, 0x74, 0x65, 0x6D, 0x2E, 0x52, 0x65, 0x66, 0x6C, 0x65, 0x63, 0x74, 0x69, 0x6F, 0x6E,
    0x2E, 0x41, 0x73, 0x73, 0x65, 0x6D, 0x62, 0x6C, 0x79, 0x3A, 0x3A, 0x47, 0x65, 0x74, 0x43, 0x75,
    0x73, 0x74, 0x6F, 0x6D, 0x41, 0x74, 0x74, 0x72, 0x69, 0x62, 0x75, 0x74, 0x65, 0x73, 0x3A, 0x53,
    0x79, 0x73, 0x74, 0x65, 0x6D, 0x2E, 0x4F, 0x62, 0x6A, 0x65, 0x63, 0x74, 0x5B, 0x5D, 0x28, 0x53,
    0x79, 0x73, 0x74, 0x65, 0x6D, 0x2E, 0x42, 0x6F, 0x6F, 0x6C, 0x65, 0x61, 0x6E, 0x29, 0x22, 0x2C,
    0x0D, 0x0A, 0x20, 0x20, 0x20, 0x20, 0x20, 0x20, 0x20, 0x20, 0x20, 0x20, 0x22, 0x72, 0x65, 0x66,
    0x65, 0x72, 0x65, 0x6E, 0x63, 0x65, 0x22, 0x3A, 0x20, 0x7B, 0x0D, 0x0A, 0x20, 0x20, 0x20, 0x20,
    0x20, 0x20, 0x20, 0x20, 0x20, 0x20, 0x20, 0x20, 0x22, 0x61, 0x73, 0x73, 0x65, 0x6D, 0x62, 0x6C,
    0x79, 0x4E, 0x61, 0x6D, 0x65, 0x22, 0x3A, 0x20, 0x22, 0x53, 0x79, 0x73, 0x74, 0x65, 0x6D, 0x2E,
    0x50, 0x72, 0x69, 0x76, 0x61, 0x74, 0x65, 0x2E, 0x43, 0x6F, 0x72, 0x65, 0x4C, 0x69, 0x62, 0x22,
    0x2C, 0x0D, 0x0A, 0x20, 0x20, 0x20, 0x20, 0x20, 0x20, 0x20, 0x20, 0x20, 0x20, 0x20, 0x20, 0x22,
    0x73, 0x75, 0x62, 0x6A, 0x65, 0x63, 0x74, 0x4B, 0x69, 0x6E, 0x64, 0x22, 0x3A, 0x20, 0x22, 0x6D,
    0x65, 0x74, 0x68, 0x6F, 0x64, 0x22, 0x2C, 0x0D, 0x0A, 0x20, 0x20, 0x20, 0x20, 0x20, 0x20, 0x20,
    0x20, 0x20, 0x20, 0x20, 0x20, 0x22, 0x73, 0x75, 0x62, 0x6A, 0x65, 0x63, 0x74, 0x49, 0x64, 0x22,
    0x3A, 0x20, 0x22, 0x53, 0x79, 0x73, 0x74, 0x65, 0x6D, 0x2E, 0x50, 0x72, 0x69, 0x76, 0x61, 0x74,
    0x65, 0x2E, 0x43, 0x6F, 0x72, 0x65, 0x4C, 0x69, 0x62, 0x2F, 0x53, 0x79, 0x73, 0x74, 0x65, 0x6D,
    0x2E, 0x52, 0x65, 0x66, 0x6C, 0x65, 0x63, 0x74, 0x69, 0x6F, 0x6E, 0x2E, 0x41, 0x73, 0x73, 0x65,
    0x6D, 0x62, 0x6C, 0x79, 0x3A, 0x3A, 0x47, 0x65, 0x74, 0x43, 0x75, 0x73, 0x74, 0x6F, 0x6D, 0x41,
    0x74, 0x74, 0x72, 0x69, 0x62, 0x75, 0x74, 0x65, 0x73, 0x3A, 0x53, 0x79, 0x73, 0x74, 0x65, 0x6D,
    0x2E, 0x4F, 0x62, 0x6A, 0x65, 0x63, 0x74, 0x5B, 0x5D, 0x28, 0x53, 0x79, 0x73, 0x74, 0x65, 0x6D,
    0x2E, 0x42, 0x6F, 0x6F, 0x6C, 0x65, 0x61, 0x6E, 0x29, 0x22, 0x0D, 0x0A, 0x20, 0x20, 0x20, 0x20,
    0x20, 0x20, 0x20, 0x20, 0x20, 0x20, 0x7D, 0x2C, 0x0D, 0x0A, 0x20, 0x20, 0x20, 0x20, 0x20, 0x20,
    0x20, 0x20, 0x20, 0x20, 0x22, 0x74, 0x61, 0x72, 0x67, 0x65, 0x74, 0x52, 0x65, 0x66, 0x65, 0x72,
    0x65, 0x6E, 0x63, 0x65, 0x22, 0x3A, 0x20, 0x7B, 0x0D, 0x0A, 0x20, 0x20, 0x20, 0x20, 0x20, 0x20,
    0x20, 0x20, 0x20, 0x20, 0x20, 0x20, 0x22, 0x6B, 0x69, 0x6E, 0x64, 0x22, 0x3A, 0x20, 0x33, 0x2C,
    0x0D, 0x0A, 0x20, 0x20, 0x20, 0x20, 0x20, 0x20, 0x20, 0x20, 0x20, 0x20, 0x20, 0x20, 0x22, 0x61,
    0x73, 0x73, 0x65, 0x6D, 0x62, 0x6C, 0x79, 0x4E, 0x61, 0x6D, 0x65, 0x22, 0x3A, 0x20, 0x22, 0x53,
    0x79, 0x73, 0x74, 0x65, 0x6D, 0x2E, 0x50, 0x72, 0x69, 0x76, 0x61, 0x74, 0x65, 0x2E, 0x43, 0x6F,
    0x72, 0x65, 0x4C, 0x69, 0x62, 0x22, 0x2C, 0x0D, 0x0A, 0x20, 0x20, 0x20, 0x20, 0x20, 0x20, 0x20,
    0x20, 0x20, 0x20, 0x20, 0x20, 0x22, 0x73, 0x75, 0x62, 0x6A, 0x65, 0x63, 0x74, 0x49, 0x64, 0x22,
    0x3A, 0x20, 0x22, 0x53, 0x79, 0x73, 0x74, 0x65, 0x6D, 0x2E, 0x50, 0x72, 0x69, 0x76, 0x61, 0x74,
    0x65, 0x2E, 0x43, 0x6F, 0x72, 0x65, 0x4C, 0x69, 0x62, 0x2F, 0x53, 0x79, 0x73, 0x74, 0x65, 0x6D,
    0x2E, 0x52, 0x65, 0x66, 0x6C, 0x65, 0x63, 0x74, 0x69, 0x6F, 0x6E, 0x2E, 0x41, 0x73, 0x73, 0x65,
    0x6D, 0x62, 0x6C, 0x79, 0x3A, 0x3A, 0x47, 0x65, 0x74, 0x43, 0x75, 0x73, 0x74, 0x6F, 0x6D, 0x41,
    0x74, 0x74, 0x72, 0x69, 0x62, 0x75, 0x74, 0x65, 0x73, 0x3A, 0x53, 0x79, 0x73, 0x74, 0x65, 0x6D,
    0x2E, 0x4F, 0x62, 0x6A, 0x65, 0x63, 0x74, 0x5B, 0x5D, 0x28, 0x53, 0x79, 0x73, 0x74, 0x65, 0x6D,
    0x2E, 0x42, 0x6F, 0x6F, 0x6C, 0x65, 0x61, 0x6E, 0x29, 0x22, 0x2C, 0x0D, 0x0A, 0x20, 0x20, 0x20,
    0x20, 0x20, 0x20, 0x20, 0x20, 0x20, 0x20, 0x20, 0x20, 0x22, 0x74, 0x79, 0x70, 0x65, 0x53, 0x68,
    0x61, 0x70, 0x65, 0x22, 0x3A, 0x20, 0x30, 0x2C, 0x0D, 0x0A, 0x20, 0x20, 0x20, 0x20, 0x20, 0x20,
    0x20, 0x20, 0x20, 0x20, 0x20, 0x20, 0x22, 0x61, 0x72, 0x72, 0x61, 0x79, 0x45, 0x6C, 0x65, 0x6D,
    0x65, 0x6E, 0x74, 0x54, 0x79, 0x70, 0x65, 0x53, 0x68, 0x61, 0x70, 0x65, 0x22, 0x3A, 0x20, 0x30,
    0x2C, 0x0D, 0x0A, 0x20, 0x20, 0x20, 0x20, 0x20, 0x20, 0x20, 0x20, 0x20, 0x20, 0x20, 0x20, 0x22,
    0x69, 0x73, 0x53, 0x65, 0x61, 0x6C, 0x65, 0x64, 0x22, 0x3A, 0x20, 0x66, 0x61, 0x6C, 0x73, 0x65,
    0x2C, 0x0D, 0x0A, 0x20, 0x20, 0x20, 0x20, 0x20, 0x20, 0x20, 0x20, 0x20, 0x20, 0x20, 0x20, 0x22,
    0x69, 0x73, 0x43, 0x6F, 0x6D, 0x49, 0x6D, 0x70, 0x6F, 0x72, 0x74, 0x22, 0x3A, 0x20, 0x66, 0x61,
    0x6C, 0x73, 0x65, 0x2C, 0x0D, 0x0A, 0x20, 0x20, 0x20, 0x20, 0x20, 0x20, 0x20, 0x20, 0x20, 0x20,
    0x20, 0x20, 0x22, 0x63, 0x6F, 0x6D, 0x49, 0x6E, 0x74, 0x65, 0x72, 0x66, 0x61, 0x63, 0x65, 0x54,
    0x79, 0x70, 0x65, 0x4B, 0x69, 0x6E, 0x64, 0x22, 0x3A, 0x20, 0x30, 0x2C, 0x0D, 0x0A, 0x20, 0x20,
    0x20, 0x20, 0x20, 0x20, 0x20, 0x20, 0x20, 0x20, 0x20, 0x20, 0x22, 0x64, 0x65, 0x63, 0x6C, 0x61,
    0x72, 0x69, 0x6E, 0x67, 0x54, 0x79, 0x70, 0x65, 0x53, 0x68, 0x61, 0x70, 0x65, 0x22, 0x3A, 0x20,
    0x30, 0x0D, 0x0A, 0x20, 0x20, 0x20, 0x20, 0x20, 0x20, 0x20, 0x20, 0x20, 0x20, 0x7D, 0x2C, 0x0D,
    0x0A, 0x20, 0x20, 0x20, 0x20, 0x20, 0x20, 0x20, 0x20, 0x20, 0x20, 0x22, 0x64, 0x69, 0x73, 0x70,
    0x61, 0x74, 0x63, 0x68, 0x4B, 0x69, 0x6E, 0x64, 0x43, 0x6F, 0x64, 0x65, 0x22, 0x3A, 0x20, 0x34,
    0x2C, 0x0D, 0x0A, 0x20, 0x20, 0x20, 0x20, 0x20, 0x20, 0x20, 0x20, 0x20, 0x20, 0x22, 0x69, 0x73,
    0x50, 0x72, 0x65, 0x73, 0x65, 0x72, 0x76, 0x65, 0x53, 0x69, 0x67, 0x22, 0x3A, 0x20, 0x66, 0x61,
    0x6C, 0x73, 0x65, 0x0D, 0x0A, 0x20, 0x20, 0x20, 0x20, 0x20, 0x20, 0x20, 0x20, 0x7D, 0x2C, 0x0D,
    0x0A, 0x20, 0x20, 0x20, 0x20, 0x20, 0x20, 0x20, 0x20, 0x7B, 0x0D, 0x0A, 0x20, 0x20, 0x20, 0x20,
    0x20, 0x20, 0x20, 0x20, 0x20, 0x20, 0x22, 0x6F, 0x70, 0x22, 0x3A, 0x20, 0x22, 0x63, 0x61, 0x6C,
    0x6C, 0x22, 0x2C, 0x0D, 0x0A, 0x20, 0x20, 0x20, 0x20, 0x20, 0x20, 0x20, 0x20, 0x20, 0x20, 0x22,
    0x6F, 0x70, 0x43, 0x6F, 0x64, 0x65, 0x22, 0x3A, 0x20, 0x31, 0x34, 0x2C, 0x0D, 0x0A, 0x20, 0x20,
    0x20, 0x20, 0x20, 0x20, 0x20, 0x20, 0x20, 0x20, 0x22, 0x69, 0x6C, 0x4F, 0x66, 0x66, 0x73, 0x65,
    0x74, 0x22, 0x3A, 0x20, 0x32, 0x32, 0x2C, 0x0D, 0x0A, 0x20, 0x20, 0x20, 0x20, 0x20, 0x20, 0x20,
    0x20, 0x20, 0x20, 0x22, 0x72, 0x65, 0x73, 0x75, 0x6C, 0x74, 0x54, 0x79, 0x70, 0x65, 0x22, 0x3A,
    0x20, 0x22, 0x53, 0x79, 0x73, 0x74, 0x65, 0x6D, 0x2E, 0x43, 0x6F, 0x6C, 0x6C, 0x65, 0x63, 0x74,
    0x69, 0x6F, 0x6E, 0x73, 0x2E, 0x47, 0x65, 0x6E, 0x65, 0x72, 0x69, 0x63, 0x2E, 0x49, 0x45, 0x6E,
    0x75, 0x6D, 0x65, 0x72, 0x61, 0x62, 0x6C, 0x65, 0x5C, 0x75, 0x30, 0x30, 0x33, 0x43, 0x53, 0x79,
    0x73, 0x74, 0x65, 0x6D, 0x2E, 0x41, 0x74, 0x74, 0x72, 0x69, 0x62, 0x75, 0x74, 0x65, 0x5C, 0x75,
    0x30, 0x30, 0x33, 0x45, 0x22, 0x2C, 0x0D, 0x0A, 0x20, 0x20, 0x20, 0x20, 0x20, 0x20, 0x20, 0x20,
    0x20, 0x20, 0x22, 0x63, 0x61, 0x6C, 0x6C, 0x65, 0x65, 0x22, 0x3A, 0x20, 0x22, 0x53, 0x79, 0x73,
    0x74, 0x65, 0x6D, 0x2E, 0x4C, 0x69, 0x6E, 0x71, 0x2F, 0x45, 0x6E, 0x75, 0x6D, 0x65, 0x72, 0x61,
    0x62, 0x6C, 0x65, 0x3A, 0x3A, 0x43, 0x61, 0x73, 0x74, 0x5C, 0x75, 0x30, 0x30, 0x33, 0x43, 0x53,
    0x79, 0x73, 0x74, 0x65, 0x6D, 0x2E, 0x41, 0x74, 0x74, 0x72, 0x69, 0x62, 0x75, 0x74, 0x65, 0x5C,
    0x75, 0x30, 0x30, 0x33, 0x45, 0x3A, 0x53, 0x79, 0x73, 0x74, 0x65, 0x6D, 0x2E, 0x43, 0x6F, 0x6C,
    0x6C, 0x65, 0x63, 0x74, 0x69, 0x6F, 0x6E, 0x73, 0x2E, 0x47, 0x65, 0x6E, 0x65, 0x72, 0x69, 0x63,
    0x2E, 0x49, 0x45, 0x6E, 0x75, 0x6D, 0x65, 0x72, 0x61, 0x62, 0x6C, 0x65, 0x5C, 0x75, 0x30, 0x30,
    0x33, 0x43, 0x53, 0x79, 0x73, 0x74, 0x65, 0x6D, 0x2E, 0x41, 0x74, 0x74, 0x72, 0x69, 0x62, 0x75,
    0x74, 0x65, 0x5C, 0x75, 0x30, 0x30, 0x33, 0x45, 0x28, 0x53, 0x79, 0x73, 0x74, 0x65, 0x6D, 0x2E,
    0x43, 0x6F, 0x6C, 0x6C, 0x65, 0x63, 0x74, 0x69, 0x6F, 0x6E, 0x73, 0x2E, 0x49, 0x45, 0x6E, 0x75,
    0x6D, 0x65, 0x72, 0x61, 0x62, 0x6C, 0x65, 0x29, 0x22, 0x2C, 0x0D, 0x0A, 0x20, 0x20, 0x20, 0x20,
    0x20, 0x20, 0x20, 0x20, 0x20, 0x20, 0x22, 0x72, 0x65, 0x66, 0x65, 0x72, 0x65, 0x6E, 0x63, 0x65,
    0x22, 0x3A, 0x20, 0x7B, 0x0D, 0x0A, 0x20, 0x20, 0x20, 0x20, 0x20, 0x20, 0x20, 0x20, 0x20, 0x20,
    0x20, 0x20, 0x22, 0x61, 0x73, 0x73, 0x65, 0x6D, 0x62, 0x6C, 0x79, 0x4E, 0x61, 0x6D, 0x65, 0x22,
    0x3A, 0x20, 0x22, 0x53, 0x79, 0x73, 0x74, 0x65, 0x6D, 0x2E, 0x4C, 0x69, 0x6E, 0x71, 0x22, 0x2C,
    0x0D, 0x0A, 0x20, 0x20, 0x20, 0x20, 0x20, 0x20, 0x20, 0x20, 0x20, 0x20, 0x20, 0x20, 0x22, 0x73,
    0x75, 0x62, 0x6A, 0x65, 0x63, 0x74, 0x4B, 0x69, 0x6E, 0x64, 0x22, 0x3A, 0x20, 0x22, 0x6D, 0x65,
    0x74, 0x68, 0x6F, 0x64, 0x22, 0x2C, 0x0D, 0x0A, 0x20, 0x20, 0x20, 0x20, 0x20, 0x20, 0x20, 0x20,
    0x20, 0x20, 0x20, 0x20, 0x22, 0x73, 0x75, 0x62, 0x6A, 0x65, 0x63, 0x74, 0x49, 0x64, 0x22, 0x3A,
    0x20, 0x22, 0x53, 0x79, 0x73, 0x74, 0x65, 0x6D, 0x2E, 0x4C, 0x69, 0x6E, 0x71, 0x2F, 0x45, 0x6E,
    0x75, 0x6D, 0x65, 0x72, 0x61, 0x62, 0x6C, 0x65, 0x3A, 0x3A, 0x43, 0x61, 0x73, 0x74, 0x5C, 0x75,
    0x30, 0x30, 0x33, 0x43, 0x53, 0x79, 0x73, 0x74, 0x65, 0x6D, 0x2E, 0x41, 0x74, 0x74, 0x72, 0x69,
    0x62, 0x75, 0x74, 0x65, 0x5C, 0x75, 0x30, 0x30, 0x33, 0x45, 0x3A, 0x53, 0x79, 0x73, 0x74, 0x65,
    0x6D, 0x2E, 0x43, 0x6F, 0x6C, 0x6C, 0x65, 0x63, 0x74, 0x69, 0x6F, 0x6E, 0x73, 0x2E, 0x47, 0x65,
    0x6E, 0x65, 0x72, 0x69, 0x63, 0x2E, 0x49, 0x45, 0x6E, 0x75, 0x6D, 0x65, 0x72, 0x61, 0x62, 0x6C,
    0x65, 0x5C, 0x75, 0x30, 0x30, 0x33, 0x43, 0x53, 0x79, 0x73, 0x74, 0x65, 0x6D, 0x2E, 0x41, 0x74,
    0x74, 0x72, 0x69, 0x62, 0x75, 0x74, 0x65, 0x5C, 0x75, 0x30, 0x30, 0x33, 0x45, 0x28, 0x53, 0x79,
    0x73, 0x74, 0x65, 0x6D, 0x2E, 0x43, 0x6F, 0x6C, 0x6C, 0x65, 0x63, 0x74, 0x69, 0x6F, 0x6E, 0x73,
    0x2E, 0x49, 0x45, 0x6E, 0x75, 0x6D, 0x65, 0x72, 0x61, 0x62, 0x6C, 0x65, 0x29, 0x22, 0x0D, 0x0A,
    0x20, 0x20, 0x20, 0x20, 0x20, 0x20, 0x20, 0x20, 0x20, 0x20, 0x7D, 0x2C, 0x0D, 0x0A, 0x20, 0x20,
    0x20, 0x20, 0x20, 0x20, 0x20, 0x20, 0x20, 0x20, 0x22, 0x74, 0x61, 0x72, 0x67, 0x65, 0x74, 0x52,
    0x65, 0x66, 0x65, 0x72, 0x65, 0x6E, 0x63, 0x65, 0x22, 0x3A, 0x20, 0x7B, 0x0D, 0x0A, 0x20, 0x20,
    0x20, 0x20, 0x20, 0x20, 0x20, 0x20, 0x20, 0x20, 0x20, 0x20, 0x22, 0x6B, 0x69, 0x6E, 0x64, 0x22,
    0x3A, 0x20, 0x33, 0x2C, 0x0D, 0x0A, 0x20, 0x20, 0x20, 0x20, 0x20, 0x20, 0x20, 0x20, 0x20, 0x20,
    0x20, 0x20, 0x22, 0x61, 0x73, 0x73, 0x65, 0x6D, 0x62, 0x6C, 0x79, 0x4E, 0x61, 0x6D, 0x65, 0x22,
    0x3A, 0x20, 0x22, 0x53, 0x79, 0x73, 0x74, 0x65, 0x6D, 0x2E, 0x4C, 0x69, 0x6E, 0x71, 0x22, 0x2C,
    0x0D, 0x0A, 0x20, 0x20, 0x20, 0x20, 0x20, 0x20, 0x20, 0x20, 0x20, 0x20, 0x20, 0x20, 0x22, 0x73,
    0x75, 0x62, 0x6A, 0x65, 0x63, 0x74, 0x49, 0x64, 0x22, 0x3A, 0x20, 0x22, 0x53, 0x79, 0x73, 0x74,
    0x65, 0x6D, 0x2E, 0x4C, 0x69, 0x6E, 0x71, 0x2F, 0x45, 0x6E, 0x75, 0x6D, 0x65, 0x72, 0x61, 0x62,
    0x6C, 0x65, 0x3A, 0x3A, 0x43, 0x61, 0x73, 0x74, 0x5C, 0x75, 0x30, 0x30, 0x33, 0x43, 0x53, 0x79,
    0x73, 0x74, 0x65, 0x6D, 0x2E, 0x41, 0x74, 0x74, 0x72, 0x69, 0x62, 0x75, 0x74, 0x65, 0x5C, 0x75,
    0x30, 0x30, 0x33, 0x45, 0x3A, 0x53, 0x79, 0x73, 0x74, 0x65, 0x6D, 0x2E, 0x43, 0x6F, 0x6C, 0x6C,
    0x65, 0x63, 0x74, 0x69, 0x6F, 0x6E, 0x73, 0x2E, 0x47, 0x65, 0x6E, 0x65, 0x72, 0x69, 0x63, 0x2E,
    0x49, 0x45, 0x6E, 0x75, 0x6D, 0x65, 0x72, 0x61, 0x62, 0x6C, 0x65, 0x5C, 0x75, 0x30, 0x30, 0x33,
    0x43, 0x53, 0x79, 0x73, 0x74, 0x65, 0x6D, 0x2E, 0x41, 0x74, 0x74, 0x72, 0x69, 0x62, 0x75, 0x74,
    0x65, 0x5C, 0x75, 0x30, 0x30, 0x33, 0x45, 0x28, 0x53, 0x79, 0x73, 0x74, 0x65, 0x6D, 0x2E, 0x43,
    0x6F, 0x6C, 0x6C, 0x65, 0x63, 0x74, 0x69, 0x6F, 0x6E, 0x73, 0x2E, 0x49, 0x45, 0x6E, 0x75, 0x6D,
    0x65, 0x72, 0x61, 0x62, 0x6C, 0x65, 0x29, 0x22, 0x2C, 0x0D, 0x0A, 0x20, 0x20, 0x20, 0x20, 0x20,
    0x20, 0x20, 0x20, 0x20, 0x20, 0x20, 0x20, 0x22, 0x6F, 0x70, 0x65, 0x6E, 0x44, 0x65, 0x66, 0x69,
    0x6E, 0x69, 0x74, 0x69, 0x6F, 0x6E, 0x53, 0x75, 0x62, 0x6A, 0x65, 0x63, 0x74, 0x49, 0x64, 0x22,
    0x3A, 0x20, 0x22, 0x53, 0x79, 0x73, 0x74, 0x65, 0x6D, 0x2E, 0x4C, 0x69, 0x6E, 0x71, 0x2F, 0x45,
    0x6E, 0x75, 0x6D, 0x65, 0x72, 0x61, 0x62, 0x6C, 0x65, 0x3A, 0x3A, 0x43, 0x61, 0x73, 0x74, 0x3A,
    0x53, 0x79, 0x73, 0x74, 0x65, 0x6D, 0x2E, 0x43, 0x6F, 0x6C, 0x6C, 0x65, 0x63, 0x74, 0x69, 0x6F,
    0x6E, 0x73, 0x2E, 0x47, 0x65, 0x6E, 0x65, 0x72, 0x69, 0x63, 0x2E, 0x49, 0x45, 0x6E, 0x75, 0x6D,
    0x65, 0x72, 0x61, 0x62, 0x6C, 0x65, 0x5C, 0x75, 0x30, 0x30, 0x33, 0x43, 0x21, 0x21, 0x30, 0x5C,
    0x75, 0x30, 0x30, 0x33, 0x45, 0x28, 0x53, 0x79, 0x73, 0x74, 0x65, 0x6D, 0x2E, 0x43, 0x6F, 0x6C,
    0x6C, 0x65, 0x63, 0x74, 0x69, 0x6F, 0x6E, 0x73, 0x2E, 0x49, 0x45, 0x6E, 0x75, 0x6D, 0x65, 0x72,
    0x61, 0x62, 0x6C, 0x65, 0x29, 0x22, 0x2C, 0x0D, 0x0A, 0x20, 0x20, 0x20, 0x20, 0x20, 0x20, 0x20,
    0x20, 0x20, 0x20, 0x20, 0x20, 0x22, 0x73, 0x68, 0x61, 0x72, 0x65, 0x64, 0x47, 0x65, 0x6E, 0x65,
    0x72, 0x69, 0x63, 0x42, 0x6F, 0x64, 0x79, 0x49, 0x64, 0x22, 0x3A, 0x20, 0x7B, 0x0D, 0x0A, 0x20,
    0x20, 0x20, 0x20, 0x20, 0x20, 0x20, 0x20, 0x20, 0x20, 0x20, 0x20, 0x20, 0x20, 0x22, 0x76, 0x61,
    0x6C, 0x75, 0x65, 0x22, 0x3A, 0x20, 0x22, 0x62, 0x6F, 0x64, 0x79, 0x3A, 0x64, 0x65, 0x66, 0x69,
    0x6E, 0x69, 0x74, 0x69, 0x6F, 0x6E, 0x3D, 0x53, 0x79, 0x73, 0x74, 0x65, 0x6D, 0x2E, 0x4C, 0x69,
    0x6E, 0x71, 0x2F, 0x45, 0x6E, 0x75, 0x6D, 0x65, 0x72, 0x61, 0x62, 0x6C, 0x65, 0x3A, 0x3A, 0x43,
    0x61, 0x73, 0x74, 0x3A, 0x53, 0x79, 0x73, 0x74, 0x65, 0x6D, 0x2E, 0x43, 0x6F, 0x6C, 0x6C, 0x65,
    0x63, 0x74, 0x69, 0x6F, 0x6E, 0x73, 0x2E, 0x47, 0x65, 0x6E, 0x65, 0x72, 0x69, 0x63, 0x2E, 0x49,
    0x45, 0x6E, 0x75, 0x6D, 0x65, 0x72, 0x61, 0x62, 0x6C, 0x65, 0x5C, 0x75, 0x30, 0x30, 0x33, 0x43,
    0x21, 0x21, 0x30, 0x5C, 0x75, 0x30, 0x30, 0x33, 0x45, 0x28, 0x53, 0x79, 0x73, 0x74, 0x65, 0x6D,
    0x2E, 0x43, 0x6F, 0x6C, 0x6C, 0x65, 0x63, 0x74, 0x69, 0x6F, 0x6E, 0x73, 0x2E, 0x49, 0x45, 0x6E,
    0x75, 0x6D, 0x65, 0x72, 0x61, 0x62, 0x6C, 0x65, 0x29, 0x3B, 0x74, 0x79, 0x70, 0x65, 0x3D, 0x5B,
    0x5D, 0x3B, 0x6D, 0x65, 0x74, 0x68, 0x6F, 0x64, 0x3D, 0x5B, 0x53, 0x79, 0x73, 0x74, 0x65, 0x6D,
    0x2E, 0x41, 0x74, 0x74, 0x72, 0x69, 0x62, 0x75, 0x74, 0x65, 0x5D, 0x22, 0x0D, 0x0A, 0x20, 0x20,
    0x20, 0x20, 0x20, 0x20, 0x20, 0x20, 0x20, 0x20, 0x20, 0x20, 0x7D, 0x2C, 0x0D, 0x0A, 0x20, 0x20,
    0x20, 0x20, 0x20, 0x20, 0x20, 0x20, 0x20, 0x20, 0x20, 0x20, 0x22, 0x69, 0x6E, 0x73, 0x74, 0x61,
    0x6E, 0x74, 0x69, 0x61, 0x74, 0x69, 0x6F, 0x6E, 0x53, 0x74, 0x75, 0x62, 0x49, 0x64, 0x22, 0x3A,
    0x20, 0x7B, 0x0D, 0x0A, 0x20, 0x20, 0x20, 0x20, 0x20, 0x20, 0x20, 0x20, 0x20, 0x20, 0x20, 0x20,
    0x20, 0x20, 0x22, 0x76, 0x61, 0x6C, 0x75, 0x65, 0x22, 0x3A, 0x20, 0x22, 0x73, 0x74, 0x75, 0x62,
    0x3A, 0x64, 0x65, 0x66, 0x69, 0x6E, 0x69, 0x74, 0x69, 0x6F, 0x6E, 0x3D, 0x53, 0x79, 0x73, 0x74,
    0x65, 0x6D, 0x2E, 0x4C, 0x69, 0x6E, 0x71, 0x2F, 0x45, 0x6E, 0x75, 0x6D, 0x65, 0x72, 0x61, 0x62,
    0x6C, 0x65, 0x3A, 0x3A, 0x43, 0x61, 0x73, 0x74, 0x3A, 0x53, 0x79, 0x73, 0x74, 0x65, 0x6D, 0x2E,
    0x43, 0x6F, 0x6C, 0x6C, 0x65, 0x63, 0x74, 0x69, 0x6F, 0x6E, 0x73, 0x2E, 0x47, 0x65, 0x6E, 0x65,
    0x72, 0x69, 0x63, 0x2E, 0x49, 0x45, 0x6E, 0x75, 0x6D, 0x65, 0x72, 0x61, 0x62, 0x6C, 0x65, 0x5C,
    0x75, 0x30, 0x30, 0x33, 0x43, 0x21, 0x21, 0x30, 0x5C, 0x75, 0x30, 0x30, 0x33, 0x45, 0x28, 0x53,
    0x79, 0x73, 0x74, 0x65, 0x6D, 0x2E, 0x43, 0x6F, 0x6C, 0x6C, 0x65, 0x63, 0x74, 0x69, 0x6F, 0x6E,
    0x73, 0x2E, 0x49, 0x45, 0x6E, 0x75, 0x6D, 0x65, 0x72, 0x61, 0x62, 0x6C, 0x65, 0x29, 0x3B, 0x74,
    0x79, 0x70, 0x65, 0x3D, 0x5B, 0x5D, 0x3B, 0x6D, 0x65, 0x74, 0x68, 0x6F, 0x64, 0x3D, 0x5B, 0x53,
    0x79, 0x73, 0x74, 0x65, 0x6D, 0x2E, 0x41, 0x74, 0x74, 0x72, 0x69, 0x62, 0x75, 0x74, 0x65, 0x5D,
    0x22, 0x0D, 0x0A, 0x20, 0x20, 0x20, 0x20, 0x20, 0x20, 0x20, 0x20, 0x20, 0x20, 0x20, 0x20, 0x7D,
    0x2C, 0x0D, 0x0A, 0x20, 0x20, 0x20, 0x20, 0x20, 0x20, 0x20, 0x20, 0x20, 0x20, 0x20, 0x20, 0x22,
    0x72, 0x75, 0x6E, 0x74, 0x69, 0x6D, 0x65, 0x47, 0x65, 0x6E, 0x65, 0x72, 0x69, 0x63, 0x43, 0x6F,
    0x6E, 0x74, 0x65, 0x78, 0x74, 0x22, 0x3A, 0x20, 0x7B, 0x0D, 0x0A, 0x20, 0x20, 0x20, 0x20, 0x20,
    0x20, 0x20, 0x20, 0x20, 0x20, 0x20, 0x20, 0x20, 0x20, 0x22, 0x69, 0x6E, 0x73, 0x74, 0x61, 0x6E,
    0x74, 0x69, 0x61, 0x74, 0x69, 0x6F, 0x6E, 0x4B, 0x65, 0x79, 0x22, 0x3A, 0x20, 0x7B, 0x0D, 0x0A,
    0x20, 0x20, 0x20, 0x20, 0x20, 0x20, 0x20, 0x20, 0x20, 0x20, 0x20, 0x20, 0x20, 0x20, 0x20, 0x20,
    0x22, 0x63, 0x6F, 0x6E, 0x74, 0x65, 0x78, 0x74, 0x4B, 0x69, 0x6E, 0x64, 0x22, 0x3A, 0x20, 0x32,
    0x2C, 0x0D, 0x0A, 0x20, 0x20, 0x20, 0x20, 0x20, 0x20, 0x20, 0x20, 0x20, 0x20, 0x20, 0x20, 0x20,
    0x20, 0x20, 0x20, 0x22, 0x64, 0x65, 0x66, 0x69, 0x6E, 0x69, 0x74, 0x69, 0x6F, 0x6E, 0x53, 0x75,
    0x62, 0x6A, 0x65, 0x63, 0x74, 0x49, 0x64, 0x22, 0x3A, 0x20, 0x22, 0x53, 0x79, 0x73, 0x74, 0x65,
    0x6D, 0x2E, 0x4C, 0x69, 0x6E, 0x71, 0x2F, 0x45, 0x6E, 0x75, 0x6D, 0x65, 0x72, 0x61, 0x62, 0x6C,
    0x65, 0x3A, 0x3A, 0x43, 0x61, 0x73, 0x74, 0x3A, 0x53, 0x79, 0x73, 0x74, 0x65, 0x6D, 0x2E, 0x43,
    0x6F, 0x6C, 0x6C, 0x65, 0x63, 0x74, 0x69, 0x6F, 0x6E, 0x73, 0x2E, 0x47, 0x65, 0x6E, 0x65, 0x72,
    0x69, 0x63, 0x2E, 0x49, 0x45, 0x6E, 0x75, 0x6D, 0x65, 0x72, 0x61, 0x62, 0x6C, 0x65, 0x5C, 0x75,
    0x30, 0x30, 0x33, 0x43, 0x21, 0x21, 0x30, 0x5C, 0x75, 0x30, 0x30, 0x33, 0x45, 0x28, 0x53, 0x79,
    0x73, 0x74, 0x65, 0x6D, 0x2E, 0x43, 0x6F, 0x6C, 0x6C, 0x65, 0x63, 0x74, 0x69, 0x6F, 0x6E, 0x73,
    0x2E, 0x49, 0x45, 0x6E, 0x75, 0x6D, 0x65, 0x72, 0x61, 0x62, 0x6C, 0x65, 0x29, 0x22, 0x2C, 0x0D,
    0x0A, 0x20, 0x20, 0x20, 0x20, 0x20, 0x20, 0x20, 0x20, 0x20, 0x20, 0x20, 0x20, 0x20, 0x20, 0x20,
    0x20, 0x22, 0x74, 0x79, 0x70, 0x65, 0x41, 0x72, 0x67, 0x75, 0x6D, 0x65, 0x6E, 0x74, 0x73, 0x22,
    0x3A, 0x20, 0x5B, 0x5D, 0x2C, 0x0D, 0x0A, 0x20, 0x20, 0x20, 0x20, 0x20, 0x20, 0x20, 0x20, 0x20,
    0x20, 0x20, 0x20, 0x20, 0x20, 0x20, 0x20, 0x22, 0x6D, 0x65, 0x74, 0x68, 0x6F, 0x64, 0x41, 0x72,
    0x67, 0x75, 0x6D, 0x65, 0x6E, 0x74, 0x73, 0x22, 0x3A, 0x20, 0x5B, 0x0D, 0x0A, 0x20, 0x20, 0x20,
    0x20, 0x20, 0x20, 0x20, 0x20, 0x20, 0x20, 0x20, 0x20, 0x20, 0x20, 0x20, 0x20, 0x20, 0x20, 0x22,
    0x53, 0x79, 0x73, 0x74, 0x65, 0x6D, 0x2E, 0x41, 0x74, 0x74, 0x72, 0x69, 0x62, 0x75, 0x74, 0x65,
    0x22, 0x0D, 0x0A, 0x20, 0x20, 0x20, 0x20, 0x20, 0x20, 0x20, 0x20, 0x20, 0x20, 0x20, 0x20, 0x20,
    0x20, 0x20, 0x20, 0x5D, 0x0D, 0x0A, 0x20, 0x20, 0x20, 0x20, 0x20, 0x20, 0x20, 0x20, 0x20, 0x20,
    0x20, 0x20, 0x20, 0x20, 0x7D, 0x2C, 0x0D, 0x0A, 0x20, 0x20, 0x20, 0x20, 0x20, 0x20, 0x20, 0x20,
    0x20, 0x20, 0x20, 0x20, 0x20, 0x20, 0x22, 0x73, 0x68, 0x61, 0x72, 0x65, 0x64, 0x47, 0x65, 0x6E,
    0x65, 0x72, 0x69, 0x63, 0x42, 0x6F, 0x64, 0x79, 0x49, 0x64, 0x22, 0x3A, 0x20, 0x7B, 0x0D, 0x0A,
    0x20, 0x20, 0x20, 0x20, 0x20, 0x20, 0x20, 0x20, 0x20, 0x20, 0x20, 0x20, 0x20, 0x20, 0x20, 0x20,
    0x22, 0x76, 0x61, 0x6C, 0x75, 0x65, 0x22, 0x3A, 0x20, 0x22, 0x62, 0x6F, 0x64, 0x79, 0x3A, 0x64,
    0x65, 0x66, 0x69, 0x6E, 0x69, 0x74, 0x69, 0x6F, 0x6E, 0x3D, 0x53, 0x79, 0x73, 0x74, 0x65, 0x6D,
    0x2E, 0x4C, 0x69, 0x6E, 0x71, 0x2F, 0x45, 0x6E, 0x75, 0x6D, 0x65, 0x72, 0x61, 0x62, 0x6C, 0x65,
    0x3A, 0x3A, 0x43, 0x61, 0x73, 0x74, 0x3A, 0x53, 0x79, 0x73, 0x74, 0x65, 0x6D, 0x2E, 0x43, 0x6F,
    0x6C, 0x6C, 0x65, 0x63, 0x74, 0x69, 0x6F, 0x6E, 0x73, 0x2E, 0x47, 0x65, 0x6E, 0x65, 0x72, 0x69,
    0x63, 0x2E, 0x49, 0x45, 0x6E, 0x75, 0x6D, 0x65, 0x72, 0x61, 0x62, 0x6C, 0x65, 0x5C, 0x75, 0x30,
    0x30, 0x33, 0x43, 0x21, 0x21, 0x30, 0x5C, 0x75, 0x30, 0x30, 0x33, 0x45, 0x28, 0x53, 0x79, 0x73,
    0x74, 0x65, 0x6D, 0x2E, 0x43, 0x6F, 0x6C, 0x6C, 0x65, 0x63, 0x74, 0x69, 0x6F, 0x6E, 0x73, 0x2E,
    0x49, 0x45, 0x6E, 0x75, 0x6D, 0x65, 0x72, 0x61, 0x62, 0x6C, 0x65, 0x29, 0x3B, 0x74, 0x79, 0x70,
    0x65, 0x3D, 0x5B, 0x5D, 0x3B, 0x6D, 0x65, 0x74, 0x68, 0x6F, 0x64, 0x3D, 0x5B, 0x53, 0x79, 0x73,
    0x74, 0x65, 0x6D, 0x2E, 0x41, 0x74, 0x74, 0x72, 0x69, 0x62, 0x75, 0x74, 0x65, 0x5D, 0x22, 0x0D,
    0x0A, 0x20, 0x20, 0x20, 0x20, 0x20, 0x20, 0x20, 0x20, 0x20, 0x20, 0x20, 0x20, 0x20, 0x20, 0x7D,
    0x2C, 0x0D, 0x0A, 0x20, 0x20, 0x20, 0x20, 0x20, 0x20, 0x20, 0x20, 0x20, 0x20, 0x20, 0x20, 0x20,
    0x20, 0x22, 0x69, 0x6E, 0x73, 0x74, 0x61, 0x6E, 0x74, 0x69, 0x61, 0x74, 0x69, 0x6F, 0x6E, 0x53,
    0x74, 0x75, 0x62, 0x49, 0x64, 0x22, 0x3A, 0x20, 0x7B, 0x0D, 0x0A, 0x20, 0x20, 0x20, 0x20, 0x20,
    0x20, 0x20, 0x20, 0x20, 0x20, 0x20, 0x20, 0x20, 0x20, 0x20, 0x20, 0x22, 0x76, 0x61, 0x6C, 0x75,
    0x65, 0x22, 0x3A, 0x20, 0x22, 0x73, 0x74, 0x75, 0x62, 0x3A, 0x64, 0x65, 0x66, 0x69, 0x6E, 0x69,
    0x74, 0x69, 0x6F, 0x6E, 0x3D, 0x53, 0x79, 0x73, 0x74, 0x65, 0x6D, 0x2E, 0x4C, 0x69, 0x6E, 0x71,
    0x2F, 0x45, 0x6E, 0x75, 0x6D, 0x65, 0x72, 0x61, 0x62, 0x6C, 0x65, 0x3A, 0x3A, 0x43, 0x61, 0x73,
    0x74, 0x3A, 0x53, 0x79, 0x73, 0x74, 0x65, 0x6D, 0x2E, 0x43, 0x6F, 0x6C, 0x6C, 0x65, 0x63, 0x74,
    0x69, 0x6F, 0x6E, 0x73, 0x2E, 0x47, 0x65, 0x6E, 0x65, 0x72, 0x69, 0x63, 0x2E, 0x49, 0x45, 0x6E,
    0x75, 0x6D, 0x65, 0x72, 0x61, 0x62, 0x6C, 0x65, 0x5C, 0x75, 0x30, 0x30, 0x33, 0x43, 0x21, 0x21,
    0x30, 0x5C, 0x75, 0x30, 0x30, 0x33, 0x45, 0x28, 0x53, 0x79, 0x73, 0x74, 0x65, 0x6D, 0x2E, 0x43,
    0x6F, 0x6C, 0x6C, 0x65, 0x63, 0x74, 0x69, 0x6F, 0x6E, 0x73, 0x2E, 0x49, 0x45, 0x6E, 0x75, 0x6D,
    0x65, 0x72, 0x61, 0x62, 0x6C, 0x65, 0x29, 0x3B, 0x74, 0x79, 0x70, 0x65, 0x3D, 0x5B, 0x5D, 0x3B,
    0x6D, 0x65, 0x74, 0x68, 0x6F, 0x64, 0x3D, 0x5B, 0x53, 0x79, 0x73, 0x74, 0x65, 0x6D, 0x2E, 0x41,
    0x74, 0x74, 0x72, 0x69, 0x62, 0x75, 0x74, 0x65, 0x5D, 0x22, 0x0D, 0x0A, 0x20, 0x20, 0x20, 0x20,
    0x20, 0x20, 0x20, 0x20, 0x20, 0x20, 0x20, 0x20, 0x20, 0x20, 0x7D, 0x2C, 0x0D, 0x0A, 0x20, 0x20,
    0x20, 0x20, 0x20, 0x20, 0x20, 0x20, 0x20, 0x20, 0x20, 0x20, 0x20, 0x20, 0x22, 0x73, 0x75, 0x70,
    0x70, 0x6F, 0x72, 0x74, 0x4B, 0x69, 0x6E, 0x64, 0x43, 0x6F, 0x64, 0x65, 0x22, 0x3A, 0x20, 0x33,
    0x2C, 0x0D, 0x0A, 0x20, 0x20, 0x20, 0x20, 0x20, 0x20, 0x20, 0x20, 0x20, 0x20, 0x20, 0x20, 0x20,
    0x20, 0x22, 0x73, 0x70, 0x65, 0x63, 0x69, 0x61, 0x6C, 0x69, 0x7A, 0x61, 0x74, 0x69, 0x6F, 0x6E,
    0x4B, 0x69, 0x6E, 0x64, 0x43, 0x6F, 0x64, 0x65, 0x22, 0x3A, 0x20, 0x31, 0x2C, 0x0D, 0x0A, 0x20,
    0x20, 0x20, 0x20, 0x20, 0x20, 0x20, 0x20, 0x20, 0x20, 0x20, 0x20, 0x20, 0x20, 0x22, 0x73, 0x74,
    0x61, 0x74, 0x75, 0x73, 0x52, 0x65, 0x61, 0x73, 0x6F, 0x6E, 0x43, 0x6F, 0x64, 0x65, 0x22, 0x3A,
    0x20, 0x22, 0x6C, 0x6F, 0x61, 0x64, 0x65, 0x72, 0x2D, 0x64, 0x65, 0x6D, 0x61, 0x6E, 0x64, 0x3A,
    0x6D, 0x65, 0x74, 0x68, 0x6F, 0x64, 0x53, 0x70, 0x65, 0x63, 0x22, 0x0D, 0x0A, 0x20, 0x20, 0x20,
    0x20, 0x20, 0x20, 0x20, 0x20, 0x20, 0x20, 0x20, 0x20, 0x7D, 0x2C, 0x0D, 0x0A, 0x20, 0x20, 0x20,
    0x20, 0x20, 0x20, 0x20, 0x20, 0x20, 0x20, 0x20, 0x20, 0x22, 0x67, 0x65, 0x6E, 0x65, 0x72, 0x69,
    0x63, 0x44, 0x69, 0x61, 0x67, 0x6E, 0x6F, 0x73, 0x74, 0x69, 0x63, 0x22, 0x3A, 0x20, 0x7B, 0x0D,
    0x0A, 0x20, 0x20, 0x20, 0x20, 0x20, 0x20, 0x20, 0x20, 0x20, 0x20, 0x20, 0x20, 0x20, 0x20, 0x22,
    0x73, 0x75, 0x62, 0x6A, 0x65, 0x63, 0x74, 0x49, 0x64, 0x22, 0x3A, 0x20, 0x22, 0x53, 0x79, 0x73,
    0x74, 0x65, 0x6D, 0x2E, 0x4C, 0x69, 0x6E, 0x71, 0x2F, 0x45, 0x6E, 0x75, 0x6D, 0x65, 0x72, 0x61,
    0x62, 0x6C, 0x65, 0x3A, 0x3A, 0x43, 0x61, 0x73, 0x74, 0x5C, 0x75, 0x30, 0x30, 0x33, 0x43, 0x53,
    0x79, 0x73, 0x74, 0x65, 0x6D, 0x2E, 0x41, 0x74, 0x74, 0x72, 0x69, 0x62, 0x75, 0x74, 0x65, 0x5C,
    0x75, 0x30, 0x30, 0x33, 0x45, 0x3A, 0x53, 0x79, 0x73, 0x74, 0x65, 0x6D, 0x2E, 0x43, 0x6F, 0x6C,
    0x6C, 0x65, 0x63, 0x74, 0x69, 0x6F, 0x6E, 0x73, 0x2E, 0x47, 0x65, 0x6E, 0x65, 0x72, 0x69, 0x63,
    0x2E, 0x49, 0x45, 0x6E, 0x75, 0x6D, 0x65, 0x72, 0x61, 0x62, 0x6C, 0x65, 0x5C, 0x75, 0x30, 0x30,
    0x33, 0x43, 0x53, 0x79, 0x73, 0x74, 0x65, 0x6D, 0x2E, 0x41, 0x74, 0x74, 0x72, 0x69, 0x62, 0x75,
    0x74, 0x65, 0x5C, 0x75, 0x30, 0x30, 0x33, 0x45, 0x28, 0x53, 0x79, 0x73, 0x74, 0x65, 0x6D, 0x2E,
    0x43, 0x6F, 0x6C, 0x6C, 0x65, 0x63, 0x74, 0x69, 0x6F, 0x6E, 0x73, 0x2E, 0x49, 0x45, 0x6E, 0x75,
    0x6D, 0x65, 0x72, 0x61, 0x62, 0x6C, 0x65, 0x29, 0x22, 0x2C, 0x0D, 0x0A, 0x20, 0x20, 0x20, 0x20,
    0x20, 0x20, 0x20, 0x20, 0x20, 0x20, 0x20, 0x20, 0x20, 0x20, 0x22, 0x64, 0x65, 0x66, 0x69, 0x6E,
    0x69, 0x74, 0x69, 0x6F, 0x6E, 0x53, 0x75, 0x62, 0x6A, 0x65, 0x63, 0x74, 0x49, 0x64, 0x22, 0x3A,
    0x20, 0x22, 0x53, 0x79, 0x73, 0x74, 0x65, 0x6D, 0x2E, 0x4C, 0x69, 0x6E, 0x71, 0x2F, 0x45, 0x6E,
    0x75, 0x6D, 0x65, 0x72, 0x61, 0x62, 0x6C, 0x65, 0x3A, 0x3A, 0x43, 0x61, 0x73, 0x74, 0x3A, 0x53,
    0x79, 0x73, 0x74, 0x65, 0x6D, 0x2E, 0x43, 0x6F, 0x6C, 0x6C, 0x65, 0x63, 0x74, 0x69, 0x6F, 0x6E,
    0x73, 0x2E, 0x47, 0x65, 0x6E, 0x65, 0x72, 0x69, 0x63, 0x2E, 0x49, 0x45, 0x6E, 0x75, 0x6D, 0x65,
    0x72, 0x61, 0x62, 0x6C, 0x65, 0x5C, 0x75, 0x30, 0x30, 0x33, 0x43, 0x21, 0x21, 0x30, 0x5C, 0x75,
    0x30, 0x30, 0x33, 0x45, 0x28, 0x53, 0x79, 0x73, 0x74, 0x65, 0x6D, 0x2E, 0x43, 0x6F, 0x6C, 0x6C,
    0x65, 0x63, 0x74, 0x69, 0x6F, 0x6E, 0x73, 0x2E, 0x49, 0x45, 0x6E, 0x75, 0x6D, 0x65, 0x72, 0x61,
    0x62, 0x6C, 0x65, 0x29, 0x22, 0x2C, 0x0D, 0x0A, 0x20, 0x20, 0x20, 0x20, 0x20, 0x20, 0x20, 0x20,
    0x20, 0x20, 0x20, 0x20, 0x20, 0x20, 0x22, 0x64, 0x69, 0x73, 0x70, 0x6C, 0x61, 0x79, 0x53, 0x75,
    0x62, 0x6A, 0x65, 0x63, 0x74, 0x49, 0x64, 0x22, 0x3A, 0x20, 0x22, 0x53, 0x79, 0x73, 0x74, 0x65,
    0x6D, 0x2E, 0x4C, 0x69, 0x6E, 0x71, 0x2F, 0x45, 0x6E, 0x75, 0x6D, 0x65, 0x72, 0x61, 0x62, 0x6C,
    0x65, 0x3A, 0x3A, 0x43, 0x61, 0x73, 0x74, 0x5C, 0x75, 0x30, 0x30, 0x33, 0x43, 0x53, 0x79, 0x73,
    0x74, 0x65, 0x6D, 0x2E, 0x41, 0x74, 0x74, 0x72, 0x69, 0x62, 0x75, 0x74, 0x65, 0x5C, 0x75, 0x30,
    0x30, 0x33, 0x45, 0x28, 0x53, 0x79, 0x73, 0x74, 0x65, 0x6D, 0x2E, 0x43, 0x6F, 0x6C, 0x6C, 0x65,
    0x63, 0x74, 0x69, 0x6F, 0x6E, 0x73, 0x2E, 0x49, 0x45, 0x6E, 0x75, 0x6D, 0x65, 0x72, 0x61, 0x62,
    0x6C, 0x65, 0x29, 0x22, 0x2C, 0x0D, 0x0A, 0x20, 0x20, 0x20, 0x20, 0x20, 0x20, 0x20, 0x20, 0x20,
    0x20, 0x20, 0x20, 0x20, 0x20, 0x22, 0x69, 0x6E, 0x73, 0x74, 0x61, 0x6E, 0x74, 0x69, 0x61, 0x74,
    0x69, 0x6F, 0x6E, 0x4B, 0x65, 0x79, 0x22, 0x3A, 0x20, 0x7B, 0x0D, 0x0A, 0x20, 0x20, 0x20, 0x20,
    0x20, 0x20, 0x20, 0x20, 0x20, 0x20, 0x20, 0x20, 0x20, 0x20, 0x20, 0x20, 0x22, 0x63, 0x6F, 0x6E,
    0x74, 0x65, 0x78, 0x74, 0x4B, 0x69, 0x6E, 0x64, 0x22, 0x3A, 0x20, 0x32, 0x2C, 0x0D, 0x0A, 0x20,
    0x20, 0x20, 0x20, 0x20, 0x20, 0x20, 0x20, 0x20, 0x20, 0x20, 0x20, 0x20, 0x20, 0x20, 0x20, 0x22,
    0x64, 0x65, 0x66, 0x69, 0x6E, 0x69, 0x74, 0x69, 0x6F, 0x6E, 0x53, 0x75, 0x62, 0x6A, 0x65, 0x63,
    0x74, 0x49, 0x64, 0x22, 0x3A, 0x20, 0x22, 0x53, 0x79, 0x73, 0x74, 0x65, 0x6D, 0x2E, 0x4C, 0x69,
    0x6E, 0x71, 0x2F, 0x45, 0x6E, 0x75, 0x6D, 0x65, 0x72, 0x61, 0x62, 0x6C, 0x65, 0x3A, 0x3A, 0x43,
    0x61, 0x73, 0x74, 0x3A, 0x53, 0x79, 0x73, 0x74, 0x65, 0x6D, 0x2E, 0x43, 0x6F, 0x6C, 0x6C, 0x65,
    0x63, 0x74, 0x69, 0x6F, 0x6E, 0x73, 0x2E, 0x47, 0x65, 0x6E, 0x65, 0x72, 0x69, 0x63, 0x2E, 0x49,
    0x45, 0x6E, 0x75, 0x6D, 0x65, 0x72, 0x61, 0x62, 0x6C, 0x65, 0x5C, 0x75, 0x30, 0x30, 0x33, 0x43,
    0x21, 0x21, 0x30, 0x5C, 0x75, 0x30, 0x30, 0x33, 0x45, 0x28, 0x53, 0x79, 0x73, 0x74, 0x65, 0x6D,
    0x2E, 0x43, 0x6F, 0x6C, 0x6C, 0x65, 0x63, 0x74, 0x69, 0x6F, 0x6E, 0x73, 0x2E, 0x49, 0x45, 0x6E,
    0x75, 0x6D, 0x65, 0x72, 0x61, 0x62, 0x6C, 0x65, 0x29, 0x22, 0x2C, 0x0D, 0x0A, 0x20, 0x20, 0x20,
    0x20, 0x20, 0x20, 0x20, 0x20, 0x20, 0x20, 0x20, 0x20, 0x20, 0x20, 0x20, 0x20, 0x22, 0x74, 0x79,
    0x70, 0x65, 0x41, 0x72, 0x67, 0x75, 0x6D, 0x65, 0x6E, 0x74, 0x73, 0x22, 0x3A, 0x20, 0x5B, 0x5D,
    0x2C, 0x0D, 0x0A, 0x20, 0x20, 0x20, 0x20, 0x20, 0x20, 0x20, 0x20, 0x20, 0x20, 0x20, 0x20, 0x20,
    0x20, 0x20, 0x20, 0x22, 0x6D, 0x65, 0x74, 0x68, 0x6F, 0x64, 0x41, 0x72, 0x67, 0x75, 0x6D, 0x65,
    0x6E, 0x74, 0x73, 0x22, 0x3A, 0x20, 0x5B, 0x0D, 0x0A, 0x20, 0x20, 0x20, 0x20, 0x20, 0x20, 0x20,
    0x20, 0x20, 0x20, 0x20, 0x20, 0x20, 0x20, 0x20, 0x20, 0x20, 0x20, 0x22, 0x53, 0x79, 0x73, 0x74,
    0x65, 0x6D, 0x2E, 0x41, 0x74, 0x74, 0x72, 0x69, 0x62, 0x75, 0x74, 0x65, 0x22, 0x0D, 0x0A, 0x20,
    0x20, 0x20, 0x20, 0x20, 0x20, 0x20, 0x20, 0x20, 0x20, 0x20, 0x20, 0x20, 0x20, 0x20, 0x20, 0x5D,
    0x0D, 0x0A, 0x20, 0x20, 0x20, 0x20, 0x20, 0x20, 0x20, 0x20, 0x20, 0x20, 0x20, 0x20, 0x20, 0x20,
    0x7D, 0x0D, 0x0A, 0x20, 0x20, 0x20, 0x20, 0x20, 0x20, 0x20, 0x20, 0x20, 0x20, 0x20, 0x20, 0x7D,
    0x2C, 0x0D, 0x0A, 0x20, 0x20, 0x20, 0x20, 0x20, 0x20, 0x20, 0x20, 0x20, 0x20, 0x20, 0x20, 0x22,
    0x74, 0x79, 0x70, 0x65, 0x53, 0x68, 0x61, 0x70, 0x65, 0x22, 0x3A, 0x20, 0x30, 0x2C, 0x0D, 0x0A,
    0x20, 0x20, 0x20, 0x20, 0x20, 0x20, 0x20, 0x20, 0x20, 0x20, 0x20, 0x20, 0x22, 0x61, 0x72, 0x72,
    0x61, 0x79, 0x45, 0x6C, 0x65, 0x6D, 0x65, 0x6E, 0x74, 0x54, 0x79, 0x70, 0x65, 0x53, 0x68, 0x61,
    0x70, 0x65, 0x22, 0x3A, 0x20, 0x30, 0x2C, 0x0D, 0x0A, 0x20, 0x20, 0x20, 0x20, 0x20, 0x20, 0x20,
    0x20, 0x20, 0x20, 0x20, 0x20, 0x22, 0x69, 0x73, 0x53, 0x65, 0x61, 0x6C, 0x65, 0x64, 0x22, 0x3A,
    0x20, 0x66, 0x61, 0x6C, 0x73, 0x65, 0x2C, 0x0D, 0x0A, 0x20, 0x20, 0x20, 0x20, 0x20, 0x20, 0x20,
    0x20, 0x20, 0x20, 0x20, 0x20, 0x22, 0x69, 0x73, 0x43, 0x6F, 0x6D, 0x49, 0x6D, 0x70, 0x6F, 0x72,
    0x74, 0x22, 0x3A, 0x20, 0x66, 0x61, 0x6C, 0x73, 0x65, 0x2C, 0x0D, 0x0A, 0x20, 0x20, 0x20, 0x20,
    0x20, 0x20, 0x20, 0x20, 0x20, 0x20, 0x20, 0x20, 0x22, 0x63, 0x6F, 0x6D, 0x49, 0x6E, 0x74, 0x65,
    0x72, 0x66, 0x61, 0x63, 0x65, 0x54, 0x79, 0x70, 0x65, 0x4B, 0x69, 0x6E, 0x64, 0x22, 0x3A, 0x20,
    0x30, 0x2C, 0x0D, 0x0A, 0x20, 0x20, 0x20, 0x20, 0x20, 0x20, 0x20, 0x20, 0x20, 0x20, 0x20, 0x20,
    0x22, 0x64, 0x65, 0x63, 0x6C, 0x61, 0x72, 0x69, 0x6E, 0x67, 0x54, 0x79, 0x70, 0x65, 0x53, 0x68,
    0x61, 0x70, 0x65, 0x22, 0x3A, 0x20, 0x30, 0x0D, 0x0A, 0x20, 0x20, 0x20, 0x20, 0x20, 0x20, 0x20,
    0x20, 0x20, 0x20, 0x7D, 0x2C, 0x0D, 0x0A, 0x20, 0x20, 0x20, 0x20, 0x20, 0x20, 0x20, 0x20, 0x20,
    0x20, 0x22, 0x64, 0x69, 0x73, 0x70, 0x61, 0x74, 0x63, 0x68, 0x4B, 0x69, 0x6E, 0x64, 0x43, 0x6F,
    0x64, 0x65, 0x22, 0x3A, 0x20, 0x34, 0x2C, 0x0D, 0x0A, 0x20, 0x20, 0x20, 0x20, 0x20, 0x20, 0x20,
    0x20, 0x20, 0x20, 0x22, 0x69, 0x73, 0x50, 0x72, 0x65, 0x73, 0x65, 0x72, 0x76, 0x65, 0x53, 0x69,
    0x67, 0x22, 0x3A, 0x20, 0x66, 0x61, 0x6C, 0x73, 0x65, 0x0D, 0x0A, 0x20, 0x20, 0x20, 0x20, 0x20,
    0x20, 0x20, 0x20, 0x7D, 0x2C, 0x0D, 0x0A, 0x20, 0x20, 0x20, 0x20, 0x20, 0x20, 0x20, 0x20, 0x7B,
    0x0D, 0x0A, 0x20, 0x20, 0x20, 0x20, 0x20, 0x20, 0x20, 0x20, 0x20, 0x20, 0x22, 0x6F, 0x70, 0x22,
    0x3A, 0x20, 0x22, 0x6E, 0x65, 0x77, 0x6F, 0x62, 0x6A, 0x22, 0x2C, 0x0D, 0x0A, 0x20, 0x20, 0x20,
    0x20, 0x20, 0x20, 0x20, 0x20, 0x20, 0x20, 0x22, 0x6F, 0x70, 0x43, 0x6F, 0x64, 0x65, 0x22, 0x3A,
    0x20, 0x33, 0x34, 0x2C, 0x0D, 0x0A, 0x20, 0x20, 0x20, 0x20, 0x20, 0x20, 0x20, 0x20, 0x20, 0x20,
    0x22, 0x69, 0x6C, 0x4F, 0x66, 0x66, 0x73, 0x65, 0x74, 0x22, 0x3A, 0x20, 0x32, 0x37, 0x2C, 0x0D,
    0x0A, 0x20, 0x20, 0x20, 0x20, 0x20, 0x20, 0x20, 0x20, 0x20, 0x20, 0x22, 0x72, 0x65, 0x73, 0x75,
    0x6C, 0x74, 0x54, 0x79, 0x70, 0x65, 0x22, 0x3A, 0x20, 0x22, 0x53, 0x79, 0x73, 0x74, 0x65, 0x6D,
    0x2E, 0x43, 0x6F, 0x6C, 0x6C, 0x65, 0x63, 0x74, 0x69, 0x6F, 0x6E, 0x73, 0x2F, 0x53, 0x79, 0x73,
    0x74, 0x65, 0x6D, 0x2E, 0x43, 0x6F, 0x6C, 0x6C, 0x65, 0x63, 0x74, 0x69, 0x6F, 0x6E, 0x73, 0x2E,
    0x47, 0x65, 0x6E, 0x65, 0x72, 0x69, 0x63, 0x2E, 0x4C, 0x69, 0x73, 0x74, 0x5C, 0x75, 0x30, 0x30,
    0x33, 0x43, 0x53, 0x79, 0x73, 0x74, 0x65, 0x6D, 0x2E, 0x41, 0x74, 0x74, 0x72, 0x69, 0x62, 0x75,
    0x74, 0x65, 0x5C, 0x75, 0x30, 0x30, 0x33, 0x45, 0x22, 0x2C, 0x0D, 0x0A, 0x20, 0x20, 0x20, 0x20,
    0x20, 0x20, 0x20, 0x20, 0x20, 0x20, 0x22, 0x63, 0x61, 0x6C, 0x6C, 0x65, 0x65, 0x22, 0x3A, 0x20,
    0x22, 0x53, 0x79, 0x73, 0x74, 0x65, 0x6D, 0x2E, 0x43, 0x6F, 0x6C, 0x6C, 0x65, 0x63, 0x74, 0x69,
    0x6F, 0x6E, 0x73, 0x2F, 0x53, 0x79, 0x73, 0x74, 0x65, 0x6D, 0x2E, 0x43, 0x6F, 0x6C, 0x6C, 0x65,
    0x63, 0x74, 0x69, 0x6F, 0x6E, 0x73, 0x2E, 0x47, 0x65, 0x6E, 0x65, 0x72, 0x69, 0x63, 0x2E, 0x4C,
    0x69, 0x73, 0x74, 0x5C, 0x75, 0x30, 0x30, 0x33, 0x43, 0x53, 0x79, 0x73, 0x74, 0x65, 0x6D, 0x2E,
    0x41, 0x74, 0x74, 0x72, 0x69, 0x62, 0x75, 0x74, 0x65, 0x5C, 0x75, 0x30, 0x30, 0x33, 0x45, 0x3A,
    0x3A, 0x2E, 0x63, 0x74, 0x6F, 0x72, 0x3A, 0x53, 0x79, 0x73, 0x74, 0x65, 0x6D, 0x2E, 0x56, 0x6F,
    0x69, 0x64, 0x28, 0x53, 0x79, 0x73, 0x74, 0x65, 0x6D, 0x2E, 0x43, 0x6F, 0x6C, 0x6C, 0x65, 0x63,
    0x74, 0x69, 0x6F, 0x6E, 0x73, 0x2E, 0x47, 0x65, 0x6E, 0x65, 0x72, 0x69, 0x63, 0x2E, 0x49, 0x45,
    0x6E, 0x75, 0x6D, 0x65, 0x72, 0x61, 0x62, 0x6C, 0x65, 0x5C, 0x75, 0x30, 0x30, 0x33, 0x43, 0x53,
    0x79, 0x73, 0x74, 0x65, 0x6D, 0x2E, 0x41, 0x74, 0x74, 0x72, 0x69, 0x62, 0x75, 0x74, 0x65, 0x5C,
    0x75, 0x30, 0x30, 0x33, 0x45, 0x29, 0x22, 0x2C, 0x0D, 0x0A, 0x20, 0x20, 0x20, 0x20, 0x20, 0x20,
    0x20, 0x20, 0x20, 0x20, 0x22, 0x72, 0x65, 0x66, 0x65, 0x72, 0x65, 0x6E, 0x63, 0x65, 0x22, 0x3A,
    0x20, 0x7B, 0x0D, 0x0A, 0x20, 0x20, 0x20, 0x20, 0x20, 0x20, 0x20, 0x20, 0x20, 0x20, 0x20, 0x20,
    0x22, 0x61, 0x73, 0x73, 0x65, 0x6D, 0x62, 0x6C, 0x79, 0x4E, 0x61, 0x6D, 0x65, 0x22, 0x3A, 0x20,
    0x22, 0x53, 0x79, 0x73, 0x74, 0x65, 0x6D, 0x2E, 0x43, 0x6F, 0x6C, 0x6C, 0x65, 0x63, 0x74, 0x69,
    0x6F, 0x6E, 0x73, 0x22, 0x2C, 0x0D, 0x0A, 0x20, 0x20, 0x20, 0x20, 0x20, 0x20, 0x20, 0x20, 0x20,
    0x20, 0x20, 0x20, 0x22, 0x73, 0x75, 0x62, 0x6A, 0x65, 0x63, 0x74, 0x4B, 0x69, 0x6E, 0x64, 0x22,
    0x3A, 0x20, 0x22, 0x6D, 0x65, 0x74, 0x68, 0x6F, 0x64, 0x22, 0x2C, 0x0D, 0x0A, 0x20, 0x20, 0x20,
    0x20, 0x20, 0x20, 0x20, 0x20, 0x20, 0x20, 0x20, 0x20, 0x22, 0x73, 0x75, 0x62, 0x6A, 0x65, 0x63,
    0x74, 0x49, 0x64, 0x22, 0x3A, 0x20, 0x22, 0x53, 0x79, 0x73, 0x74, 0x65, 0x6D, 0x2E, 0x43, 0x6F,
    0x6C, 0x6C, 0x65, 0x63, 0x74, 0x69, 0x6F, 0x6E, 0x73, 0x2F, 0x53, 0x79, 0x73, 0x74, 0x65, 0x6D,
    0x2E, 0x43, 0x6F, 0x6C, 0x6C, 0x65, 0x63, 0x74, 0x69, 0x6F, 0x6E, 0x73, 0x2E, 0x47, 0x65, 0x6E,
    0x65, 0x72, 0x69, 0x63, 0x2E, 0x4C, 0x69, 0x73, 0x74, 0x5C, 0x75, 0x30, 0x30, 0x33, 0x43, 0x53,
    0x79, 0x73, 0x74, 0x65, 0x6D, 0x2E, 0x41, 0x74, 0x74, 0x72, 0x69, 0x62, 0x75, 0x74, 0x65, 0x5C,
    0x75, 0x30, 0x30, 0x33, 0x45, 0x3A, 0x3A, 0x2E, 0x63, 0x74, 0x6F, 0x72, 0x3A, 0x53, 0x79, 0x73,
    0x74, 0x65, 0x6D, 0x2E, 0x56, 0x6F, 0x69, 0x64, 0x28, 0x53, 0x79, 0x73, 0x74, 0x65, 0x6D, 0x2E,
    0x43, 0x6F, 0x6C, 0x6C, 0x65, 0x63, 0x74, 0x69, 0x6F, 0x6E, 0x73, 0x2E, 0x47, 0x65, 0x6E, 0x65,
    0x72, 0x69, 0x63, 0x2E, 0x49, 0x45, 0x6E, 0x75, 0x6D, 0x65, 0x72, 0x61, 0x62, 0x6C, 0x65, 0x5C,
    0x75, 0x30, 0x30, 0x33, 0x43, 0x53, 0x79, 0x73, 0x74, 0x65, 0x6D, 0x2E, 0x41, 0x74, 0x74, 0x72,
    0x69, 0x62, 0x75, 0x74, 0x65, 0x5C, 0x75, 0x30, 0x30, 0x33, 0x45, 0x29, 0x22, 0x0D, 0x0A, 0x20,
    0x20, 0x20, 0x20, 0x20, 0x20, 0x20, 0x20, 0x20, 0x20, 0x7D, 0x2C, 0x0D, 0x0A, 0x20, 0x20, 0x20,
    0x20, 0x20, 0x20, 0x20, 0x20, 0x20, 0x20, 0x22, 0x74, 0x61, 0x72, 0x67, 0x65, 0x74, 0x52, 0x65,
    0x66, 0x65, 0x72, 0x65, 0x6E, 0x63, 0x65, 0x22, 0x3A, 0x20, 0x7B, 0x0D, 0x0A, 0x20, 0x20, 0x20,
    0x20, 0x20, 0x20, 0x20, 0x20, 0x20, 0x20, 0x20, 0x20, 0x22, 0x6B, 0x69, 0x6E, 0x64, 0x22, 0x3A,
    0x20, 0x31, 0x2C, 0x0D, 0x0A, 0x20, 0x20, 0x20, 0x20, 0x20, 0x20, 0x20, 0x20, 0x20, 0x20, 0x20,
    0x20, 0x22, 0x61, 0x73, 0x73, 0x65, 0x6D, 0x62, 0x6C, 0x79, 0x4E, 0x61, 0x6D, 0x65, 0x22, 0x3A,
    0x20, 0x22, 0x53, 0x79, 0x73, 0x74, 0x65, 0x6D, 0x2E, 0x43, 0x6F, 0x6C, 0x6C, 0x65, 0x63, 0x74,
    0x69, 0x6F, 0x6E, 0x73, 0x22, 0x2C, 0x0D, 0x0A, 0x20, 0x20, 0x20, 0x20, 0x20, 0x20, 0x20, 0x20,
    0x20, 0x20, 0x20, 0x20, 0x22, 0x73, 0x75, 0x62, 0x6A, 0x65, 0x63, 0x74, 0x49, 0x64, 0x22, 0x3A,
    0x20, 0x22, 0x53, 0x79, 0x73, 0x74, 0x65, 0x6D, 0x2E, 0x43, 0x6F, 0x6C, 0x6C, 0x65, 0x63, 0x74,
    0x69, 0x6F, 0x6E, 0x73, 0x2F, 0x53, 0x79, 0x73, 0x74, 0x65, 0x6D, 0x2E, 0x43, 0x6F, 0x6C, 0x6C,
    0x65, 0x63, 0x74, 0x69, 0x6F, 0x6E, 0x73, 0x2E, 0x47, 0x65, 0x6E, 0x65, 0x72, 0x69, 0x63, 0x2E,
    0x4C, 0x69, 0x73, 0x74, 0x5C, 0x75, 0x30, 0x30, 0x33, 0x43, 0x53, 0x79, 0x73, 0x74, 0x65, 0x6D,
    0x2E, 0x41, 0x74, 0x74, 0x72, 0x69, 0x62, 0x75, 0x74, 0x65, 0x5C, 0x75, 0x30, 0x30, 0x33, 0x45,
    0x22, 0x2C, 0x0D, 0x0A, 0x20, 0x20, 0x20, 0x20, 0x20, 0x20, 0x20, 0x20, 0x20, 0x20, 0x20, 0x20,
    0x22, 0x74, 0x79, 0x70, 0x65, 0x53, 0x68, 0x61, 0x70, 0x65, 0x22, 0x3A, 0x20, 0x31, 0x2C, 0x0D,
    0x0A, 0x20, 0x20, 0x20, 0x20, 0x20, 0x20, 0x20, 0x20, 0x20, 0x20, 0x20, 0x20, 0x22, 0x61, 0x72,
    0x72, 0x61, 0x79, 0x45, 0x6C, 0x65, 0x6D, 0x65, 0x6E, 0x74, 0x54, 0x79, 0x70, 0x65, 0x53, 0x68,
    0x61, 0x70, 0x65, 0x22, 0x3A, 0x20, 0x30, 0x2C, 0x0D, 0x0A, 0x20, 0x20, 0x20, 0x20, 0x20, 0x20,
    0x20, 0x20, 0x20, 0x20, 0x20, 0x20, 0x22, 0x69, 0x73, 0x53, 0x65, 0x61, 0x6C, 0x65, 0x64, 0x22,
    0x3A, 0x20, 0x66, 0x61, 0x6C, 0x73, 0x65, 0x2C, 0x0D, 0x0A, 0x20, 0x20, 0x20, 0x20, 0x20, 0x20,
    0x20, 0x20, 0x20, 0x20, 0x20, 0x20, 0x22, 0x69, 0x73, 0x43, 0x6F, 0x6D, 0x49, 0x6D, 0x70, 0x6F,
    0x72, 0x74, 0x22, 0x3A, 0x20, 0x66, 0x61, 0x6C, 0x73, 0x65, 0x2C, 0x0D, 0x0A, 0x20, 0x20, 0x20,
    0x20, 0x20, 0x20, 0x20, 0x20, 0x20, 0x20, 0x20, 0x20, 0x22, 0x63, 0x6F, 0x6D, 0x49, 0x6E, 0x74,
    0x65, 0x72, 0x66, 0x61, 0x63, 0x65, 0x54, 0x79, 0x70, 0x65, 0x4B, 0x69, 0x6E, 0x64, 0x22, 0x3A,
    0x20, 0x30, 0x2C, 0x0D, 0x0A, 0x20, 0x20, 0x20, 0x20, 0x20, 0x20, 0x20, 0x20, 0x20, 0x20, 0x20,
    0x20, 0x22, 0x64, 0x65, 0x63, 0x6C, 0x61, 0x72, 0x69, 0x6E, 0x67, 0x54, 0x79, 0x70, 0x65, 0x53,
    0x68, 0x61, 0x70, 0x65, 0x22, 0x3A, 0x20, 0x30, 0x0D, 0x0A, 0x20, 0x20, 0x20, 0x20, 0x20, 0x20,
    0x20, 0x20, 0x20, 0x20, 0x7D, 0x2C, 0x0D, 0x0A, 0x20, 0x20, 0x20, 0x20, 0x20, 0x20, 0x20, 0x20,
    0x20, 0x20, 0x22, 0x72, 0x75, 0x6E, 0x74, 0x69, 0x6D, 0x65, 0x53, 0x65, 0x72, 0x76, 0x69, 0x63,
    0x65, 0x4B, 0x69, 0x6E, 0x64, 0x22, 0x3A, 0x20, 0x31, 0x2C, 0x0D, 0x0A, 0x20, 0x20, 0x20, 0x20,
    0x20, 0x20, 0x20, 0x20, 0x20, 0x20, 0x22, 0x69, 0x73, 0x50, 0x72, 0x65, 0x73, 0x65, 0x72, 0x76,
    0x65, 0x53, 0x69, 0x67, 0x22, 0x3A, 0x20, 0x66, 0x61, 0x6C, 0x73, 0x65, 0x0D, 0x0A, 0x20, 0x20,
    0x20, 0x20, 0x20, 0x20, 0x20, 0x20, 0x7D, 0x2C, 0x0D, 0x0A, 0x20, 0x20, 0x20, 0x20, 0x20, 0x20,
    0x20, 0x20, 0x7B, 0x0D, 0x0A, 0x20, 0x20, 0x20, 0x20, 0x20, 0x20, 0x20, 0x20, 0x20, 0x20, 0x22,
    0x6F, 0x70, 0x22, 0x3A, 0x20, 0x22, 0x63, 0x61, 0x6C, 0x6C, 0x22, 0x2C, 0x0D, 0x0A, 0x20, 0x20,
    0x20, 0x20, 0x20, 0x20, 0x20, 0x20, 0x20, 0x20, 0x22, 0x6F, 0x70, 0x43, 0x6F, 0x64, 0x65, 0x22,
    0x3A, 0x20, 0x31, 0x34, 0x2C, 0x0D, 0x0A, 0x20, 0x20, 0x20, 0x20, 0x20, 0x20, 0x20, 0x20, 0x20,
    0x20, 0x22, 0x69, 0x6C, 0x4F, 0x66, 0x66, 0x73, 0x65, 0x74, 0x22, 0x3A, 0x20, 0x33, 0x32, 0x2C,
    0x0D, 0x0A, 0x20, 0x20, 0x20, 0x20, 0x20, 0x20, 0x20, 0x20, 0x20, 0x20, 0x22, 0x72, 0x65, 0x73,
    0x75, 0x6C, 0x74, 0x54, 0x79, 0x70, 0x65, 0x22, 0x3A, 0x20, 0x22, 0x53, 0x79, 0x73, 0x74, 0x65,
    0x6D, 0x2E, 0x49, 0x6E, 0x74, 0x33, 0x32, 0x22, 0x2C, 0x0D, 0x0A, 0x20, 0x20, 0x20, 0x20, 0x20,
    0x20, 0x20, 0x20, 0x20, 0x20, 0x22, 0x63, 0x61, 0x6C, 0x6C, 0x65, 0x65, 0x22, 0x3A, 0x20, 0x22,
    0x53, 0x79, 0x73, 0x74, 0x65, 0x6D, 0x2E, 0x43, 0x6F, 0x6C, 0x6C, 0x65, 0x63, 0x74, 0x69, 0x6F,
    0x6E, 0x73, 0x2F, 0x53, 0x79, 0x73, 0x74, 0x65, 0x6D, 0x2E, 0x43, 0x6F, 0x6C, 0x6C, 0x65, 0x63,
    0x74, 0x69, 0x6F, 0x6E, 0x73, 0x2E, 0x47, 0x65, 0x6E, 0x65, 0x72, 0x69, 0x63, 0x2E, 0x4C, 0x69,
    0x73, 0x74, 0x5C, 0x75, 0x30, 0x30, 0x33, 0x43, 0x53, 0x79, 0x73, 0x74, 0x65, 0x6D, 0x2E, 0x41,
    0x74, 0x74, 0x72, 0x69, 0x62, 0x75, 0x74, 0x65, 0x5C, 0x75, 0x30, 0x30, 0x33, 0x45, 0x3A, 0x3A,
    0x67, 0x65, 0x74, 0x5F, 0x43, 0x6F, 0x75, 0x6E, 0x74, 0x3A, 0x53, 0x79, 0x73, 0x74, 0x65, 0x6D,
    0x2E, 0x49, 0x6E, 0x74, 0x33, 0x32, 0x28, 0x29, 0x22, 0x2C, 0x0D, 0x0A, 0x20, 0x20, 0x20, 0x20,
    0x20, 0x20, 0x20, 0x20, 0x20, 0x20, 0x22, 0x72, 0x65, 0x66, 0x65, 0x72, 0x65, 0x6E, 0x63, 0x65,
    0x22, 0x3A, 0x20, 0x7B, 0x0D, 0x0A, 0x20, 0x20, 0x20, 0x20, 0x20, 0x20, 0x20, 0x20, 0x20, 0x20,
    0x20, 0x20, 0x22, 0x61, 0x73, 0x73, 0x65, 0x6D, 0x62, 0x6C, 0x79, 0x4E, 0x61, 0x6D, 0x65, 0x22,
    0x3A, 0x20, 0x22, 0x53, 0x79, 0x73, 0x74, 0x65, 0x6D, 0x2E, 0x43, 0x6F, 0x6C, 0x6C, 0x65, 0x63,
    0x74, 0x69, 0x6F, 0x6E, 0x73, 0x22, 0x2C, 0x0D, 0x0A, 0x20, 0x20, 0x20, 0x20, 0x20, 0x20, 0x20,
    0x20, 0x20, 0x20, 0x20, 0x20, 0x22, 0x73, 0x75, 0x62, 0x6A, 0x65, 0x63, 0x74, 0x4B, 0x69, 0x6E,
    0x64, 0x22, 0x3A, 0x20, 0x22, 0x6D, 0x65, 0x74, 0x68, 0x6F, 0x64, 0x22, 0x2C, 0x0D, 0x0A, 0x20,
    0x20, 0x20, 0x20, 0x20, 0x20, 0x20, 0x20, 0x20, 0x20, 0x20, 0x20, 0x22, 0x73, 0x75, 0x62, 0x6A,
    0x65, 0x63, 0x74, 0x49, 0x64, 0x22, 0x3A, 0x20, 0x22, 0x53, 0x79, 0x73, 0x74, 0x65, 0x6D, 0x2E,
    0x43, 0x6F, 0x6C, 0x6C, 0x65, 0x63, 0x74, 0x69, 0x6F, 0x6E, 0x73, 0x2F, 0x53, 0x79, 0x73, 0x74,
    0x65, 0x6D, 0x2E, 0x43, 0x6F, 0x6C, 0x6C, 0x65, 0x63, 0x74, 0x69, 0x6F, 0x6E, 0x73, 0x2E, 0x47,
    0x65, 0x6E, 0x65, 0x72, 0x69, 0x63, 0x2E, 0x4C, 0x69, 0x73, 0x74, 0x5C, 0x75, 0x30, 0x30, 0x33,
    0x43, 0x53, 0x79, 0x73, 0x74, 0x65, 0x6D, 0x2E, 0x41, 0x74, 0x74, 0x72, 0x69, 0x62, 0x75, 0x74,
    0x65, 0x5C, 0x75, 0x30, 0x30, 0x33, 0x45, 0x3A, 0x3A, 0x67, 0x65, 0x74, 0x5F, 0x43, 0x6F, 0x75,
    0x6E, 0x74, 0x3A, 0x53, 0x79, 0x73, 0x74, 0x65, 0x6D, 0x2E, 0x49, 0x6E, 0x74, 0x33, 0x32, 0x28,
    0x29, 0x22, 0x0D, 0x0A, 0x20, 0x20, 0x20, 0x20, 0x20, 0x20, 0x20, 0x20, 0x20, 0x20, 0x7D, 0x2C,
    0x0D, 0x0A, 0x20, 0x20, 0x20, 0x20, 0x20, 0x20, 0x20, 0x20, 0x20, 0x20, 0x22, 0x74, 0x61, 0x72,
    0x67, 0x65, 0x74, 0x52, 0x65, 0x66, 0x65, 0x72, 0x65, 0x6E, 0x63, 0x65, 0x22, 0x3A, 0x20, 0x7B,
    0x0D, 0x0A, 0x20, 0x20, 0x20, 0x20, 0x20, 0x20, 0x20, 0x20, 0x20, 0x20, 0x20, 0x20, 0x22, 0x6B,
    0x69, 0x6E, 0x64, 0x22, 0x3A, 0x20, 0x33, 0x2C, 0x0D, 0x0A, 0x20, 0x20, 0x20, 0x20, 0x20, 0x20,
    0x20, 0x20, 0x20, 0x20, 0x20, 0x20, 0x22, 0x61, 0x73, 0x73, 0x65, 0x6D, 0x62, 0x6C, 0x79, 0x4E,
    0x61, 0x6D, 0x65, 0x22, 0x3A, 0x20, 0x22, 0x53, 0x79, 0x73, 0x74, 0x65, 0x6D, 0x2E, 0x43, 0x6F,
    0x6C, 0x6C, 0x65, 0x63, 0x74, 0x69, 0x6F, 0x6E, 0x73, 0x22, 0x2C, 0x0D, 0x0A, 0x20, 0x20, 0x20,
    0x20, 0x20, 0x20, 0x20, 0x20, 0x20, 0x20, 0x20, 0x20, 0x22, 0x73, 0x75, 0x62, 0x6A, 0x65, 0x63,
    0x74, 0x49, 0x64, 0x22, 0x3A, 0x20, 0x22, 0x53, 0x79, 0x73, 0x74, 0x65, 0x6D, 0x2E, 0x43, 0x6F,
    0x6C, 0x6C, 0x65, 0x63, 0x74, 0x69, 0x6F, 0x6E, 0x73, 0x2F, 0x53, 0x79, 0x73, 0x74, 0x65, 0x6D,
    0x2E, 0x43, 0x6F, 0x6C, 0x6C, 0x65, 0x63, 0x74, 0x69, 0x6F, 0x6E, 0x73, 0x2E, 0x47, 0x65, 0x6E,
    0x65, 0x72, 0x69, 0x63, 0x2E, 0x4C, 0x69, 0x73, 0x74, 0x5C, 0x75, 0x30, 0x30, 0x33, 0x43, 0x53,
    0x79, 0x73, 0x74, 0x65, 0x6D, 0x2E, 0x41, 0x74, 0x74, 0x72, 0x69, 0x62, 0x75, 0x74, 0x65, 0x5C,
    0x75, 0x30, 0x30, 0x33, 0x45, 0x3A, 0x3A, 0x67, 0x65, 0x74, 0x5F, 0x43, 0x6F, 0x75, 0x6E, 0x74,
    0x3A, 0x53, 0x79, 0x73, 0x74, 0x65, 0x6D, 0x2E, 0x49, 0x6E, 0x74, 0x33, 0x32, 0x28, 0x29, 0x22,
    0x2C, 0x0D, 0x0A, 0x20, 0x20, 0x20, 0x20, 0x20, 0x20, 0x20, 0x20, 0x20, 0x20, 0x20, 0x20, 0x22,
    0x6F, 0x70, 0x65, 0x6E, 0x44, 0x65, 0x66, 0x69, 0x6E, 0x69, 0x74, 0x69, 0x6F, 0x6E, 0x53, 0x75,
    0x62, 0x6A, 0x65, 0x63, 0x74, 0x49, 0x64, 0x22, 0x3A, 0x20, 0x22, 0x53, 0x79, 0x73, 0x74, 0x65,
    0x6D, 0x2E, 0x43, 0x6F, 0x6C, 0x6C, 0x65, 0x63, 0x74, 0x69, 0x6F, 0x6E, 0x73, 0x2F, 0x53, 0x79,
    0x73, 0x74, 0x65, 0x6D, 0x2E, 0x43, 0x6F, 0x6C, 0x6C, 0x65, 0x63, 0x74, 0x69, 0x6F, 0x6E, 0x73,
    0x2E, 0x47, 0x65, 0x6E, 0x65, 0x72, 0x69, 0x63, 0x2E, 0x4C, 0x69, 0x73, 0x74, 0x5C, 0x75, 0x30,
    0x30, 0x36, 0x30, 0x31, 0x3A, 0x3A, 0x67, 0x65, 0x74, 0x5F, 0x43, 0x6F, 0x75, 0x6E, 0x74, 0x3A,
    0x53, 0x79, 0x73, 0x74, 0x65, 0x6D, 0x2E, 0x49, 0x6E, 0x74, 0x33, 0x32, 0x28, 0x29, 0x22, 0x2C,
    0x0D, 0x0A, 0x20, 0x20, 0x20, 0x20, 0x20, 0x20, 0x20, 0x20, 0x20, 0x20, 0x20, 0x20, 0x22, 0x73,
    0x68, 0x61, 0x72, 0x65, 0x64, 0x47, 0x65, 0x6E, 0x65, 0x72, 0x69, 0x63, 0x42, 0x6F, 0x64, 0x79,
    0x49, 0x64, 0x22, 0x3A, 0x20, 0x7B, 0x0D, 0x0A, 0x20, 0x20, 0x20, 0x20, 0x20, 0x20, 0x20, 0x20,
    0x20, 0x20, 0x20, 0x20, 0x20, 0x20, 0x22, 0x76, 0x61, 0x6C, 0x75, 0x65, 0x22, 0x3A, 0x20, 0x22,
    0x62, 0x6F, 0x64, 0x79, 0x3A, 0x64, 0x65, 0x66, 0x69, 0x6E, 0x69, 0x74, 0x69, 0x6F, 0x6E, 0x3D,
    0x53, 0x79, 0x73, 0x74, 0x65, 0x6D, 0x2E, 0x43, 0x6F, 0x6C, 0x6C, 0x65, 0x63, 0x74, 0x69, 0x6F,
    0x6E, 0x73, 0x2F, 0x53, 0x79, 0x73, 0x74, 0x65, 0x6D, 0x2E, 0x43, 0x6F, 0x6C, 0x6C, 0x65, 0x63,
    0x74, 0x69, 0x6F, 0x6E, 0x73, 0x2E, 0x47, 0x65, 0x6E, 0x65, 0x72, 0x69, 0x63, 0x2E, 0x4C, 0x69,
    0x73, 0x74, 0x5C, 0x75, 0x30, 0x30, 0x36, 0x30, 0x31, 0x3A, 0x3A, 0x67, 0x65, 0x74, 0x5F, 0x43,
    0x6F, 0x75, 0x6E, 0x74, 0x3A, 0x53, 0x79, 0x73, 0x74, 0x65, 0x6D, 0x2E, 0x49, 0x6E, 0x74, 0x33,
    0x32, 0x28, 0x29, 0x3B, 0x74, 0x79, 0x70, 0x65, 0x3D, 0x5B, 0x53, 0x79, 0x73, 0x74, 0x65, 0x6D,
    0x2E, 0x41, 0x74, 0x74, 0x72, 0x69, 0x62, 0x75, 0x74, 0x65, 0x5D, 0x3B, 0x6D, 0x65, 0x74, 0x68,
    0x6F, 0x64, 0x3D, 0x5B, 0x5D, 0x22, 0x0D, 0x0A, 0x20, 0x20, 0x20, 0x20, 0x20, 0x20, 0x20, 0x20,
    0x20, 0x20, 0x20, 0x20, 0x7D, 0x2C, 0x0D, 0x0A, 0x20, 0x20, 0x20, 0x20, 0x20, 0x20, 0x20, 0x20,
    0x20, 0x20, 0x20, 0x20, 0x22, 0x69, 0x6E, 0x73, 0x74, 0x61, 0x6E, 0x74, 0x69, 0x61, 0x74, 0x69,
    0x6F, 0x6E, 0x53, 0x74, 0x75, 0x62, 0x49, 0x64, 0x22, 0x3A, 0x20, 0x7B, 0x0D, 0x0A, 0x20, 0x20,
    0x20, 0x20, 0x20, 0x20, 0x20, 0x20, 0x20, 0x20, 0x20, 0x20, 0x20, 0x20, 0x22, 0x76, 0x61, 0x6C,
    0x75, 0x65, 0x22, 0x3A, 0x20, 0x22, 0x73, 0x74, 0x75, 0x62, 0x3A, 0x64, 0x65, 0x66, 0x69, 0x6E,
    0x69, 0x74, 0x69, 0x6F, 0x6E, 0x3D, 0x53, 0x79, 0x73, 0x74, 0x65, 0x6D, 0x2E, 0x43, 0x6F, 0x6C,
    0x6C, 0x65, 0x63, 0x74, 0x69, 0x6F, 0x6E, 0x73, 0x2F, 0x53, 0x79, 0x73, 0x74, 0x65, 0x6D, 0x2E,
    0x43, 0x6F, 0x6C, 0x6C, 0x65, 0x63, 0x74, 0x69, 0x6F, 0x6E, 0x73, 0x2E, 0x47, 0x65, 0x6E, 0x65,
    0x72, 0x69, 0x63, 0x2E, 0x4C, 0x69, 0x73, 0x74, 0x5C, 0x75, 0x30, 0x30, 0x36, 0x30, 0x31, 0x3A,
    0x3A, 0x67, 0x65, 0x74, 0x5F, 0x43, 0x6F, 0x75, 0x6E, 0x74, 0x3A, 0x53, 0x79, 0x73, 0x74, 0x65,
    0x6D, 0x2E, 0x49, 0x6E, 0x74, 0x33, 0x32, 0x28, 0x29, 0x3B, 0x74, 0x79, 0x70, 0x65, 0x3D, 0x5B,
    0x53, 0x79, 0x73, 0x74, 0x65, 0x6D, 0x2E, 0x41, 0x74, 0x74, 0x72, 0x69, 0x62, 0x75, 0x74, 0x65,
    0x5D, 0x3B, 0x6D, 0x65, 0x74, 0x68, 0x6F, 0x64, 0x3D, 0x5B, 0x5D, 0x22, 0x0D, 0x0A, 0x20, 0x20,
    0x20, 0x20, 0x20, 0x20, 0x20, 0x20, 0x20, 0x20, 0x20, 0x20, 0x7D, 0x2C, 0x0D, 0x0A, 0x20, 0x20,
    0x20, 0x20, 0x20, 0x20, 0x20, 0x20, 0x20, 0x20, 0x20, 0x20, 0x22, 0x72, 0x75, 0x6E, 0x74, 0x69,
    0x6D, 0x65, 0x47, 0x65, 0x6E, 0x65, 0x72, 0x69, 0x63, 0x43, 0x6F, 0x6E, 0x74, 0x65, 0x78, 0x74,
    0x22, 0x3A, 0x20, 0x7B, 0x0D, 0x0A, 0x20, 0x20, 0x20, 0x20, 0x20, 0x20, 0x20, 0x20, 0x20, 0x20,
    0x20, 0x20, 0x20, 0x20, 0x22, 0x69, 0x6E, 0x73, 0x74, 0x61, 0x6E, 0x74, 0x69, 0x61, 0x74, 0x69,
    0x6F, 0x6E, 0x4B, 0x65, 0x79, 0x22, 0x3A, 0x20, 0x7B, 0x0D, 0x0A, 0x20, 0x20, 0x20, 0x20, 0x20,
    0x20, 0x20, 0x20, 0x20, 0x20, 0x20, 0x20, 0x20, 0x20, 0x20, 0x20, 0x22, 0x63, 0x6F, 0x6E, 0x74,
    0x65, 0x78, 0x74, 0x4B, 0x69, 0x6E, 0x64, 0x22, 0x3A, 0x20, 0x31, 0x2C, 0x0D, 0x0A, 0x20, 0x20,
    0x20, 0x20, 0x20, 0x20, 0x20, 0x20, 0x20, 0x20, 0x20, 0x20, 0x20, 0x20, 0x20, 0x20, 0x22, 0x64,
    0x65, 0x66, 0x69, 0x6E, 0x69, 0x74, 0x69, 0x6F, 0x6E, 0x53, 0x75, 0x62, 0x6A, 0x65, 0x63, 0x74,
    0x49, 0x64, 0x22, 0x3A, 0x20, 0x22, 0x53, 0x79, 0x73, 0x74, 0x65, 0x6D, 0x2E, 0x43, 0x6F, 0x6C,
    0x6C, 0x65, 0x63, 0x74, 0x69, 0x6F, 0x6E, 0x73, 0x2F, 0x53, 0x79, 0x73, 0x74, 0x65, 0x6D, 0x2E,
    0x43, 0x6F, 0x6C, 0x6C, 0x65, 0x63, 0x74, 0x69, 0x6F, 0x6E, 0x73, 0x2E, 0x47, 0x65, 0x6E, 0x65,
    0x72, 0x69, 0x63, 0x2E, 0x4C, 0x69, 0x73, 0x74, 0x5C, 0x75, 0x30, 0x30, 0x36, 0x30, 0x31, 0x3A,
    0x3A, 0x67, 0x65, 0x74, 0x5F, 0x43, 0x6F, 0x75, 0x6E, 0x74, 0x3A, 0x53, 0x79, 0x73, 0x74, 0x65,
    0x6D, 0x2E, 0x49, 0x6E, 0x74, 0x33, 0x32, 0x28, 0x29, 0x22, 0x2C, 0x0D, 0x0A, 0x20, 0x20, 0x20,
    0x20, 0x20, 0x20, 0x20, 0x20, 0x20, 0x20, 0x20, 0x20, 0x20, 0x20, 0x20, 0x20, 0x22, 0x74, 0x79,
    0x70, 0x65, 0x41, 0x72, 0x67, 0x75, 0x6D, 0x65, 0x6E, 0x74, 0x73, 0x22, 0x3A, 0x20, 0x5B, 0x0D,
    0x0A, 0x20, 0x20, 0x20, 0x20, 0x20, 0x20, 0x20, 0x20, 0x20, 0x20, 0x20, 0x20, 0x20, 0x20, 0x20,
    0x20, 0x20, 0x20, 0x22, 0x53, 0x79, 0x73, 0x74, 0x65, 0x6D, 0x2E, 0x41, 0x74, 0x74, 0x72, 0x69,
    0x62, 0x75, 0x74, 0x65, 0x22, 0x0D, 0x0A, 0x20, 0x20, 0x20, 0x20, 0x20, 0x20, 0x20, 0x20, 0x20,
    0x20, 0x20, 0x20, 0x20, 0x20, 0x20, 0x20, 0x5D, 0x2C, 0x0D, 0x0A, 0x20, 0x20, 0x20, 0x20, 0x20,
    0x20, 0x20, 0x20, 0x20, 0x20, 0x20, 0x20, 0x20, 0x20, 0x20, 0x20, 0x22, 0x6D, 0x65, 0x74, 0x68,
    0x6F, 0x64, 0x41, 0x72, 0x67, 0x75, 0x6D, 0x65, 0x6E, 0x74, 0x73, 0x22, 0x3A, 0x20, 0x5B, 0x5D,
    0x0D, 0x0A, 0x20, 0x20, 0x20, 0x20, 0x20, 0x20, 0x20, 0x20, 0x20, 0x20, 0x20, 0x20, 0x20, 0x20,
    0x7D, 0x2C, 0x0D, 0x0A, 0x20, 0x20, 0x20, 0x20, 0x20, 0x20, 0x20, 0x20, 0x20, 0x20, 0x20, 0x20,
    0x20, 0x20, 0x22, 0x73, 0x68, 0x61, 0x72, 0x65, 0x64, 0x47, 0x65, 0x6E, 0x65, 0x72, 0x69, 0x63,
    0x42, 0x6F, 0x64, 0x79, 0x49, 0x64, 0x22, 0x3A, 0x20, 0x7B, 0x0D, 0x0A, 0x20, 0x20, 0x20, 0x20,
    0x20, 0x20, 0x20, 0x20, 0x20, 0x20, 0x20, 0x20, 0x20, 0x20, 0x20, 0x20, 0x22, 0x76, 0x61, 0x6C,
    0x75, 0x65, 0x22, 0x3A, 0x20, 0x22, 0x62, 0x6F, 0x64, 0x79, 0x3A, 0x64, 0x65, 0x66, 0x69, 0x6E,
    0x69, 0x74, 0x69, 0x6F, 0x6E, 0x3D, 0x53, 0x79, 0x73, 0x74, 0x65, 0x6D, 0x2E, 0x43, 0x6F, 0x6C,
    0x6C, 0x65, 0x63, 0x74, 0x69, 0x6F, 0x6E, 0x73, 0x2F, 0x53, 0x79, 0x73, 0x74, 0x65, 0x6D, 0x2E,
    0x43, 0x6F, 0x6C, 0x6C, 0x65, 0x63, 0x74, 0x69, 0x6F, 0x6E, 0x73, 0x2E, 0x47, 0x65, 0x6E, 0x65,
    0x72, 0x69, 0x63, 0x2E, 0x4C, 0x69, 0x73, 0x74, 0x5C, 0x75, 0x30, 0x30, 0x36, 0x30, 0x31, 0x3A,
    0x3A, 0x67, 0x65, 0x74, 0x5F, 0x43, 0x6F, 0x75, 0x6E, 0x74, 0x3A, 0x53, 0x79, 0x73, 0x74, 0x65,
    0x6D, 0x2E, 0x49, 0x6E, 0x74, 0x33, 0x32, 0x28, 0x29, 0x3B, 0x74, 0x79, 0x70, 0x65, 0x3D, 0x5B,
    0x53, 0x79, 0x73, 0x74, 0x65, 0x6D, 0x2E, 0x41, 0x74, 0x74, 0x72, 0x69, 0x62, 0x75, 0x74, 0x65,
    0x5D, 0x3B, 0x6D, 0x65, 0x74, 0x68, 0x6F, 0x64, 0x3D, 0x5B, 0x5D, 0x22, 0x0D, 0x0A, 0x20, 0x20,
    0x20, 0x20, 0x20, 0x20, 0x20, 0x20, 0x20, 0x20, 0x20, 0x20, 0x20, 0x20, 0x7D, 0x2C, 0x0D, 0x0A,
    0x20, 0x20, 0x20, 0x20, 0x20, 0x20, 0x20, 0x20, 0x20, 0x20, 0x20, 0x20, 0x20, 0x20, 0x22, 0x69,
    0x6E, 0x73, 0x74, 0x61, 0x6E, 0x74, 0x69, 0x61, 0x74, 0x69, 0x6F, 0x6E, 0x53, 0x74, 0x75, 0x62,
    0x49, 0x64, 0x22, 0x3A, 0x20, 0x7B, 0x0D, 0x0A, 0x20, 0x20, 0x20, 0x20, 0x20, 0x20, 0x20, 0x20,
    0x20, 0x20, 0x20, 0x20, 0x20, 0x20, 0x20, 0x20, 0x22, 0x76, 0x61, 0x6C, 0x75, 0x65, 0x22, 0x3A,
    0x20, 0x22, 0x73, 0x74, 0x75, 0x62, 0x3A, 0x64, 0x65, 0x66, 0x69, 0x6E, 0x69, 0x74, 0x69, 0x6F,
    0x6E, 0x3D, 0x53, 0x79, 0x73, 0x74, 0x65, 0x6D, 0x2E, 0x43, 0x6F, 0x6C, 0x6C, 0x65, 0x63, 0x74,
    0x69, 0x6F, 0x6E, 0x73, 0x2F, 0x53, 0x79, 0x73, 0x74, 0x65, 0x6D, 0x2E, 0x43, 0x6F, 0x6C, 0x6C,
    0x65, 0x63, 0x74, 0x69, 0x6F, 0x6E, 0x73, 0x2E, 0x47, 0x65, 0x6E, 0x65, 0x72, 0x69, 0x63, 0x2E,
    0x4C, 0x69, 0x73, 0x74, 0x5C, 0x75, 0x30, 0x30, 0x36, 0x30, 0x31, 0x3A, 0x3A, 0x67, 0x65, 0x74,
    0x5F, 0x43, 0x6F, 0x75, 0x6E, 0x74, 0x3A, 0x53, 0x79, 0x73, 0x74, 0x65, 0x6D, 0x2E, 0x49, 0x6E,
    0x74, 0x33, 0x32, 0x28, 0x29, 0x3B, 0x74, 0x79, 0x70, 0x65, 0x3D, 0x5B, 0x53, 0x79, 0x73, 0x74,
    0x65, 0x6D, 0x2E, 0x41, 0x74, 0x74, 0x72, 0x69, 0x62, 0x75, 0x74, 0x65, 0x5D, 0x3B, 0x6D, 0x65,
    0x74, 0x68, 0x6F, 0x64, 0x3D, 0x5B, 0x5D, 0x22, 0x0D, 0x0A, 0x20, 0x20, 0x20, 0x20, 0x20, 0x20,
    0x20, 0x20, 0x20, 0x20, 0x20, 0x20, 0x20, 0x20, 0x7D, 0x2C, 0x0D, 0x0A, 0x20, 0x20, 0x20, 0x20,
    0x20, 0x20, 0x20, 0x20, 0x20, 0x20, 0x20, 0x20, 0x20, 0x20, 0x22, 0x73, 0x75, 0x70, 0x70, 0x6F,
    0x72, 0x74, 0x4B, 0x69, 0x6E, 0x64, 0x43, 0x6F, 0x64, 0x65, 0x22, 0x3A, 0x20, 0x33, 0x2C, 0x0D,
    0x0A, 0x20, 0x20, 0x20, 0x20, 0x20, 0x20, 0x20, 0x20, 0x20, 0x20, 0x20, 0x20, 0x20, 0x20, 0x22,
    0x73, 0x70, 0x65, 0x63, 0x69, 0x61, 0x6C, 0x69, 0x7A, 0x61, 0x74, 0x69, 0x6F, 0x6E, 0x4B, 0x69,
    0x6E, 0x64, 0x43, 0x6F, 0x64, 0x65, 0x22, 0x3A, 0x20, 0x31, 0x2C, 0x0D, 0x0A, 0x20, 0x20, 0x20,
    0x20, 0x20, 0x20, 0x20, 0x20, 0x20, 0x20, 0x20, 0x20, 0x20, 0x20, 0x22, 0x73, 0x74, 0x61, 0x74,
    0x75, 0x73, 0x52, 0x65, 0x61, 0x73, 0x6F, 0x6E, 0x43, 0x6F, 0x64, 0x65, 0x22, 0x3A, 0x20, 0x22,
    0x6C, 0x6F, 0x61, 0x64, 0x65, 0x72, 0x2D, 0x64, 0x65, 0x6D, 0x61, 0x6E, 0x64, 0x3A, 0x6D, 0x65,
    0x6D, 0x62, 0x65, 0x72, 0x52, 0x65, 0x66, 0x65, 0x72, 0x65, 0x6E, 0x63, 0x65, 0x22, 0x0D, 0x0A,
    0x20, 0x20, 0x20, 0x20, 0x20, 0x20, 0x20, 0x20, 0x20, 0x20, 0x20, 0x20, 0x7D, 0x2C, 0x0D, 0x0A,
    0x20, 0x20, 0x20, 0x20, 0x20, 0x20, 0x20, 0x20, 0x20, 0x20, 0x20, 0x20, 0x22, 0x67, 0x65, 0x6E,
    0x65, 0x72, 0x69, 0x63, 0x44, 0x69, 0x61, 0x67, 0x6E, 0x6F, 0x73, 0x74, 0x69, 0x63, 0x22, 0x3A,
    0x20, 0x7B, 0x0D, 0x0A, 0x20, 0x20, 0x20, 0x20, 0x20, 0x20, 0x20, 0x20, 0x20, 0x20, 0x20, 0x20,
    0x20, 0x20, 0x22, 0x73, 0x75, 0x62, 0x6A, 0x65, 0x63, 0x74, 0x49, 0x64, 0x22, 0x3A, 0x20, 0x22,
    0x53, 0x79, 0x73, 0x74, 0x65, 0x6D, 0x2E, 0x43, 0x6F, 0x6C, 0x6C, 0x65, 0x63, 0x74, 0x69, 0x6F,
    0x6E, 0x73, 0x2F, 0x53, 0x79, 0x73, 0x74, 0x65, 0x6D, 0x2E, 0x43, 0x6F, 0x6C, 0x6C, 0x65, 0x63,
    0x74, 0x69, 0x6F, 0x6E, 0x73, 0x2E, 0x47, 0x65, 0x6E, 0x65, 0x72, 0x69, 0x63, 0x2E, 0x4C, 0x69,
    0x73, 0x74, 0x5C, 0x75, 0x30, 0x30, 0x33, 0x43, 0x53, 0x79, 0x73, 0x74, 0x65, 0x6D, 0x2E, 0x41,
    0x74, 0x74, 0x72, 0x69, 0x62, 0x75, 0x74, 0x65, 0x5C, 0x75, 0x30, 0x30, 0x33, 0x45, 0x3A, 0x3A,
    0x67, 0x65, 0x74, 0x5F, 0x43, 0x6F, 0x75, 0x6E, 0x74, 0x3A, 0x53, 0x79, 0x73, 0x74, 0x65, 0x6D,
    0x2E, 0x49, 0x6E, 0x74, 0x33, 0x32, 0x28, 0x29, 0x22, 0x2C, 0x0D, 0x0A, 0x20, 0x20, 0x20, 0x20,
    0x20, 0x20, 0x20, 0x20, 0x20, 0x20, 0x20, 0x20, 0x20, 0x20, 0x22, 0x64, 0x65, 0x66, 0x69, 0x6E,
    0x69, 0x74, 0x69, 0x6F, 0x6E, 0x53, 0x75, 0x62, 0x6A, 0x65, 0x63, 0x74, 0x49, 0x64, 0x22, 0x3A,
    0x20, 0x22, 0x53, 0x79, 0x73, 0x74, 0x65, 0x6D, 0x2E, 0x43, 0x6F, 0x6C, 0x6C, 0x65, 0x63, 0x74,
    0x69, 0x6F, 0x6E, 0x73, 0x2F, 0x53, 0x79, 0x73, 0x74, 0x65, 0x6D, 0x2E, 0x43, 0x6F, 0x6C, 0x6C,
    0x65, 0x63, 0x74, 0x69, 0x6F, 0x6E, 0x73, 0x2E, 0x47, 0x65, 0x6E, 0x65, 0x72, 0x69, 0x63, 0x2E,
    0x4C, 0x69, 0x73, 0x74, 0x5C, 0x75, 0x30, 0x30, 0x36, 0x30, 0x31, 0x3A, 0x3A, 0x67, 0x65, 0x74,
    0x5F, 0x43, 0x6F, 0x75, 0x6E, 0x74, 0x3A, 0x53, 0x79, 0x73, 0x74, 0x65, 0x6D, 0x2E, 0x49, 0x6E,
    0x74, 0x33, 0x32, 0x28, 0x29, 0x22, 0x2C, 0x0D, 0x0A, 0x20, 0x20, 0x20, 0x20, 0x20, 0x20, 0x20,
    0x20, 0x20, 0x20, 0x20, 0x20, 0x20, 0x20, 0x22, 0x64, 0x69, 0x73, 0x70, 0x6C, 0x61, 0x79, 0x53,
    0x75, 0x62, 0x6A, 0x65, 0x63, 0x74, 0x49, 0x64, 0x22, 0x3A, 0x20, 0x22, 0x53, 0x79, 0x73, 0x74,
    0x65, 0x6D, 0x2E, 0x43, 0x6F, 0x6C, 0x6C, 0x65, 0x63, 0x74, 0x69, 0x6F, 0x6E, 0x73, 0x2F, 0x53,
    0x79, 0x73, 0x74, 0x65, 0x6D, 0x2E, 0x43, 0x6F, 0x6C, 0x6C, 0x65, 0x63, 0x74, 0x69, 0x6F, 0x6E,
    0x73, 0x2E, 0x47, 0x65, 0x6E, 0x65, 0x72, 0x69, 0x63, 0x2E, 0x4C, 0x69, 0x73, 0x74, 0x5C, 0x75,
    0x30, 0x30, 0x33, 0x43, 0x53, 0x79, 0x73, 0x74, 0x65, 0x6D, 0x2E, 0x41, 0x74, 0x74, 0x72, 0x69,
    0x62, 0x75, 0x74, 0x65, 0x5C, 0x75, 0x30, 0x30, 0x33, 0x45, 0x3A, 0x3A, 0x67, 0x65, 0x74, 0x5F,
    0x43, 0x6F, 0x75, 0x6E, 0x74, 0x28, 0x29, 0x22, 0x2C, 0x0D, 0x0A, 0x20, 0x20, 0x20, 0x20, 0x20,
    0x20, 0x20, 0x20, 0x20, 0x20, 0x20, 0x20, 0x20, 0x20, 0x22, 0x69, 0x6E, 0x73, 0x74, 0x61, 0x6E,
    0x74, 0x69, 0x61, 0x74, 0x69, 0x6F, 0x6E, 0x4B, 0x65, 0x79, 0x22, 0x3A, 0x20, 0x7B, 0x0D, 0x0A,
    0x20, 0x20, 0x20, 0x20, 0x20, 0x20, 0x20, 0x20, 0x20, 0x20, 0x20, 0x20, 0x20, 0x20, 0x20, 0x20,
    0x22, 0x63, 0x6F, 0x6E, 0x74, 0x65, 0x78, 0x74, 0x4B, 0x69, 0x6E, 0x64, 0x22, 0x3A, 0x20, 0x31,
    0x2C, 0x0D, 0x0A, 0x20, 0x20, 0x20, 0x20, 0x20, 0x20, 0x20, 0x20, 0x20, 0x20, 0x20, 0x20, 0x20,
    0x20, 0x20, 0x20, 0x22, 0x64, 0x65, 0x66, 0x69, 0x6E, 0x69, 0x74, 0x69, 0x6F, 0x6E, 0x53, 0x75,
    0x62, 0x6A, 0x65, 0x63, 0x74, 0x49, 0x64, 0x22, 0x3A, 0x20, 0x22, 0x53, 0x79, 0x73, 0x74, 0x65,
    0x6D, 0x2E, 0x43, 0x6F, 0x6C, 0x6C, 0x65, 0x63, 0x74, 0x69, 0x6F, 0x6E, 0x73, 0x2F, 0x53, 0x79,
    0x73, 0x74, 0x65, 0x6D, 0x2E, 0x43, 0x6F, 0x6C, 0x6C, 0x65, 0x63, 0x74, 0x69, 0x6F, 0x6E, 0x73,
    0x2E, 0x47, 0x65, 0x6E, 0x65, 0x72, 0x69, 0x63, 0x2E, 0x4C, 0x69, 0x73, 0x74, 0x5C, 0x75, 0x30,
    0x30, 0x36, 0x30, 0x31, 0x3A, 0x3A, 0x67, 0x65, 0x74, 0x5F, 0x43, 0x6F, 0x75, 0x6E, 0x74, 0x3A,
    0x53, 0x79, 0x73, 0x74, 0x65, 0x6D, 0x2E, 0x49, 0x6E, 0x74, 0x33, 0x32, 0x28, 0x29, 0x22, 0x2C,
    0x0D, 0x0A, 0x20, 0x20, 0x20, 0x20, 0x20, 0x20, 0x20, 0x20, 0x20, 0x20, 0x20, 0x20, 0x20, 0x20,
    0x20, 0x20, 0x22, 0x74, 0x79, 0x70, 0x65, 0x41, 0x72, 0x67, 0x75, 0x6D, 0x65, 0x6E, 0x74, 0x73,
    0x22, 0x3A, 0x20, 0x5B, 0x0D, 0x0A, 0x20, 0x20, 0x20, 0x20, 0x20, 0x20, 0x20, 0x20, 0x20, 0x20,
    0x20, 0x20, 0x20, 0x20, 0x20, 0x20, 0x20, 0x20, 0x22, 0x53, 0x79, 0x73, 0x74, 0x65, 0x6D, 0x2E,
    0x41, 0x74, 0x74, 0x72, 0x69, 0x62, 0x75, 0x74, 0x65, 0x22, 0x0D, 0x0A, 0x20, 0x20, 0x20, 0x20,
    0x20, 0x20, 0x20, 0x20, 0x20, 0x20, 0x20, 0x20, 0x20, 0x20, 0x20, 0x20, 0x5D, 0x2C, 0x0D, 0x0A,
    0x20, 0x20, 0x20, 0x20, 0x20, 0x20, 0x20, 0x20, 0x20, 0x20, 0x20, 0x20, 0x20, 0x20, 0x20, 0x20,
    0x22, 0x6D, 0x65, 0x74, 0x68, 0x6F, 0x64, 0x41, 0x72, 0x67, 0x75, 0x6D, 0x65, 0x6E, 0x74, 0x73,
    0x22, 0x3A, 0x20, 0x5B, 0x5D, 0x0D, 0x0A, 0x20, 0x20, 0x20, 0x20, 0x20, 0x20, 0x20, 0x20, 0x20,
    0x20, 0x20, 0x20, 0x20, 0x20, 0x7D, 0x0D, 0x0A, 0x20, 0x20, 0x20, 0x20, 0x20, 0x20, 0x20, 0x20,
    0x20, 0x20, 0x20, 0x20, 0x7D, 0x2C, 0x0D, 0x0A, 0x20, 0x20, 0x20, 0x20, 0x20, 0x20, 0x20, 0x20,
    0x20, 0x20, 0x20, 0x20, 0x22, 0x74, 0x79, 0x70, 0x65, 0x53, 0x68, 0x61, 0x70, 0x65, 0x22, 0x3A,
    0x20, 0x30, 0x2C, 0x0D, 0x0A, 0x20, 0x20, 0x20, 0x20, 0x20, 0x20, 0x20, 0x20, 0x20, 0x20, 0x20,
    0x20, 0x22, 0x61, 0x72, 0x72, 0x61, 0x79, 0x45, 0x6C, 0x65, 0x6D, 0x65, 0x6E, 0x74, 0x54, 0x79,
    0x70, 0x65, 0x53, 0x68, 0x61, 0x70, 0x65, 0x22, 0x3A, 0x20, 0x30, 0x2C, 0x0D, 0x0A, 0x20, 0x20,
    0x20, 0x20, 0x20, 0x20, 0x20, 0x20, 0x20, 0x20, 0x20, 0x20, 0x22, 0x69, 0x73, 0x53, 0x65, 0x61,
    0x6C, 0x65, 0x64, 0x22, 0x3A, 0x20, 0x66, 0x61, 0x6C, 0x73, 0x65, 0x2C, 0x0D, 0x0A, 0x20, 0x20,
    0x20, 0x20, 0x20, 0x20, 0x20, 0x20, 0x20, 0x20, 0x20, 0x20, 0x22, 0x69, 0x73, 0x43, 0x6F, 0x6D,
    0x49, 0x6D, 0x70, 0x6F, 0x72, 0x74, 0x22, 0x3A, 0x20, 0x66, 0x61, 0x6C, 0x73, 0x65, 0x2C, 0x0D,
    0x0A, 0x20, 0x20, 0x20, 0x20, 0x20, 0x20, 0x20, 0x20, 0x20, 0x20, 0x20, 0x20, 0x22, 0x63, 0x6F,
    0x6D, 0x49, 0x6E, 0x74, 0x65, 0x72, 0x66, 0x61, 0x63, 0x65, 0x54, 0x79, 0x70, 0x65, 0x4B, 0x69,
    0x6E, 0x64, 0x22, 0x3A, 0x20, 0x30, 0x2C, 0x0D, 0x0A, 0x20, 0x20, 0x20, 0x20, 0x20, 0x20, 0x20,
    0x20, 0x20, 0x20, 0x20, 0x20, 0x22, 0x64, 0x65, 0x63, 0x6C, 0x61, 0x72, 0x69, 0x6E, 0x67, 0x54,
    0x79, 0x70, 0x65, 0x53, 0x68, 0x61, 0x70, 0x65, 0x22, 0x3A, 0x20, 0x30, 0x0D, 0x0A, 0x20, 0x20,
    0x20, 0x20, 0x20, 0x20, 0x20, 0x20, 0x20, 0x20, 0x7D, 0x2C, 0x0D, 0x0A, 0x20, 0x20, 0x20, 0x20,
    0x20, 0x20, 0x20, 0x20, 0x20, 0x20, 0x22, 0x64, 0x69, 0x73, 0x70, 0x61, 0x74, 0x63, 0x68, 0x4B,
    0x69, 0x6E, 0x64, 0x43, 0x6F, 0x64, 0x65, 0x22, 0x3A, 0x20, 0x34, 0x2C, 0x0D, 0x0A, 0x20, 0x20,
    0x20, 0x20, 0x20, 0x20, 0x20, 0x20, 0x20, 0x20, 0x22, 0x69, 0x73, 0x50, 0x72, 0x65, 0x73, 0x65,
    0x72, 0x76, 0x65, 0x53, 0x69, 0x67, 0x22, 0x3A, 0x20, 0x66, 0x61, 0x6C, 0x73, 0x65, 0x0D, 0x0A,
    0x20, 0x20, 0x20, 0x20, 0x20, 0x20, 0x20, 0x20, 0x7D, 0x2C, 0x0D, 0x0A, 0x20, 0x20, 0x20, 0x20,
    0x20, 0x20, 0x20, 0x20, 0x7B, 0x0D, 0x0A, 0x20, 0x20, 0x20, 0x20, 0x20, 0x20, 0x20, 0x20, 0x20,
    0x20, 0x22, 0x6F, 0x70, 0x22, 0x3A, 0x20, 0x22, 0x6C, 0x64, 0x63, 0x2E, 0x69, 0x34, 0x22, 0x2C,
    0x0D, 0x0A, 0x20, 0x20, 0x20, 0x20, 0x20, 0x20, 0x20, 0x20, 0x20, 0x20, 0x22, 0x6F, 0x70, 0x43,
    0x6F, 0x64, 0x65, 0x22, 0x3A, 0x20, 0x30, 0x2C, 0x0D, 0x0A, 0x20, 0x20, 0x20, 0x20, 0x20, 0x20,
    0x20, 0x20, 0x20, 0x20, 0x22, 0x6F, 0x70, 0x65, 0x72, 0x61, 0x6E, 0x64, 0x22, 0x3A, 0x20, 0x32,
    0x32, 0x2C, 0x0D, 0x0A, 0x20, 0x20, 0x20, 0x20, 0x20, 0x20, 0x20, 0x20, 0x20, 0x20, 0x22, 0x69,
    0x6C, 0x4F, 0x66, 0x66, 0x73, 0x65, 0x74, 0x22, 0x3A, 0x20, 0x33, 0x37, 0x2C, 0x0D, 0x0A, 0x20,
    0x20, 0x20, 0x20, 0x20, 0x20, 0x20, 0x20, 0x20, 0x20, 0x22, 0x72, 0x65, 0x73, 0x75, 0x6C, 0x74,
    0x54, 0x79, 0x70, 0x65, 0x22, 0x3A, 0x20, 0x22, 0x53, 0x79, 0x73, 0x74, 0x65, 0x6D, 0x2E, 0x49,
    0x6E, 0x74, 0x33, 0x32, 0x22, 0x2C, 0x0D, 0x0A, 0x20, 0x20, 0x20, 0x20, 0x20, 0x20, 0x20, 0x20,
    0x20, 0x20, 0x22, 0x69, 0x73, 0x50, 0x72, 0x65, 0x73, 0x65, 0x72, 0x76, 0x65, 0x53, 0x69, 0x67,
    0x22, 0x3A, 0x20, 0x66, 0x61, 0x6C, 0x73, 0x65, 0x0D, 0x0A, 0x20, 0x20, 0x20, 0x20, 0x20, 0x20,
    0x20, 0x20, 0x7D, 0x2C, 0x0D, 0x0A, 0x20, 0x20, 0x20, 0x20, 0x20, 0x20, 0x20, 0x20, 0x7B, 0x0D,
    0x0A, 0x20, 0x20, 0x20, 0x20, 0x20, 0x20, 0x20, 0x20, 0x20, 0x20, 0x22, 0x6F, 0x70, 0x22, 0x3A,
    0x20, 0x22, 0x63, 0x65, 0x71, 0x22, 0x2C, 0x0D, 0x0A, 0x20, 0x20, 0x20, 0x20, 0x20, 0x20, 0x20,
    0x20, 0x20, 0x20, 0x22, 0x6F, 0x70, 0x43, 0x6F, 0x64, 0x65, 0x22, 0x3A, 0x20, 0x33, 0x31, 0x2C,
    0x0D, 0x0A, 0x20, 0x20, 0x20, 0x20, 0x20, 0x20, 0x20, 0x20, 0x20, 0x20, 0x22, 0x69, 0x6C, 0x4F,
    0x66, 0x66, 0x73, 0x65, 0x74, 0x22, 0x3A, 0x20, 0x33, 0x39, 0x2C, 0x0D, 0x0A, 0x20, 0x20, 0x20,
    0x20, 0x20, 0x20, 0x20, 0x20, 0x20, 0x20, 0x22, 0x72, 0x65, 0x73, 0x75, 0x6C, 0x74, 0x54, 0x79,
    0x70, 0x65, 0x22, 0x3A, 0x20, 0x22, 0x53, 0x79, 0x73, 0x74, 0x65, 0x6D, 0x2E, 0x49, 0x6E, 0x74,
    0x33, 0x32, 0x22, 0x2C, 0x0D, 0x0A, 0x20, 0x20, 0x20, 0x20, 0x20, 0x20, 0x20, 0x20, 0x20, 0x20,
    0x22, 0x69, 0x73, 0x50, 0x72, 0x65, 0x73, 0x65, 0x72, 0x76, 0x65, 0x53, 0x69, 0x67, 0x22, 0x3A,
    0x20, 0x66, 0x61, 0x6C, 0x73, 0x65, 0x0D, 0x0A, 0x20, 0x20, 0x20, 0x20, 0x20, 0x20, 0x20, 0x20,
    0x7D, 0x2C, 0x0D, 0x0A, 0x20, 0x20, 0x20, 0x20, 0x20, 0x20, 0x20, 0x20, 0x7B, 0x0D, 0x0A, 0x20,
    0x20, 0x20, 0x20, 0x20, 0x20, 0x20, 0x20, 0x20, 0x20, 0x22, 0x6F, 0x70, 0x22, 0x3A, 0x20, 0x22,
    0x6C, 0x64, 0x63, 0x2E, 0x69, 0x34, 0x22, 0x2C, 0x0D, 0x0A, 0x20, 0x20, 0x20, 0x20, 0x20, 0x20,
    0x20, 0x20, 0x20, 0x20, 0x22, 0x6F, 0x70, 0x43, 0x6F, 0x64, 0x65, 0x22, 0x3A, 0x20, 0x30, 0x2C,
    0x0D, 0x0A, 0x20, 0x20, 0x20, 0x20, 0x20, 0x20, 0x20, 0x20, 0x20, 0x20, 0x22, 0x6F, 0x70, 0x65,
    0x72, 0x61, 0x6E, 0x64, 0x22, 0x3A, 0x20, 0x30, 0x2C, 0x0D, 0x0A, 0x20, 0x20, 0x20, 0x20, 0x20,
    0x20, 0x20, 0x20, 0x20, 0x20, 0x22, 0x69, 0x6C, 0x4F, 0x66, 0x66, 0x73, 0x65, 0x74, 0x22, 0x3A,
    0x20, 0x34, 0x31, 0x2C, 0x0D, 0x0A, 0x20, 0x20, 0x20, 0x20, 0x20, 0x20, 0x20, 0x20, 0x20, 0x20,
    0x22, 0x72, 0x65, 0x73, 0x75, 0x6C, 0x74, 0x54, 0x79, 0x70, 0x65, 0x22, 0x3A, 0x20, 0x22, 0x53,
    0x79, 0x73, 0x74, 0x65, 0x6D, 0x2E, 0x49, 0x6E, 0x74, 0x33, 0x32, 0x22, 0x2C, 0x0D, 0x0A, 0x20,
    0x20, 0x20, 0x20, 0x20, 0x20, 0x20, 0x20, 0x20, 0x20, 0x22, 0x69, 0x73, 0x50, 0x72, 0x65, 0x73,
    0x65, 0x72, 0x76, 0x65, 0x53, 0x69, 0x67, 0x22, 0x3A, 0x20, 0x66, 0x61, 0x6C, 0x73, 0x65, 0x0D,
    0x0A, 0x20, 0x20, 0x20, 0x20, 0x20, 0x20, 0x20, 0x20, 0x7D, 0x2C, 0x0D, 0x0A, 0x20, 0x20, 0x20,
    0x20, 0x20, 0x20, 0x20, 0x20, 0x7B, 0x0D, 0x0A, 0x20, 0x20, 0x20, 0x20, 0x20, 0x20, 0x20, 0x20,
    0x20, 0x20, 0x22, 0x6F, 0x70, 0x22, 0x3A, 0x20, 0x22, 0x63, 0x65, 0x71, 0x22, 0x2C, 0x0D, 0x0A,
    0x20, 0x20, 0x20, 0x20, 0x20, 0x20, 0x20, 0x20, 0x20, 0x20, 0x22, 0x6F, 0x70, 0x43, 0x6F, 0x64,
    0x65, 0x22, 0x3A, 0x20, 0x33, 0x31, 0x2C, 0x0D, 0x0A, 0x20, 0x20, 0x20, 0x20, 0x20, 0x20, 0x20,
    0x20, 0x20, 0x20, 0x22, 0x69, 0x6C, 0x4F, 0x66, 0x66, 0x73, 0x65, 0x74, 0x22, 0x3A, 0x20, 0x34,
    0x32, 0x2C, 0x0D, 0x0A, 0x20, 0x20, 0x20, 0x20, 0x20, 0x20, 0x20, 0x20, 0x20, 0x20, 0x22, 0x72,
    0x65, 0x73, 0x75, 0x6C, 0x74, 0x54, 0x79, 0x70, 0x65, 0x22, 0x3A, 0x20, 0x22, 0x53, 0x79, 0x73,
    0x74, 0x65, 0x6D, 0x2E, 0x49, 0x6E, 0x74, 0x33, 0x32, 0x22, 0x2C, 0x0D, 0x0A, 0x20, 0x20, 0x20,
    0x20, 0x20, 0x20, 0x20, 0x20, 0x20, 0x20, 0x22, 0x69, 0x73, 0x50, 0x72, 0x65, 0x73, 0x65, 0x72,
    0x76, 0x65, 0x53, 0x69, 0x67, 0x22, 0x3A, 0x20, 0x66, 0x61, 0x6C, 0x73, 0x65, 0x0D, 0x0A, 0x20,
    0x20, 0x20, 0x20, 0x20, 0x20, 0x20, 0x20, 0x7D, 0x2C, 0x0D, 0x0A, 0x20, 0x20, 0x20, 0x20, 0x20,
    0x20, 0x20, 0x20, 0x7B, 0x0D, 0x0A, 0x20, 0x20, 0x20, 0x20, 0x20, 0x20, 0x20, 0x20, 0x20, 0x20,
    0x22, 0x6F, 0x70, 0x22, 0x3A, 0x20, 0x22, 0x73, 0x74, 0x6C, 0x6F, 0x63, 0x22, 0x2C, 0x0D, 0x0A,
    0x20, 0x20, 0x20, 0x20, 0x20, 0x20, 0x20, 0x20, 0x20, 0x20, 0x22, 0x6F, 0x70, 0x43, 0x6F, 0x64,
    0x65, 0x22, 0x3A, 0x20, 0x38, 0x2C, 0x0D, 0x0A, 0x20, 0x20, 0x20, 0x20, 0x20, 0x20, 0x20, 0x20,
    0x20, 0x20, 0x22, 0x6F, 0x70, 0x65, 0x72, 0x61, 0x6E, 0x64, 0x22, 0x3A, 0x20, 0x30, 0x2C, 0x0D,
    0x0A, 0x20, 0x20, 0x20, 0x20, 0x20, 0x20, 0x20, 0x20, 0x20, 0x20, 0x22, 0x69, 0x6C, 0x4F, 0x66,
    0x66, 0x73, 0x65, 0x74, 0x22, 0x3A, 0x20, 0x34, 0x34, 0x2C, 0x0D, 0x0A, 0x20, 0x20, 0x20, 0x20,
    0x20, 0x20, 0x20, 0x20, 0x20, 0x20, 0x22, 0x72, 0x65, 0x73, 0x75, 0x6C, 0x74, 0x54, 0x79, 0x70,
    0x65, 0x22, 0x3A, 0x20, 0x22, 0x53, 0x79, 0x73, 0x74, 0x65, 0x6D, 0x2E, 0x56, 0x6F, 0x69, 0x64,
    0x22, 0x2C, 0x0D, 0x0A, 0x20, 0x20, 0x20, 0x20, 0x20, 0x20, 0x20, 0x20, 0x20, 0x20, 0x22, 0x69,
    0x73, 0x50, 0x72, 0x65, 0x73, 0x65, 0x72, 0x76, 0x65, 0x53, 0x69, 0x67, 0x22, 0x3A, 0x20, 0x66,
    0x61, 0x6C, 0x73, 0x65, 0x0D, 0x0A, 0x20, 0x20, 0x20, 0x20, 0x20, 0x20, 0x20, 0x20, 0x7D, 0x2C,
    0x0D, 0x0A, 0x20, 0x20, 0x20, 0x20, 0x20, 0x20, 0x20, 0x20, 0x7B, 0x0D, 0x0A, 0x20, 0x20, 0x20,
    0x20, 0x20, 0x20, 0x20, 0x20, 0x20, 0x20, 0x22, 0x6F, 0x70, 0x22, 0x3A, 0x20, 0x22, 0x6C, 0x64,
    0x6C, 0x6F, 0x63, 0x22, 0x2C, 0x0D, 0x0A, 0x20, 0x20, 0x20, 0x20, 0x20, 0x20, 0x20, 0x20, 0x20,
    0x20, 0x22, 0x6F, 0x70, 0x43, 0x6F, 0x64, 0x65, 0x22, 0x3A, 0x20, 0x37, 0x2C, 0x0D, 0x0A, 0x20,
    0x20, 0x20, 0x20, 0x20, 0x20, 0x20, 0x20, 0x20, 0x20, 0x22, 0x6F, 0x70, 0x65, 0x72, 0x61, 0x6E,
    0x64, 0x22, 0x3A, 0x20, 0x30, 0x2C, 0x0D, 0x0A, 0x20, 0x20, 0x20, 0x20, 0x20, 0x20, 0x20, 0x20,
    0x20, 0x20, 0x22, 0x69, 0x6C, 0x4F, 0x66, 0x66, 0x73, 0x65, 0x74, 0x22, 0x3A, 0x20, 0x34, 0x35,
    0x2C, 0x0D, 0x0A, 0x20, 0x20, 0x20, 0x20, 0x20, 0x20, 0x20, 0x20, 0x20, 0x20, 0x22, 0x69, 0x73,
    0x50, 0x72, 0x65, 0x73, 0x65, 0x72, 0x76, 0x65, 0x53, 0x69, 0x67, 0x22, 0x3A, 0x20, 0x66, 0x61,
    0x6C, 0x73, 0x65, 0x0D, 0x0A, 0x20, 0x20, 0x20, 0x20, 0x20, 0x20, 0x20, 0x20, 0x7D, 0x2C, 0x0D,
    0x0A, 0x20, 0x20, 0x20, 0x20, 0x20, 0x20, 0x20, 0x20, 0x7B, 0x0D, 0x0A, 0x20, 0x20, 0x20, 0x20,
    0x20, 0x20, 0x20, 0x20, 0x20, 0x20, 0x22, 0x6F, 0x70, 0x22, 0x3A, 0x20, 0x22, 0x62, 0x72, 0x66,
    0x61, 0x6C, 0x73, 0x65, 0x22, 0x2C, 0x0D, 0x0A, 0x20, 0x20, 0x20, 0x20, 0x20, 0x20, 0x20, 0x20,
    0x20, 0x20, 0x22, 0x6F, 0x70, 0x43, 0x6F, 0x64, 0x65, 0x22, 0x3A, 0x20, 0x31, 0x39, 0x2C, 0x0D,
    0x0A, 0x20, 0x20, 0x20, 0x20, 0x20, 0x20, 0x20, 0x20, 0x20, 0x20, 0x22, 0x6F, 0x70, 0x65, 0x72,
    0x61, 0x6E, 0x64, 0x22, 0x3A, 0x20, 0x35, 0x34, 0x2C, 0x0D, 0x0A, 0x20, 0x20, 0x20, 0x20, 0x20,
    0x20, 0x20, 0x20, 0x20, 0x20, 0x22, 0x69, 0x6C, 0x4F, 0x66, 0x66, 0x73, 0x65, 0x74, 0x22, 0x3A,
    0x20, 0x34, 0x36, 0x2C, 0x0D, 0x0A, 0x20, 0x20, 0x20, 0x20, 0x20, 0x20, 0x20, 0x20, 0x20, 0x20,
    0x22, 0x72, 0x65, 0x73, 0x75, 0x6C, 0x74, 0x54, 0x79, 0x70, 0x65, 0x22, 0x3A, 0x20, 0x22, 0x53,
    0x79, 0x73, 0x74, 0x65, 0x6D, 0x2E, 0x56, 0x6F, 0x69, 0x64, 0x22, 0x2C, 0x0D, 0x0A, 0x20, 0x20,
    0x20, 0x20, 0x20, 0x20, 0x20, 0x20, 0x20, 0x20, 0x22, 0x69, 0x73, 0x50, 0x72, 0x65, 0x73, 0x65,
    0x72, 0x76, 0x65, 0x53, 0x69, 0x67, 0x22, 0x3A, 0x20, 0x66, 0x61, 0x6C, 0x73, 0x65, 0x0D, 0x0A,
    0x20, 0x20, 0x20, 0x20, 0x20, 0x20, 0x20, 0x20, 0x7D, 0x2C, 0x0D, 0x0A, 0x20, 0x20, 0x20, 0x20,
    0x20, 0x20, 0x20, 0x20, 0x7B, 0x0D, 0x0A, 0x20, 0x20, 0x20, 0x20, 0x20, 0x20, 0x20, 0x20, 0x20,
    0x20, 0x22, 0x6F, 0x70, 0x22, 0x3A, 0x20, 0x22, 0x6C, 0x64, 0x63, 0x2E, 0x69, 0x34, 0x22, 0x2C,
    0x0D, 0x0A, 0x20, 0x20, 0x20, 0x20, 0x20, 0x20, 0x20, 0x20, 0x20, 0x20, 0x22, 0x6F, 0x70, 0x43,
    0x6F, 0x64, 0x65, 0x22, 0x3A, 0x20, 0x30, 0x2C, 0x0D, 0x0A, 0x20, 0x20, 0x20, 0x20, 0x20, 0x20,
    0x20, 0x20, 0x20, 0x20, 0x22, 0x6F, 0x70, 0x65, 0x72, 0x61, 0x6E, 0x64, 0x22, 0x3A, 0x20, 0x31,
    0x2C, 0x0D, 0x0A, 0x20, 0x20, 0x20, 0x20, 0x20, 0x20, 0x20, 0x20, 0x20, 0x20, 0x22, 0x69, 0x6C,
    0x4F, 0x66, 0x66, 0x73, 0x65, 0x74, 0x22, 0x3A, 0x20, 0x34, 0x38, 0x2C, 0x0D, 0x0A, 0x20, 0x20,
    0x20, 0x20, 0x20, 0x20, 0x20, 0x20, 0x20, 0x20, 0x22, 0x72, 0x65, 0x73, 0x75, 0x6C, 0x74, 0x54,
    0x79, 0x70, 0x65, 0x22, 0x3A, 0x20, 0x22, 0x53, 0x79, 0x73, 0x74, 0x65, 0x6D, 0x2E, 0x49, 0x6E,
    0x74, 0x33, 0x32, 0x22, 0x2C, 0x0D, 0x0A, 0x20, 0x20, 0x20, 0x20, 0x20, 0x20, 0x20, 0x20, 0x20,
    0x20, 0x22, 0x69, 0x73, 0x50, 0x72, 0x65, 0x73, 0x65, 0x72, 0x76, 0x65, 0x53, 0x69, 0x67, 0x22,
    0x3A, 0x20, 0x66, 0x61, 0x6C, 0x73, 0x65, 0x0D, 0x0A, 0x20, 0x20, 0x20, 0x20, 0x20, 0x20, 0x20,
    0x20, 0x7D, 0x2C, 0x0D, 0x0A, 0x20, 0x20, 0x20, 0x20, 0x20, 0x20, 0x20, 0x20, 0x7B, 0x0D, 0x0A,
    0x20, 0x20, 0x20, 0x20, 0x20, 0x20, 0x20, 0x20, 0x20, 0x20, 0x22, 0x6F, 0x70, 0x22, 0x3A, 0x20,
    0x22, 0x73, 0x74, 0x73, 0x66, 0x6C, 0x64, 0x22, 0x2C, 0x0D, 0x0A, 0x20, 0x20, 0x20, 0x20, 0x20,
    0x20, 0x20, 0x20, 0x20, 0x20, 0x22, 0x6F, 0x70, 0x43, 0x6F, 0x64, 0x65, 0x22, 0x3A, 0x20, 0x31,
    0x33, 0x2C, 0x0D, 0x0A, 0x20, 0x20, 0x20, 0x20, 0x20, 0x20, 0x20, 0x20, 0x20, 0x20, 0x22, 0x6F,
    0x70, 0x65, 0x72, 0x61, 0x6E, 0x64, 0x22, 0x3A, 0x20, 0x22, 0x41, 0x74, 0x74, 0x72, 0x69, 0x62,
    0x75, 0x74, 0x65, 0x73, 0x43, 0x75, 0x73, 0x74, 0x6F, 0x6D, 0x4D, 0x65, 0x74, 0x61, 0x64, 0x61,
    0x74, 0x61, 0x53, 0x75, 0x62, 0x6A, 0x65, 0x63, 0x74, 0x73, 0x2F, 0x41, 0x74, 0x74, 0x72, 0x69,
    0x62, 0x75, 0x74, 0x65, 0x73, 0x43, 0x75, 0x73, 0x74, 0x6F, 0x6D, 0x4D, 0x65, 0x74, 0x61, 0x64,
    0x61, 0x74, 0x61, 0x53, 0x75, 0x62, 0x6A, 0x65, 0x63, 0x74, 0x73, 0x3A, 0x3A, 0x5F, 0x65, 0x78,
    0x69, 0x74, 0x43, 0x6F, 0x64, 0x65, 0x22, 0x2C, 0x0D, 0x0A, 0x20, 0x20, 0x20, 0x20, 0x20, 0x20,
    0x20, 0x20, 0x20, 0x20, 0x22, 0x69, 0x6C, 0x4F, 0x66, 0x66, 0x73, 0x65, 0x74, 0x22, 0x3A, 0x20,
    0x34, 0x39, 0x2C, 0x0D, 0x0A, 0x20, 0x20, 0x20, 0x20, 0x20, 0x20, 0x20, 0x20, 0x20, 0x20, 0x22,
    0x72, 0x65, 0x73, 0x75, 0x6C, 0x74, 0x54, 0x79, 0x70, 0x65, 0x22, 0x3A, 0x20, 0x22, 0x53, 0x79,
    0x73, 0x74, 0x65, 0x6D, 0x2E, 0x56, 0x6F, 0x69, 0x64, 0x22, 0x2C, 0x0D, 0x0A, 0x20, 0x20, 0x20,
    0x20, 0x20, 0x20, 0x20, 0x20, 0x20, 0x20, 0x22, 0x72, 0x65, 0x66, 0x65, 0x72, 0x65, 0x6E, 0x63,
    0x65, 0x22, 0x3A, 0x20, 0x7B, 0x0D, 0x0A, 0x20, 0x20, 0x20, 0x20, 0x20, 0x20, 0x20, 0x20, 0x20,
    0x20, 0x20, 0x20, 0x22, 0x61, 0x73, 0x73, 0x65, 0x6D, 0x62, 0x6C, 0x79, 0x4E, 0x61, 0x6D, 0x65,
    0x22, 0x3A, 0x20, 0x22, 0x41, 0x74, 0x74, 0x72, 0x69, 0x62, 0x75, 0x74, 0x65, 0x73, 0x43, 0x75,
    0x73, 0x74, 0x6F, 0x6D, 0x4D, 0x65, 0x74, 0x61, 0x64, 0x61, 0x74, 0x61, 0x53, 0x75, 0x62, 0x6A,
    0x65, 0x63, 0x74, 0x73, 0x22, 0x2C, 0x0D, 0x0A, 0x20, 0x20, 0x20, 0x20, 0x20, 0x20, 0x20, 0x20,
    0x20, 0x20, 0x20, 0x20, 0x22, 0x73, 0x75, 0x62, 0x6A, 0x65, 0x63, 0x74, 0x4B, 0x69, 0x6E, 0x64,
    0x22, 0x3A, 0x20, 0x22, 0x66, 0x69, 0x65, 0x6C, 0x64, 0x22, 0x2C, 0x0D, 0x0A, 0x20, 0x20, 0x20,
    0x20, 0x20, 0x20, 0x20, 0x20, 0x20, 0x20, 0x20, 0x20, 0x22, 0x73, 0x75, 0x62, 0x6A, 0x65, 0x63,
    0x74, 0x49, 0x64, 0x22, 0x3A, 0x20, 0x22, 0x41, 0x74, 0x74, 0x72, 0x69, 0x62, 0x75, 0x74, 0x65,
    0x73, 0x43, 0x75, 0x73, 0x74, 0x6F, 0x6D, 0x4D, 0x65, 0x74, 0x61, 0x64, 0x61, 0x74, 0x61, 0x53,
    0x75, 0x62, 0x6A, 0x65, 0x63, 0x74, 0x73, 0x2F, 0x41, 0x74, 0x74, 0x72, 0x69, 0x62, 0x75, 0x74,
    0x65, 0x73, 0x43, 0x75, 0x73, 0x74, 0x6F, 0x6D, 0x4D, 0x65, 0x74, 0x61, 0x64, 0x61, 0x74, 0x61,
    0x53, 0x75, 0x62, 0x6A, 0x65, 0x63, 0x74, 0x73, 0x3A, 0x3A, 0x5F, 0x65, 0x78, 0x69, 0x74, 0x43,
    0x6F, 0x64, 0x65, 0x22, 0x0D, 0x0A, 0x20, 0x20, 0x20, 0x20, 0x20, 0x20, 0x20, 0x20, 0x20, 0x20,
    0x7D, 0x2C, 0x0D, 0x0A, 0x20, 0x20, 0x20, 0x20, 0x20, 0x20, 0x20, 0x20, 0x20, 0x20, 0x22, 0x74,
    0x61, 0x72, 0x67, 0x65, 0x74, 0x52, 0x65, 0x66, 0x65, 0x72, 0x65, 0x6E, 0x63, 0x65, 0x22, 0x3A,
    0x20, 0x7B, 0x0D, 0x0A, 0x20, 0x20, 0x20, 0x20, 0x20, 0x20, 0x20, 0x20, 0x20, 0x20, 0x20, 0x20,
    0x22, 0x6B, 0x69, 0x6E, 0x64, 0x22, 0x3A, 0x20, 0x32, 0x2C, 0x0D, 0x0A, 0x20, 0x20, 0x20, 0x20,
    0x20, 0x20, 0x20, 0x20, 0x20, 0x20, 0x20, 0x20, 0x22, 0x61, 0x73, 0x73, 0x65, 0x6D, 0x62, 0x6C,
    0x79, 0x4E, 0x61, 0x6D, 0x65, 0x22, 0x3A, 0x20, 0x22, 0x41, 0x74, 0x74, 0x72, 0x69, 0x62, 0x75,
    0x74, 0x65, 0x73, 0x43, 0x75, 0x73, 0x74, 0x6F, 0x6D, 0x4D, 0x65, 0x74, 0x61, 0x64, 0x61, 0x74,
    0x61, 0x53, 0x75, 0x62, 0x6A, 0x65, 0x63, 0x74, 0x73, 0x22, 0x2C, 0x0D, 0x0A, 0x20, 0x20, 0x20,
    0x20, 0x20, 0x20, 0x20, 0x20, 0x20, 0x20, 0x20, 0x20, 0x22, 0x73, 0x75, 0x62, 0x6A, 0x65, 0x63,
    0x74, 0x49, 0x64, 0x22, 0x3A, 0x20, 0x22, 0x41, 0x74, 0x74, 0x72, 0x69, 0x62, 0x75, 0x74, 0x65,
    0x73, 0x43, 0x75, 0x73, 0x74, 0x6F, 0x6D, 0x4D, 0x65, 0x74, 0x61, 0x64, 0x61, 0x74, 0x61, 0x53,
    0x75, 0x62, 0x6A, 0x65, 0x63, 0x74, 0x73, 0x2F, 0x41, 0x74, 0x74, 0x72, 0x69, 0x62, 0x75, 0x74,
    0x65, 0x73, 0x43, 0x75, 0x73, 0x74, 0x6F, 0x6D, 0x4D, 0x65, 0x74, 0x61, 0x64, 0x61, 0x74, 0x61,
    0x53, 0x75, 0x62, 0x6A, 0x65, 0x63, 0x74, 0x73, 0x3A, 0x3A, 0x5F, 0x65, 0x78, 0x69, 0x74, 0x43,
    0x6F, 0x64, 0x65, 0x22, 0x2C, 0x0D, 0x0A, 0x20, 0x20, 0x20, 0x20, 0x20, 0x20, 0x20, 0x20, 0x20,
    0x20, 0x20, 0x20, 0x22, 0x74, 0x79, 0x70, 0x65, 0x53, 0x68, 0x61, 0x70, 0x65, 0x22, 0x3A, 0x20,
    0x30, 0x2C, 0x0D, 0x0A, 0x20, 0x20, 0x20, 0x20, 0x20, 0x20, 0x20, 0x20, 0x20, 0x20, 0x20, 0x20,
    0x22, 0x61, 0x72, 0x72, 0x61, 0x79, 0x45, 0x6C, 0x65, 0x6D, 0x65, 0x6E, 0x74, 0x54, 0x79, 0x70,
    0x65, 0x53, 0x68, 0x61, 0x70, 0x65, 0x22, 0x3A, 0x20, 0x30, 0x2C, 0x0D, 0x0A, 0x20, 0x20, 0x20,
    0x20, 0x20, 0x20, 0x20, 0x20, 0x20, 0x20, 0x20, 0x20, 0x22, 0x69, 0x73, 0x53, 0x65, 0x61, 0x6C,
    0x65, 0x64, 0x22, 0x3A, 0x20, 0x66, 0x61, 0x6C, 0x73, 0x65, 0x2C, 0x0D, 0x0A, 0x20, 0x20, 0x20,
    0x20, 0x20, 0x20, 0x20, 0x20, 0x20, 0x20, 0x20, 0x20, 0x22, 0x69, 0x73, 0x43, 0x6F, 0x6D, 0x49,
    0x6D, 0x70, 0x6F, 0x72, 0x74, 0x22, 0x3A, 0x20, 0x66, 0x61, 0x6C, 0x73, 0x65, 0x2C, 0x0D, 0x0A,
    0x20, 0x20, 0x20, 0x20, 0x20, 0x20, 0x20, 0x20, 0x20, 0x20, 0x20, 0x20, 0x22, 0x63, 0x6F, 0x6D,
    0x49, 0x6E, 0x74, 0x65, 0x72, 0x66, 0x61, 0x63, 0x65, 0x54, 0x79, 0x70, 0x65, 0x4B, 0x69, 0x6E,
    0x64, 0x22, 0x3A, 0x20, 0x30, 0x2C, 0x0D, 0x0A, 0x20, 0x20, 0x20, 0x20, 0x20, 0x20, 0x20, 0x20,
    0x20, 0x20, 0x20, 0x20, 0x22, 0x64, 0x65, 0x63, 0x6C, 0x61, 0x72, 0x69, 0x6E, 0x67, 0x54, 0x79,
    0x70, 0x65, 0x53, 0x75, 0x62, 0x6A, 0x65, 0x63, 0x74, 0x49, 0x64, 0x22, 0x3A, 0x20, 0x22, 0x41,
    0x74, 0x74, 0x72, 0x69, 0x62, 0x75, 0x74, 0x65, 0x73, 0x43, 0x75, 0x73, 0x74, 0x6F, 0x6D, 0x4D,
    0x65, 0x74, 0x61, 0x64, 0x61, 0x74, 0x61, 0x53, 0x75, 0x62, 0x6A, 0x65, 0x63, 0x74, 0x73, 0x2F,
    0x41, 0x74, 0x74, 0x72, 0x69, 0x62, 0x75, 0x74, 0x65, 0x73, 0x43, 0x75, 0x73, 0x74, 0x6F, 0x6D,
    0x4D, 0x65, 0x74, 0x61, 0x64, 0x61, 0x74, 0x61, 0x53, 0x75, 0x62, 0x6A, 0x65, 0x63, 0x74, 0x73,
    0x22, 0x2C, 0x0D, 0x0A, 0x20, 0x20, 0x20, 0x20, 0x20, 0x20, 0x20, 0x20, 0x20, 0x20, 0x20, 0x20,
    0x22, 0x64, 0x65, 0x63, 0x6C, 0x61, 0x72, 0x69, 0x6E, 0x67, 0x54, 0x79, 0x70, 0x65, 0x53, 0x68,
    0x61, 0x70, 0x65, 0x22, 0x3A, 0x20, 0x31, 0x2C, 0x0D, 0x0A, 0x20, 0x20, 0x20, 0x20, 0x20, 0x20,
    0x20, 0x20, 0x20, 0x20, 0x20, 0x20, 0x22, 0x66, 0x69, 0x65, 0x6C, 0x64, 0x54, 0x79, 0x70, 0x65,
    0x53, 0x75, 0x62, 0x6A, 0x65, 0x63, 0x74, 0x49, 0x64, 0x22, 0x3A, 0x20, 0x22, 0x53, 0x79, 0x73,
    0x74, 0x65, 0x6D, 0x2E, 0x49, 0x6E, 0x74, 0x33, 0x32, 0x22, 0x0D, 0x0A, 0x20, 0x20, 0x20, 0x20,
    0x20, 0x20, 0x20, 0x20, 0x20, 0x20, 0x7D, 0x2C, 0x0D, 0x0A, 0x20, 0x20, 0x20, 0x20, 0x20, 0x20,
    0x20, 0x20, 0x20, 0x20, 0x22, 0x72, 0x75, 0x6E, 0x74, 0x69, 0x6D, 0x65, 0x53, 0x65, 0x72, 0x76,
    0x69, 0x63, 0x65, 0x4B, 0x69, 0x6E, 0x64, 0x22, 0x3A, 0x20, 0x35, 0x2C, 0x0D, 0x0A, 0x20, 0x20,
    0x20, 0x20, 0x20, 0x20, 0x20, 0x20, 0x20, 0x20, 0x22, 0x69, 0x73, 0x50, 0x72, 0x65, 0x73, 0x65,
    0x72, 0x76, 0x65, 0x53, 0x69, 0x67, 0x22, 0x3A, 0x20, 0x66, 0x61, 0x6C, 0x73, 0x65, 0x0D, 0x0A,
    0x20, 0x20, 0x20, 0x20, 0x20, 0x20, 0x20, 0x20, 0x7D, 0x2C, 0x0D, 0x0A, 0x20, 0x20, 0x20, 0x20,
    0x20, 0x20, 0x20, 0x20, 0x7B, 0x0D, 0x0A, 0x20, 0x20, 0x20, 0x20, 0x20, 0x20, 0x20, 0x20, 0x20,
    0x20, 0x22, 0x6F, 0x70, 0x22, 0x3A, 0x20, 0x22, 0x72, 0x65, 0x74, 0x22, 0x2C, 0x0D, 0x0A, 0x20,
    0x20, 0x20, 0x20, 0x20, 0x20, 0x20, 0x20, 0x20, 0x20, 0x22, 0x6F, 0x70, 0x43, 0x6F, 0x64, 0x65,
    0x22, 0x3A, 0x20, 0x35, 0x33, 0x2C, 0x0D, 0x0A, 0x20, 0x20, 0x20, 0x20, 0x20, 0x20, 0x20, 0x20,
    0x20, 0x20, 0x22, 0x69, 0x6C, 0x4F, 0x66, 0x66, 0x73, 0x65, 0x74, 0x22, 0x3A, 0x20, 0x35, 0x34,
    0x2C, 0x0D, 0x0A, 0x20, 0x20, 0x20, 0x20, 0x20, 0x20, 0x20, 0x20, 0x20, 0x20, 0x22, 0x69, 0x73,
    0x50, 0x72, 0x65, 0x73, 0x65, 0x72, 0x76, 0x65, 0x53, 0x69, 0x67, 0x22, 0x3A, 0x20, 0x66, 0x61,
    0x6C, 0x73, 0x65, 0x0D, 0x0A, 0x20, 0x20, 0x20, 0x20, 0x20, 0x20, 0x20, 0x20, 0x7D, 0x0D, 0x0A,
    0x20, 0x20, 0x20, 0x20, 0x20, 0x20, 0x5D, 0x2C, 0x0D, 0x0A, 0x20, 0x20, 0x20, 0x20, 0x20, 0x20,
    0x22, 0x69, 0x73, 0x50, 0x49, 0x6E, 0x76, 0x6F, 0x6B, 0x65, 0x22, 0x3A, 0x20, 0x66, 0x61, 0x6C,
    0x73, 0x65, 0x2C, 0x0D, 0x0A, 0x20, 0x20, 0x20, 0x20, 0x20, 0x20, 0x22, 0x69, 0x73, 0x55, 0x6E,
    0x6D, 0x61, 0x6E, 0x61, 0x67, 0x65, 0x64, 0x43, 0x61, 0x6C, 0x6C, 0x65, 0x72, 0x73, 0x4F, 0x6E,
    0x6C, 0x79, 0x22, 0x3A, 0x20, 0x66, 0x61, 0x6C, 0x73, 0x65, 0x2C, 0x0D, 0x0A, 0x20, 0x20, 0x20,
    0x20, 0x20, 0x20, 0x22, 0x69, 0x6D, 0x70, 0x6F, 0x72, 0x74, 0x43, 0x61, 0x6C, 0x6C, 0x69, 0x6E,
    0x67, 0x43, 0x6F, 0x6E, 0x76, 0x65, 0x6E, 0x74, 0x69, 0x6F, 0x6E, 0x22, 0x3A, 0x20, 0x30, 0x2C,
    0x0D, 0x0A, 0x20, 0x20, 0x20, 0x20, 0x20, 0x20, 0x22, 0x69, 0x6D, 0x70, 0x6F, 0x72, 0x74, 0x43,
    0x68, 0x61, 0x72, 0x53, 0x65, 0x74, 0x22, 0x3A, 0x20, 0x30, 0x2C, 0x0D, 0x0A, 0x20, 0x20, 0x20,
    0x20, 0x20, 0x20, 0x22, 0x69, 0x6D, 0x70, 0x6F, 0x72, 0x74, 0x53, 0x65, 0x74, 0x4C, 0x61, 0x73,
    0x74, 0x45, 0x72, 0x72, 0x6F, 0x72, 0x22, 0x3A, 0x20, 0x66, 0x61, 0x6C, 0x73, 0x65, 0x2C, 0x0D,
    0x0A, 0x20, 0x20, 0x20, 0x20, 0x20, 0x20, 0x22, 0x69, 0x73, 0x49, 0x6E, 0x74, 0x65, 0x72, 0x6E,
    0x61, 0x6C, 0x4C, 0x69, 0x6E, 0x6B, 0x22, 0x3A, 0x20, 0x66, 0x61, 0x6C, 0x73, 0x65, 0x2C, 0x0D,
    0x0A, 0x20, 0x20, 0x20, 0x20, 0x20, 0x20, 0x22, 0x69, 0x73, 0x53, 0x75, 0x70, 0x70, 0x72, 0x65,
    0x73, 0x73, 0x47, 0x43, 0x54, 0x72, 0x61, 0x6E, 0x73, 0x69, 0x74, 0x69, 0x6F, 0x6E, 0x22, 0x3A,
    0x20, 0x66, 0x61, 0x6C, 0x73, 0x65, 0x2C, 0x0D, 0x0A, 0x20, 0x20, 0x20, 0x20, 0x20, 0x20, 0x22,
    0x68, 0x61, 0x73, 0x42, 0x6C, 0x69, 0x74, 0x74, 0x61, 0x62, 0x6C, 0x65, 0x53, 0x74, 0x72, 0x75,
    0x63, 0x74, 0x52, 0x65, 0x74, 0x75, 0x72, 0x6E, 0x22, 0x3A, 0x20, 0x66, 0x61, 0x6C, 0x73, 0x65,
    0x2C, 0x0D, 0x0A, 0x20, 0x20, 0x20, 0x20, 0x20, 0x20, 0x22, 0x64, 0x65, 0x63, 0x6C, 0x61, 0x72,
    0x69, 0x6E, 0x67, 0x41, 0x73, 0x73, 0x65, 0x6D, 0x62, 0x6C, 0x79, 0x4E, 0x61, 0x6D, 0x65, 0x22,
    0x3A, 0x20, 0x22, 0x41, 0x74, 0x74, 0x72, 0x69, 0x62, 0x75, 0x74, 0x65, 0x73, 0x43, 0x75, 0x73,
    0x74, 0x6F, 0x6D, 0x4D, 0x65, 0x74, 0x61, 0x64, 0x61, 0x74, 0x61, 0x53, 0x75, 0x62, 0x6A, 0x65,
    0x63, 0x74, 0x73, 0x22, 0x0D, 0x0A, 0x20, 0x20, 0x20, 0x20, 0x7D, 0x00, 0x7B, 0x0D, 0x0A, 0x20,
    0x20, 0x20, 0x20, 0x20, 0x20, 0x22, 0x6D, 0x65, 0x74, 0x68, 0x6F, 0x64, 0x49, 0x64, 0x22, 0x3A,
    0x20, 0x22, 0x61, 0x74, 0x74, 0x72, 0x69, 0x62, 0x75, 0x74, 0x65, 0x73, 0x2D, 0x63, 0x75, 0x73,
    0x74, 0x6F, 0x6D, 0x2D, 0x6D, 0x65, 0x74, 0x61, 0x64, 0x61, 0x74, 0x61, 0x2D, 0x73, 0x75, 0x62,
    0x6A, 0x65, 0x63, 0x74, 0x73, 0x2E, 0x61, 0x74, 0x74, 0x72, 0x69, 0x62, 0x75, 0x74, 0x65, 0x73,
    0x2D, 0x63, 0x75, 0x73, 0x74, 0x6F, 0x6D, 0x2D, 0x6D, 0x65, 0x74, 0x61, 0x64, 0x61, 0x74, 0x61,
    0x2D, 0x73, 0x75, 0x62, 0x6A, 0x65, 0x63, 0x74, 0x73, 0x2E, 0x73, 0x75, 0x62, 0x6A, 0x65, 0x63,
    0x74, 0x2D, 0x35, 0x22, 0x2C, 0x0D, 0x0A, 0x20, 0x20, 0x20, 0x20, 0x20, 0x20, 0x22, 0x73, 0x75,
    0x62, 0x6A, 0x65, 0x63, 0x74, 0x49, 0x64, 0x22, 0x3A, 0x20, 0x22, 0x41, 0x74, 0x74, 0x72, 0x69,
    0x62, 0x75, 0x74, 0x65, 0x73, 0x43, 0x75, 0x73, 0x74, 0x6F, 0x6D, 0x4D, 0x65, 0x74, 0x61, 0x64,
    0x61, 0x74, 0x61, 0x53, 0x75, 0x62, 0x6A, 0x65, 0x63, 0x74, 0x73, 0x2F, 0x41, 0x74, 0x74, 0x72,
    0x69, 0x62, 0x75, 0x74, 0x65, 0x73, 0x43, 0x75, 0x73, 0x74, 0x6F, 0x6D, 0x4D, 0x65, 0x74, 0x61,
    0x64, 0x61, 0x74, 0x61, 0x53, 0x75, 0x62, 0x6A, 0x65, 0x63, 0x74, 0x73, 0x3A, 0x3A, 0x53, 0x75,
    0x62, 0x6A, 0x65, 0x63, 0x74, 0x5F, 0x35, 0x3A, 0x53, 0x79, 0x73, 0x74, 0x65, 0x6D, 0x2E, 0x56,
    0x6F, 0x69, 0x64, 0x28, 0x29, 0x22, 0x2C, 0x0D, 0x0A, 0x20, 0x20, 0x20, 0x20, 0x20, 0x20, 0x22,
    0x73, 0x69, 0x67, 0x6E, 0x61, 0x74, 0x75, 0x72, 0x65, 0x22, 0x3A, 0x20, 0x22, 0x53, 0x79, 0x73,
    0x74, 0x65, 0x6D, 0x2E, 0x56, 0x6F, 0x69, 0x64, 0x20, 0x41, 0x74, 0x74, 0x72, 0x69, 0x62, 0x75,
    0x74, 0x65, 0x73, 0x43, 0x75, 0x73, 0x74, 0x6F, 0x6D, 0x4D, 0x65, 0x74, 0x61, 0x64, 0x61, 0x74,
    0x61, 0x53, 0x75, 0x62, 0x6A, 0x65, 0x63, 0x74, 0x73, 0x3A, 0x3A, 0x53, 0x75, 0x62, 0x6A, 0x65,
    0x63, 0x74, 0x5F, 0x35, 0x28, 0x29, 0x22, 0x2C, 0x0D, 0x0A, 0x20, 0x20, 0x20, 0x20, 0x20, 0x20,
    0x22, 0x69, 0x64, 0x65, 0x6E, 0x74, 0x69, 0x74, 0x79, 0x22, 0x3A, 0x20, 0x7B, 0x0D, 0x0A, 0x20,
    0x20, 0x20, 0x20, 0x20, 0x20, 0x20, 0x20, 0x22, 0x61, 0x73, 0x73, 0x65, 0x6D, 0x62, 0x6C, 0x79,
    0x4E, 0x61, 0x6D, 0x65, 0x22, 0x3A, 0x20, 0x22, 0x41, 0x74, 0x74, 0x72, 0x69, 0x62, 0x75, 0x74,
    0x65, 0x73, 0x43, 0x75, 0x73, 0x74, 0x6F, 0x6D, 0x4D, 0x65, 0x74, 0x61, 0x64, 0x61, 0x74, 0x61,
    0x53, 0x75, 0x62, 0x6A, 0x65, 0x63, 0x74, 0x73, 0x22, 0x2C, 0x0D, 0x0A, 0x20, 0x20, 0x20, 0x20,
    0x20, 0x20, 0x20, 0x20, 0x22, 0x64, 0x65, 0x63, 0x6C, 0x61, 0x72, 0x69, 0x6E, 0x67, 0x54, 0x79,
    0x70, 0x65, 0x53, 0x75, 0x62, 0x6A, 0x65, 0x63, 0x74, 0x49, 0x64, 0x22, 0x3A, 0x20, 0x22, 0x41,
    0x74, 0x74, 0x72, 0x69, 0x62, 0x75, 0x74, 0x65, 0x73, 0x43, 0x75, 0x73, 0x74, 0x6F, 0x6D, 0x4D,
    0x65, 0x74, 0x61, 0x64, 0x61, 0x74, 0x61, 0x53, 0x75, 0x62, 0x6A, 0x65, 0x63, 0x74, 0x73, 0x2F,
    0x41, 0x74, 0x74, 0x72, 0x69, 0x62, 0x75, 0x74, 0x65, 0x73, 0x43, 0x75, 0x73, 0x74, 0x6F, 0x6D,
    0x4D, 0x65, 0x74, 0x61, 0x64, 0x61, 0x74, 0x61, 0x53, 0x75, 0x62, 0x6A, 0x65, 0x63, 0x74, 0x73,
    0x22, 0x2C, 0x0D, 0x0A, 0x20, 0x20, 0x20, 0x20, 0x20, 0x20, 0x20, 0x20, 0x22, 0x64, 0x65, 0x66,
    0x69, 0x6E, 0x69, 0x74, 0x69, 0x6F, 0x6E, 0x53, 0x75, 0x62, 0x6A, 0x65, 0x63, 0x74, 0x49, 0x64,
    0x22, 0x3A, 0x20, 0x22, 0x41, 0x74, 0x74, 0x72, 0x69, 0x62, 0x75, 0x74, 0x65, 0x73, 0x43, 0x75,
    0x73, 0x74, 0x6F, 0x6D, 0x4D, 0x65, 0x74, 0x61, 0x64, 0x61, 0x74, 0x61, 0x53, 0x75, 0x62, 0x6A,
    0x65, 0x63, 0x74, 0x73, 0x2F, 0x41, 0x74, 0x74, 0x72, 0x69, 0x62, 0x75, 0x74, 0x65, 0x73, 0x43,
    0x75, 0x73, 0x74, 0x6F, 0x6D, 0x4D, 0x65, 0x74, 0x61, 0x64, 0x61, 0x74, 0x61, 0x53, 0x75, 0x62,
    0x6A, 0x65, 0x63, 0x74, 0x73, 0x3A, 0x3A, 0x53, 0x75, 0x62, 0x6A, 0x65, 0x63, 0x74, 0x5F, 0x35,
    0x3A, 0x53, 0x79, 0x73, 0x74, 0x65, 0x6D, 0x2E, 0x56, 0x6F, 0x69, 0x64, 0x28, 0x29, 0x22, 0x2C,
    0x0D, 0x0A, 0x20, 0x20, 0x20, 0x20, 0x20, 0x20, 0x20, 0x20, 0x22, 0x73, 0x75, 0x62, 0x6A, 0x65,
    0x63, 0x74, 0x49, 0x64, 0x22, 0x3A, 0x20, 0x22, 0x41, 0x74, 0x74, 0x72, 0x69, 0x62, 0x75, 0x74,
    0x65, 0x73, 0x43, 0x75, 0x73, 0x74, 0x6F, 0x6D, 0x4D, 0x65, 0x74, 0x61, 0x64, 0x61, 0x74, 0x61,
    0x53, 0x75, 0x62, 0x6A, 0x65, 0x63, 0x74, 0x73, 0x2F, 0x41, 0x74, 0x74, 0x72, 0x69, 0x62, 0x75,
    0x74, 0x65, 0x73, 0x43, 0x75, 0x73, 0x74, 0x6F, 0x6D, 0x4D, 0x65, 0x74, 0x61, 0x64, 0x61, 0x74,
    0x61, 0x53, 0x75, 0x62, 0x6A, 0x65, 0x63, 0x74, 0x73, 0x3A, 0x3A, 0x53, 0x75, 0x62, 0x6A, 0x65,
    0x63, 0x74, 0x5F, 0x35, 0x3A, 0x53, 0x79, 0x73, 0x74, 0x65, 0x6D, 0x2E, 0x56, 0x6F, 0x69, 0x64,
    0x28, 0x29, 0x22, 0x2C, 0x0D, 0x0A, 0x20, 0x20, 0x20, 0x20, 0x20, 0x20, 0x20, 0x20, 0x22, 0x6D,
    0x65, 0x74, 0x68, 0x6F, 0x64, 0x49, 0x64, 0x22, 0x3A, 0x20, 0x22, 0x61, 0x74, 0x74, 0x72, 0x69,
    0x62, 0x75, 0x74, 0x65, 0x73, 0x2D, 0x63, 0x75, 0x73, 0x74, 0x6F, 0x6D, 0x2D, 0x6D, 0x65, 0x74,
    0x61, 0x64, 0x61, 0x74, 0x61, 0x2D, 0x73, 0x75, 0x62, 0x6A, 0x65, 0x63, 0x74, 0x73, 0x2E, 0x61,
    0x74, 0x74, 0x72, 0x69, 0x62, 0x75, 0x74, 0x65, 0x73, 0x2D, 0x63, 0x75, 0x73, 0x74, 0x6F, 0x6D,
    0x2D, 0x6D, 0x65, 0x74, 0x61, 0x64, 0x61, 0x74, 0x61, 0x2D, 0x73, 0x75, 0x62, 0x6A, 0x65, 0x63,
    0x74, 0x73, 0x2E, 0x73, 0x75, 0x62, 0x6A, 0x65, 0x63, 0x74, 0x2D, 0x35, 0x22, 0x2C, 0x0D, 0x0A,
    0x20, 0x20, 0x20, 0x20, 0x20, 0x20, 0x20, 0x20, 0x22, 0x73, 0x69, 0x67, 0x6E, 0x61, 0x74, 0x75,
    0x72, 0x65, 0x22, 0x3A, 0x20, 0x22, 0x53, 0x79, 0x73, 0x74, 0x65, 0x6D, 0x2E, 0x56, 0x6F, 0x69,
    0x64, 0x20, 0x41, 0x74, 0x74, 0x72, 0x69, 0x62, 0x75, 0x74, 0x65, 0x73, 0x43, 0x75, 0x73, 0x74,
    0x6F, 0x6D, 0x4D, 0x65, 0x74, 0x61, 0x64, 0x61, 0x74, 0x61, 0x53, 0x75, 0x62, 0x6A, 0x65, 0x63,
    0x74, 0x73, 0x3A, 0x3A, 0x53, 0x75, 0x62, 0x6A, 0x65, 0x63, 0x74, 0x5F, 0x35, 0x28, 0x29, 0x22,
    0x0D, 0x0A, 0x20, 0x20, 0x20, 0x20, 0x20, 0x20, 0x7D, 0x2C, 0x0D, 0x0A, 0x20, 0x20, 0x20, 0x20,
    0x20, 0x20, 0x22, 0x6E, 0x61, 0x74, 0x69, 0x76, 0x65, 0x53, 0x79, 0x6D, 0x62, 0x6F, 0x6C, 0x22,
    0x3A, 0x20, 0x22, 0x41, 0x74, 0x74, 0x72, 0x69, 0x62, 0x75, 0x74, 0x65, 0x73, 0x43, 0x75, 0x73,
    0x74, 0x6F, 0x6D, 0x4D, 0x65, 0x74, 0x61, 0x64, 0x61, 0x74, 0x61, 0x53, 0x75, 0x62, 0x6A, 0x65,
    0x63, 0x74, 0x73, 0x5F, 0x41, 0x74, 0x74, 0x72, 0x69, 0x62, 0x75, 0x74, 0x65, 0x73, 0x43, 0x75,
    0x73, 0x74, 0x6F, 0x6D, 0x4D, 0x65, 0x74, 0x61, 0x64, 0x61, 0x74, 0x61, 0x53, 0x75, 0x62, 0x6A,
    0x65, 0x63, 0x74, 0x73, 0x5F, 0x53, 0x75, 0x62, 0x6A, 0x65, 0x63, 0x74, 0x5F, 0x35, 0x22, 0x2C,
    0x0D, 0x0A, 0x20, 0x20, 0x20, 0x20, 0x20, 0x20, 0x22, 0x69, 0x73, 0x53, 0x74, 0x61, 0x74, 0x69,
    0x63, 0x22, 0x3A, 0x20, 0x74, 0x72, 0x75, 0x65, 0x2C, 0x0D, 0x0A, 0x20, 0x20, 0x20, 0x20, 0x20,
    0x20, 0x22, 0x72, 0x65, 0x74, 0x75, 0x72, 0x6E, 0x54, 0x79, 0x70, 0x65, 0x22, 0x3A, 0x20, 0x22,
    0x53, 0x79, 0x73, 0x74, 0x65, 0x6D, 0x2E, 0x56, 0x6F, 0x69, 0x64, 0x22, 0x2C, 0x0D, 0x0A, 0x20,
    0x20, 0x20, 0x20, 0x20, 0x20, 0x22, 0x72, 0x65, 0x74, 0x75, 0x72, 0x6E, 0x41, 0x62, 0x69, 0x22,
    0x3A, 0x20, 0x7B, 0x0D, 0x0A, 0x20, 0x20, 0x20, 0x20, 0x20, 0x20, 0x20, 0x20, 0x22, 0x63, 0x61,
    0x72, 0x72, 0x69, 0x65, 0x72, 0x4B, 0x69, 0x6E, 0x64, 0x43, 0x6F, 0x64, 0x65, 0x22, 0x3A, 0x20,
    0x30, 0x2C, 0x0D, 0x0A, 0x20, 0x20, 0x20, 0x20, 0x20, 0x20, 0x20, 0x20, 0x22, 0x74, 0x79, 0x70,
    0x65, 0x53, 0x68, 0x61, 0x70, 0x65, 0x22, 0x3A, 0x20, 0x31, 0x0D, 0x0A, 0x20, 0x20, 0x20, 0x20,
    0x20, 0x20, 0x7D, 0x2C, 0x0D, 0x0A, 0x20, 0x20, 0x20, 0x20, 0x20, 0x20, 0x22, 0x70, 0x61, 0x72,
    0x61, 0x6D, 0x65, 0x74, 0x65, 0x72, 0x43, 0x6F, 0x75, 0x6E, 0x74, 0x22, 0x3A, 0x20, 0x30, 0x2C,
    0x0D, 0x0A, 0x20, 0x20, 0x20, 0x20, 0x20, 0x20, 0x22, 0x70, 0x61, 0x72, 0x61, 0x6D, 0x65, 0x74,
    0x65, 0x72, 0x41, 0x62, 0x69, 0x73, 0x22, 0x3A, 0x20, 0x5B, 0x5D, 0x2C, 0x0D, 0x0A, 0x20, 0x20,
    0x20, 0x20, 0x20, 0x20, 0x22, 0x6C, 0x6F, 0x63, 0x61, 0x6C, 0x43, 0x6F, 0x75, 0x6E, 0x74, 0x22,
    0x3A, 0x20, 0x31, 0x2C, 0x0D, 0x0A, 0x20, 0x20, 0x20, 0x20, 0x20, 0x20, 0x22, 0x65, 0x78, 0x63,
    0x65, 0x70, 0x74, 0x69, 0x6F, 0x6E, 0x52, 0x65, 0x67, 0x69, 0x6F, 0x6E, 0x43, 0x6F, 0x75, 0x6E,
    0x74, 0x22, 0x3A, 0x20, 0x30, 0x2C, 0x0D, 0x0A, 0x20, 0x20, 0x20, 0x20, 0x20, 0x20, 0x22, 0x65,
    0x78, 0x63, 0x65, 0x70, 0x74, 0x69, 0x6F, 0x6E, 0x52, 0x65, 0x67, 0x69, 0x6F, 0x6E, 0x73, 0x22,
    0x3A, 0x20, 0x5B, 0x5D, 0x2C, 0x0D, 0x0A, 0x20, 0x20, 0x20, 0x20, 0x20, 0x20, 0x22, 0x69, 0x6E,
    0x73, 0x74, 0x72, 0x75, 0x63, 0x74, 0x69, 0x6F, 0x6E, 0x73, 0x22, 0x3A, 0x20, 0x5B, 0x0D, 0x0A,
    0x20, 0x20, 0x20, 0x20, 0x20, 0x20, 0x20, 0x20, 0x7B, 0x0D, 0x0A, 0x20, 0x20, 0x20, 0x20, 0x20,
    0x20, 0x20, 0x20, 0x20, 0x20, 0x22, 0x6F, 0x70, 0x22, 0x3A, 0x20, 0x22, 0x6C, 0x64, 0x74, 0x6F,
    0x6B, 0x65, 0x6E, 0x22, 0x2C, 0x0D, 0x0A, 0x20, 0x20, 0x20, 0x20, 0x20, 0x20, 0x20, 0x20, 0x20,
    0x20, 0x22, 0x6F, 0x70, 0x43, 0x6F, 0x64, 0x65, 0x22, 0x3A, 0x20, 0x37, 0x30, 0x2C, 0x0D, 0x0A,
    0x20, 0x20, 0x20, 0x20, 0x20, 0x20, 0x20, 0x20, 0x20, 0x20, 0x22, 0x6F, 0x70, 0x65, 0x72, 0x61,
    0x6E, 0x64, 0x22, 0x3A, 0x20, 0x22, 0x53, 0x79, 0x73, 0x74, 0x65, 0x6D, 0x2E, 0x50, 0x72, 0x69,
    0x76, 0x61, 0x74, 0x65, 0x2E, 0x43, 0x6F, 0x72, 0x65, 0x4C, 0x69, 0x62, 0x2F, 0x53, 0x79, 0x73,
    0x74, 0x65, 0x6D, 0x2E, 0x42, 0x79, 0x74, 0x65, 0x22, 0x2C, 0x0D, 0x0A, 0x20, 0x20, 0x20, 0x20,
    0x20, 0x20, 0x20, 0x20, 0x20, 0x20, 0x22, 0x69, 0x6C, 0x4F, 0x66, 0x66, 0x73, 0x65, 0x74, 0x22,
    0x3A, 0x20, 0x31, 0x2C, 0x0D, 0x0A, 0x20, 0x20, 0x20, 0x20, 0x20, 0x20, 0x20, 0x20, 0x20, 0x20,
    0x22, 0x72, 0x65, 0x73, 0x75, 0x6C, 0x74, 0x54, 0x79, 0x70, 0x65, 0x22, 0x3A, 0x20, 0x22, 0x53,
    0x79, 0x73, 0x74, 0x65, 0x6D, 0x2E, 0x52, 0x75, 0x6E, 0x74, 0x69, 0x6D, 0x65, 0x54, 0x79, 0x70,
    0x65, 0x48, 0x61, 0x6E, 0x64, 0x6C, 0x65, 0x22, 0x2C, 0x0D, 0x0A, 0x20, 0x20, 0x20, 0x20, 0x20,
    0x20, 0x20, 0x20, 0x20, 0x20, 0x22, 0x72, 0x65, 0x66, 0x65, 0x72, 0x65, 0x6E, 0x63, 0x65, 0x22,
    0x3A, 0x20, 0x7B, 0x0D, 0x0A, 0x20, 0x20, 0x20, 0x20, 0x20, 0x20, 0x20, 0x20, 0x20, 0x20, 0x20,
    0x20, 0x22, 0x61, 0x73, 0x73, 0x65, 0x6D, 0x62, 0x6C, 0x79, 0x4E, 0x61, 0x6D, 0x65, 0x22, 0x3A,
    0x20, 0x22, 0x53, 0x79, 0x73, 0x74, 0x65, 0x6D, 0x2E, 0x50, 0x72, 0x69, 0x76, 0x61, 0x74, 0x65,
    0x2E, 0x43, 0x6F, 0x72, 0x65, 0x4C, 0x69, 0x62, 0x22, 0x2C, 0x0D, 0x0A, 0x20, 0x20, 0x20, 0x20,
    0x20, 0x20, 0x20, 0x20, 0x20, 0x20, 0x20, 0x20, 0x22, 0x73, 0x75, 0x62, 0x6A, 0x65, 0x63, 0x74,
    0x4B, 0x69, 0x6E, 0x64, 0x22, 0x3A, 0x20, 0x22, 0x74, 0x79, 0x70, 0x65, 0x22, 0x2C, 0x0D, 0x0A,
    0x20, 0x20, 0x20, 0x20, 0x20, 0x20, 0x20, 0x20, 0x20, 0x20, 0x20, 0x20, 0x22, 0x73, 0x75, 0x62,
    0x6A, 0x65, 0x63, 0x74, 0x49, 0x64, 0x22, 0x3A, 0x20, 0x22, 0x53, 0x79, 0x73, 0x74, 0x65, 0x6D,
    0x2E, 0x50, 0x72, 0x69, 0x76, 0x61, 0x74, 0x65, 0x2E, 0x43, 0x6F, 0x72, 0x65, 0x4C, 0x69, 0x62,
    0x2F, 0x53, 0x79, 0x73, 0x74, 0x65, 0x6D, 0x2E, 0x42, 0x79, 0x74, 0x65, 0x22, 0x0D, 0x0A, 0x20,
    0x20, 0x20, 0x20, 0x20, 0x20, 0x20, 0x20, 0x20, 0x20, 0x7D, 0x2C, 0x0D, 0x0A, 0x20, 0x20, 0x20,
    0x20, 0x20, 0x20, 0x20, 0x20, 0x20, 0x20, 0x22, 0x74, 0x61, 0x72, 0x67, 0x65, 0x74, 0x52, 0x65,
    0x66, 0x65, 0x72, 0x65, 0x6E, 0x63, 0x65, 0x22, 0x3A, 0x20, 0x7B, 0x0D, 0x0A, 0x20, 0x20, 0x20,
    0x20, 0x20, 0x20, 0x20, 0x20, 0x20, 0x20, 0x20, 0x20, 0x22, 0x6B, 0x69, 0x6E, 0x64, 0x22, 0x3A,
    0x20, 0x31, 0x2C, 0x0D, 0x0A, 0x20, 0x20, 0x20, 0x20, 0x20, 0x20, 0x20, 0x20, 0x20, 0x20, 0x20,
    0x20, 0x22, 0x61, 0x73, 0x73, 0x65, 0x6D, 0x62, 0x6C, 0x79, 0x4E, 0x61, 0x6D, 0x65, 0x22, 0x3A,
    0x20, 0x22, 0x53, 0x79, 0x73, 0x74, 0x65, 0x6D, 0x2E, 0x50, 0x72, 0x69, 0x76, 0x61, 0x74, 0x65,
    0x2E, 0x43, 0x6F, 0x72, 0x65, 0x4C, 0x69, 0x62, 0x22, 0x2C, 0x0D, 0x0A, 0x20, 0x20, 0x20, 0x20,
    0x20, 0x20, 0x20, 0x20, 0x20, 0x20, 0x20, 0x20, 0x22, 0x73, 0x75, 0x62, 0x6A, 0x65, 0x63, 0x74,
    0x49, 0x64, 0x22, 0x3A, 0x20, 0x22, 0x53, 0x79, 0x73, 0x74, 0x65, 0x6D, 0x2E, 0x50, 0x72, 0x69,
    0x76, 0x61, 0x74, 0x65, 0x2E, 0x43, 0x6F, 0x72, 0x65, 0x4C, 0x69, 0x62, 0x2F, 0x53, 0x79, 0x73,
    0x74, 0x65, 0x6D, 0x2E, 0x42, 0x79, 0x74, 0x65, 0x22, 0x2C, 0x0D, 0x0A, 0x20, 0x20, 0x20, 0x20,
    0x20, 0x20, 0x20, 0x20, 0x20, 0x20, 0x20, 0x20, 0x22, 0x74, 0x79, 0x70, 0x65, 0x53, 0x68, 0x61,
    0x70, 0x65, 0x22, 0x3A, 0x20, 0x31, 0x2C, 0x0D, 0x0A, 0x20, 0x20, 0x20, 0x20, 0x20, 0x20, 0x20,
    0x20, 0x20, 0x20, 0x20, 0x20, 0x22, 0x61, 0x72, 0x72, 0x61, 0x79, 0x45, 0x6C, 0x65, 0x6D, 0x65,
    0x6E, 0x74, 0x54, 0x79, 0x70, 0x65, 0x53, 0x68, 0x61, 0x70, 0x65, 0x22, 0x3A, 0x20, 0x30, 0x2C,
    0x0D, 0x0A, 0x20, 0x20, 0x20, 0x20, 0x20, 0x20, 0x20, 0x20, 0x20, 0x20, 0x20, 0x20, 0x22, 0x69,
    0x73, 0x53, 0x65, 0x61, 0x6C, 0x65, 0x64, 0x22, 0x3A, 0x20, 0x66, 0x61, 0x6C, 0x73, 0x65, 0x2C,
    0x0D, 0x0A, 0x20, 0x20, 0x20, 0x20, 0x20, 0x20, 0x20, 0x20, 0x20, 0x20, 0x20, 0x20, 0x22, 0x69,
    0x73, 0x43, 0x6F, 0x6D, 0x49, 0x6D, 0x70, 0x6F, 0x72, 0x74, 0x22, 0x3A, 0x20, 0x66, 0x61, 0x6C,
    0x73, 0x65, 0x2C, 0x0D, 0x0A, 0x20, 0x20, 0x20, 0x20, 0x20, 0x20, 0x20, 0x20, 0x20, 0x20, 0x20,
    0x20, 0x22, 0x63, 0x6F, 0x6D, 0x49, 0x6E, 0x74, 0x65, 0x72, 0x66, 0x61, 0x63, 0x65, 0x54, 0x79,
    0x70, 0x65, 0x4B, 0x69, 0x6E, 0x64, 0x22, 0x3A, 0x20, 0x30, 0x2C, 0x0D, 0x0A, 0x20, 0x20, 0x20,
    0x20, 0x20, 0x20, 0x20, 0x20, 0x20, 0x20, 0x20, 0x20, 0x22, 0x64, 0x65, 0x63, 0x6C, 0x61, 0x72,
    0x69, 0x6E, 0x67, 0x54, 0x79, 0x70, 0x65, 0x53, 0x68, 0x61, 0x70, 0x65, 0x22, 0x3A, 0x20, 0x30,
    0x0D, 0x0A, 0x20, 0x20, 0x20, 0x20, 0x20, 0x20, 0x20, 0x20, 0x20, 0x20, 0x7D, 0x2C, 0x0D, 0x0A,
    0x20, 0x20, 0x20, 0x20, 0x20, 0x20, 0x20, 0x20, 0x20, 0x20, 0x22, 0x69, 0x73, 0x50, 0x72, 0x65,
    0x73, 0x65, 0x72, 0x76, 0x65, 0x53, 0x69, 0x67, 0x22, 0x3A, 0x20, 0x66, 0x61, 0x6C, 0x73, 0x65,
    0x0D, 0x0A, 0x20, 0x20, 0x20, 0x20, 0x20, 0x20, 0x20, 0x20, 0x7D, 0x2C, 0x0D, 0x0A, 0x20, 0x20,
    0x20, 0x20, 0x20, 0x20, 0x20, 0x20, 0x7B, 0x0D, 0x0A, 0x20, 0x20, 0x20, 0x20, 0x20, 0x20, 0x20,
    0x20, 0x20, 0x20, 0x22, 0x6F, 0x70, 0x22, 0x3A, 0x20, 0x22, 0x63, 0x61, 0x6C, 0x6C, 0x22, 0x2C,
    0x0D, 0x0A, 0x20, 0x20, 0x20, 0x20, 0x20, 0x20, 0x20, 0x20, 0x20, 0x20, 0x22, 0x6F, 0x70, 0x43,
    0x6F, 0x64, 0x65, 0x22, 0x3A, 0x20, 0x31, 0x34, 0x2C, 0x0D, 0x0A, 0x20, 0x20, 0x20, 0x20, 0x20,
    0x20, 0x20, 0x20, 0x20, 0x20, 0x22, 0x69, 0x6C, 0x4F, 0x66, 0x66, 0x73, 0x65, 0x74, 0x22, 0x3A,
    0x20, 0x36, 0x2C, 0x0D, 0x0A, 0x20, 0x20, 0x20, 0x20, 0x20, 0x20, 0x20, 0x20, 0x20, 0x20, 0x22,
    0x72, 0x65, 0x73, 0x75, 0x6C, 0x74, 0x54, 0x79, 0x70, 0x65, 0x22, 0x3A, 0x20, 0x22, 0x53, 0x79,
    0x73, 0x74, 0x65, 0x6D, 0x2E, 0x54, 0x79, 0x70, 0x65, 0x22, 0x2C, 0x0D, 0x0A, 0x20, 0x20, 0x20,
    0x20, 0x20, 0x20, 0x20, 0x20, 0x20, 0x20, 0x22, 0x63, 0x61, 0x6C, 0x6C, 0x65, 0x65, 0x22, 0x3A,
    0x20, 0x22, 0x53, 0x79, 0x73, 0x74, 0x65, 0x6D, 0x2E, 0x50, 0x72, 0x69, 0x76, 0x61, 0x74, 0x65,
    0x2E, 0x43, 0x6F, 0x72, 0x65, 0x4C, 0x69, 0x62, 0x2F, 0x53, 0x79, 0x73, 0x74, 0x65, 0x6D, 0x2E,
    0x54, 0x79, 0x70, 0x65, 0x3A, 0x3A, 0x47, 0x65, 0x74, 0x54, 0x79, 0x70, 0x65, 0x46, 0x72, 0x6F,
    0x6D, 0x48, 0x61, 0x6E, 0x64, 0x6C, 0x65, 0x3A, 0x53, 0x79, 0x73, 0x74, 0x65, 0x6D, 0x2E, 0x54,
    0x79, 0x70, 0x65, 0x28, 0x53, 0x79, 0x73, 0x74, 0x65, 0x6D, 0x2E, 0x52, 0x75, 0x6E, 0x74, 0x69,
    0x6D, 0x65, 0x54, 0x79, 0x70, 0x65, 0x48, 0x61, 0x6E, 0x64, 0x6C, 0x65, 0x29, 0x22, 0x2C, 0x0D,
    0x0A, 0x20, 0x20, 0x20, 0x20, 0x20, 0x20, 0x20, 0x20, 0x20, 0x20, 0x22, 0x72, 0x65, 0x66, 0x65,
    0x72, 0x65, 0x6E, 0x63, 0x65, 0x22, 0x3A, 0x20, 0x7B, 0x0D, 0x0A, 0x20, 0x20, 0x20, 0x20, 0x20,
    0x20, 0x20, 0x20, 0x20, 0x20, 0x20, 0x20, 0x22, 0x61, 0x73, 0x73, 0x65, 0x6D, 0x62, 0x6C, 0x79,
    0x4E, 0x61, 0x6D, 0x65, 0x22, 0x3A, 0x20, 0x22, 0x53, 0x79, 0x73, 0x74, 0x65, 0x6D, 0x2E, 0x50,
    0x72, 0x69, 0x76, 0x61, 0x74, 0x65, 0x2E, 0x43, 0x6F, 0x72, 0x65, 0x4C, 0x69, 0x62, 0x22, 0x2C,
    0x0D, 0x0A, 0x20, 0x20, 0x20, 0x20, 0x20, 0x20, 0x20, 0x20, 0x20, 0x20, 0x20, 0x20, 0x22, 0x73,
    0x75, 0x62, 0x6A, 0x65, 0x63, 0x74, 0x4B, 0x69, 0x6E, 0x64, 0x22, 0x3A, 0x20, 0x22, 0x6D, 0x65,
    0x74, 0x68, 0x6F, 0x64, 0x22, 0x2C, 0x0D, 0x0A, 0x20, 0x20, 0x20, 0x20, 0x20, 0x20, 0x20, 0x20,
    0x20, 0x20, 0x20, 0x20, 0x22, 0x73, 0x75, 0x62, 0x6A, 0x65, 0x63, 0x74, 0x49, 0x64, 0x22, 0x3A,
    0x20, 0x22, 0x53, 0x79, 0x73, 0x74, 0x65, 0x6D, 0x2E, 0x50, 0x72, 0x69, 0x76, 0x61, 0x74, 0x65,
    0x2E, 0x43, 0x6F, 0x72, 0x65, 0x4C, 0x69, 0x62, 0x2F, 0x53, 0x79, 0x73, 0x74, 0x65, 0x6D, 0x2E,
    0x54, 0x79, 0x70, 0x65, 0x3A, 0x3A, 0x47, 0x65, 0x74, 0x54, 0x79, 0x70, 0x65, 0x46, 0x72, 0x6F,
    0x6D, 0x48, 0x61, 0x6E, 0x64, 0x6C, 0x65, 0x3A, 0x53, 0x79, 0x73, 0x74, 0x65, 0x6D, 0x2E, 0x54,
    0x79, 0x70, 0x65, 0x28, 0x53, 0x79, 0x73, 0x74, 0x65, 0x6D, 0x2E, 0x52, 0x75, 0x6E, 0x74, 0x69,
    0x6D, 0x65, 0x54, 0x79, 0x70, 0x65, 0x48, 0x61, 0x6E, 0x64, 0x6C, 0x65, 0x29, 0x22, 0x0D, 0x0A,
    0x20, 0x20, 0x20, 0x20, 0x20, 0x20, 0x20, 0x20, 0x20, 0x20, 0x7D, 0x2C, 0x0D, 0x0A, 0x20, 0x20,
    0x20, 0x20, 0x20, 0x20, 0x20, 0x20, 0x20, 0x20, 0x22, 0x74, 0x61, 0x72, 0x67, 0x65, 0x74, 0x52,
    0x65, 0x66, 0x65, 0x72, 0x65, 0x6E, 0x63, 0x65, 0x22, 0x3A, 0x20, 0x7B, 0x0D, 0x0A, 0x20, 0x20,
    0x20, 0x20, 0x20, 0x20, 0x20, 0x20, 0x20, 0x20, 0x20, 0x20, 0x22, 0x6B, 0x69, 0x6E, 0x64, 0x22,
    0x3A, 0x20, 0x33, 0x2C, 0x0D, 0x0A, 0x20, 0x20, 0x20, 0x20, 0x20, 0x20, 0x20, 0x20, 0x20, 0x20,
    0x20, 0x20, 0x22, 0x61, 0x73, 0x73, 0x65, 0x6D, 0x62, 0x6C, 0x79, 0x4E, 0x61, 0x6D, 0x65, 0x22,
    0x3A, 0x20, 0x22, 0x53, 0x79, 0x73, 0x74, 0x65, 0x6D, 0x2E, 0x50, 0x72, 0x69, 0x76, 0x61, 0x74,
    0x65, 0x2E, 0x43, 0x6F, 0x72, 0x65, 0x4C, 0x69, 0x62, 0x22, 0x2C, 0x0D, 0x0A, 0x20, 0x20, 0x20,
    0x20, 0x20, 0x20, 0x20, 0x20, 0x20, 0x20, 0x20, 0x20, 0x22, 0x73, 0x75, 0x62, 0x6A, 0x65, 0x63,
    0x74, 0x49, 0x64, 0x22, 0x3A, 0x20, 0x22, 0x53, 0x79, 0x73, 0x74, 0x65, 0x6D, 0x2E, 0x50, 0x72,
    0x69, 0x76, 0x61, 0x74, 0x65, 0x2E, 0x43, 0x6F, 0x72, 0x65, 0x4C, 0x69, 0x62, 0x2F, 0x53, 0x79,
    0x73, 0x74, 0x65, 0x6D, 0x2E, 0x54, 0x79, 0x70, 0x65, 0x3A, 0x3A, 0x47, 0x65, 0x74, 0x54, 0x79,
    0x70, 0x65, 0x46, 0x72, 0x6F, 0x6D, 0x48, 0x61, 0x6E, 0x64, 0x6C, 0x65, 0x3A, 0x53, 0x79, 0x73,
    0x74, 0x65, 0x6D, 0x2E, 0x54, 0x79, 0x70, 0x65, 0x28, 0x53, 0x79, 0x73, 0x74, 0x65, 0x6D, 0x2E,
    0x52, 0x75, 0x6E, 0x74, 0x69, 0x6D, 0x65, 0x54, 0x79, 0x70, 0x65, 0x48, 0x61, 0x6E, 0x64, 0x6C,
    0x65, 0x29, 0x22, 0x2C, 0x0D, 0x0A, 0x20, 0x20, 0x20, 0x20, 0x20, 0x20, 0x20, 0x20, 0x20, 0x20,
    0x20, 0x20, 0x22, 0x74, 0x79, 0x70, 0x65, 0x53, 0x68, 0x61, 0x70, 0x65, 0x22, 0x3A, 0x20, 0x30,
    0x2C, 0x0D, 0x0A, 0x20, 0x20, 0x20, 0x20, 0x20, 0x20, 0x20, 0x20, 0x20, 0x20, 0x20, 0x20, 0x22,
    0x61, 0x72, 0x72, 0x61, 0x79, 0x45, 0x6C, 0x65, 0x6D, 0x65, 0x6E, 0x74, 0x54, 0x79, 0x70, 0x65,
    0x53, 0x68, 0x61, 0x70, 0x65, 0x22, 0x3A, 0x20, 0x30, 0x2C, 0x0D, 0x0A, 0x20, 0x20, 0x20, 0x20,
    0x20, 0x20, 0x20, 0x20, 0x20, 0x20, 0x20, 0x20, 0x22, 0x69, 0x73, 0x53, 0x65, 0x61, 0x6C, 0x65,
    0x64, 0x22, 0x3A, 0x20, 0x66, 0x61, 0x6C, 0x73, 0x65, 0x2C, 0x0D, 0x0A, 0x20, 0x20, 0x20, 0x20,
    0x20, 0x20, 0x20, 0x20, 0x20, 0x20, 0x20, 0x20, 0x22, 0x69, 0x73, 0x43, 0x6F, 0x6D, 0x49, 0x6D,
    0x70, 0x6F, 0x72, 0x74, 0x22, 0x3A, 0x20, 0x66, 0x61, 0x6C, 0x73, 0x65, 0x2C, 0x0D, 0x0A, 0x20,
    0x20, 0x20, 0x20, 0x20, 0x20, 0x20, 0x20, 0x20, 0x20, 0x20, 0x20, 0x22, 0x63, 0x6F, 0x6D, 0x49,
    0x6E, 0x74, 0x65, 0x72, 0x66, 0x61, 0x63, 0x65, 0x54, 0x79, 0x70, 0x65, 0x4B, 0x69, 0x6E, 0x64,
    0x22, 0x3A, 0x20, 0x30, 0x2C, 0x0D, 0x0A, 0x20, 0x20, 0x20, 0x20, 0x20, 0x20, 0x20, 0x20, 0x20,
    0x20, 0x20, 0x20, 0x22, 0x64, 0x65, 0x63, 0x6C, 0x61, 0x72, 0x69, 0x6E, 0x67, 0x54, 0x79, 0x70,
    0x65, 0x53, 0x68, 0x61, 0x70, 0x65, 0x22, 0x3A, 0x20, 0x30, 0x0D, 0x0A, 0x20, 0x20, 0x20, 0x20,
    0x20, 0x20, 0x20, 0x20, 0x20, 0x20, 0x7D, 0x2C, 0x0D, 0x0A, 0x20, 0x20, 0x20, 0x20, 0x20, 0x20,
    0x20, 0x20, 0x20, 0x20, 0x22, 0x64, 0x69, 0x73, 0x70, 0x61, 0x74, 0x63, 0x68, 0x4B, 0x69, 0x6E,
    0x64, 0x43, 0x6F, 0x64, 0x65, 0x22, 0x3A, 0x20, 0x34, 0x2C, 0x0D, 0x0A, 0x20, 0x20, 0x20, 0x20,
    0x20, 0x20, 0x20, 0x20, 0x20, 0x20, 0x22, 0x69, 0x73, 0x50, 0x72, 0x65, 0x73, 0x65, 0x72, 0x76,
    0x65, 0x53, 0x69, 0x67, 0x22, 0x3A, 0x20, 0x66, 0x61, 0x6C, 0x73, 0x65, 0x0D, 0x0A, 0x20, 0x20,
    0x20, 0x20, 0x20, 0x20, 0x20, 0x20, 0x7D, 0x2C, 0x0D, 0x0A, 0x20, 0x20, 0x20, 0x20, 0x20, 0x20,
    0x20, 0x20, 0x7B, 0x0D, 0x0A, 0x20, 0x20, 0x20, 0x20, 0x20, 0x20, 0x20, 0x20, 0x20, 0x20, 0x22,
    0x6F, 0x70, 0x22, 0x3A, 0x20, 0x22, 0x63, 0x61, 0x6C, 0x6C, 0x76, 0x69, 0x72, 0x74, 0x22, 0x2C,
    0x0D, 0x0A, 0x20, 0x20, 0x20, 0x20, 0x20, 0x20, 0x20, 0x20, 0x20, 0x20, 0x22, 0x6F, 0x70, 0x43,
    0x6F, 0x64, 0x65, 0x22, 0x3A, 0x20, 0x31, 0x35, 0x2C, 0x0D, 0x0A, 0x20, 0x20, 0x20, 0x20, 0x20,
    0x20, 0x20, 0x20, 0x20, 0x20, 0x22, 0x69, 0x6C, 0x4F, 0x66, 0x66, 0x73, 0x65, 0x74, 0x22, 0x3A,
    0x20, 0x31, 0x31, 0x2C, 0x0D, 0x0A, 0x20, 0x20, 0x20, 0x20, 0x20, 0x20, 0x20, 0x20, 0x20, 0x20,
    0x22, 0x72, 0x65, 0x73, 0x75, 0x6C, 0x74, 0x54, 0x79, 0x70, 0x65, 0x22, 0x3A, 0x20, 0x22, 0x53,
    0x79, 0x73, 0x74, 0x65, 0x6D, 0x2E, 0x52, 0x65, 0x66, 0x6C, 0x65, 0x63, 0x74, 0x69, 0x6F, 0x6E,
    0x2E, 0x41, 0x73, 0x73, 0x65, 0x6D, 0x62, 0x6C, 0x79, 0x22, 0x2C, 0x0D, 0x0A, 0x20, 0x20, 0x20,
    0x20, 0x20, 0x20, 0x20, 0x20, 0x20, 0x20, 0x22, 0x63, 0x61, 0x6C, 0x6C, 0x65, 0x65, 0x22, 0x3A,
    0x20, 0x22, 0x53, 0x79, 0x73, 0x74, 0x65, 0x6D, 0x2E, 0x50, 0x72, 0x69, 0x76, 0x61, 0x74, 0x65,
    0x2E, 0x43, 0x6F, 0x72, 0x65, 0x4C, 0x69, 0x62, 0x2F, 0x53, 0x79, 0x73, 0x74, 0x65, 0x6D, 0x2E,
    0x54, 0x79, 0x70, 0x65, 0x3A, 0x3A, 0x67, 0x65, 0x74, 0x5F, 0x41, 0x73, 0x73, 0x65, 0x6D, 0x62,
    0x6C, 0x79, 0x3A, 0x53, 0x79, 0x73, 0x74, 0x65, 0x6D, 0x2E, 0x52, 0x65, 0x66, 0x6C, 0x65, 0x63,
    0x74, 0x69, 0x6F, 0x6E, 0x2E, 0x41, 0x73, 0x73, 0x65, 0x6D, 0x62, 0x6C, 0x79, 0x28, 0x29, 0x22,
    0x2C, 0x0D, 0x0A, 0x20, 0x20, 0x20, 0x20, 0x20, 0x20, 0x20, 0x20, 0x20, 0x20, 0x22, 0x72, 0x65,
    0x66, 0x65, 0x72, 0x65, 0x6E, 0x63, 0x65, 0x22, 0x3A, 0x20, 0x7B, 0x0D, 0x0A, 0x20, 0x20, 0x20,
    0x20, 0x20, 0x20, 0x20, 0x20, 0x20, 0x20, 0x20, 0x20, 0x22, 0x61, 0x73, 0x73, 0x65, 0x6D, 0x62,
    0x6C, 0x79, 0x4E, 0x61, 0x6D, 0x65, 0x22, 0x3A, 0x20, 0x22, 0x53, 0x79, 0x73, 0x74, 0x65, 0x6D,
    0x2E, 0x50, 0x72, 0x69, 0x76, 0x61, 0x74, 0x65, 0x2E, 0x43, 0x6F, 0x72, 0x65, 0x4C, 0x69, 0x62,
    0x22, 0x2C, 0x0D, 0x0A, 0x20, 0x20, 0x20, 0x20, 0x20, 0x20, 0x20, 0x20, 0x20, 0x20, 0x20, 0x20,
    0x22, 0x73, 0x75, 0x62, 0x6A, 0x65, 0x63, 0x74, 0x4B, 0x69, 0x6E, 0x64, 0x22, 0x3A, 0x20, 0x22,
    0x6D, 0x65, 0x74, 0x68, 0x6F, 0x64, 0x22, 0x2C, 0x0D, 0x0A, 0x20, 0x20, 0x20, 0x20, 0x20, 0x20,
    0x20, 0x20, 0x20, 0x20, 0x20, 0x20, 0x22, 0x73, 0x75, 0x62, 0x6A, 0x65, 0x63, 0x74, 0x49, 0x64,
    0x22, 0x3A, 0x20, 0x22, 0x53, 0x79, 0x73, 0x74, 0x65, 0x6D, 0x2E, 0x50, 0x72, 0x69, 0x76, 0x61,
    0x74, 0x65, 0x2E, 0x43, 0x6F, 0x72, 0x65, 0x4C, 0x69, 0x62, 0x2F, 0x53, 0x79, 0x73, 0x74, 0x65,
    0x6D, 0x2E, 0x54, 0x79, 0x70, 0x65, 0x3A, 0x3A, 0x67, 0x65, 0x74, 0x5F, 0x41, 0x73, 0x73, 0x65,
    0x6D, 0x62, 0x6C, 0x79, 0x3A, 0x53, 0x79, 0x73, 0x74, 0x65, 0x6D, 0x2E, 0x52, 0x65, 0x66, 0x6C,
    0x65, 0x63, 0x74, 0x69, 0x6F, 0x6E, 0x2E, 0x41, 0x73, 0x73, 0x65, 0x6D, 0x62, 0x6C, 0x79, 0x28,
    0x29, 0x22, 0x0D, 0x0A, 0x20, 0x20, 0x20, 0x20, 0x20, 0x20, 0x20, 0x20, 0x20, 0x20, 0x7D, 0x2C,
    0x0D, 0x0A, 0x20, 0x20, 0x20, 0x20, 0x20, 0x20, 0x20, 0x20, 0x20, 0x20, 0x22, 0x74, 0x61, 0x72,
    0x67, 0x65, 0x74, 0x52, 0x65, 0x66, 0x65, 0x72, 0x65, 0x6E, 0x63, 0x65, 0x22, 0x3A, 0x20, 0x7B,
    0x0D, 0x0A, 0x20, 0x20, 0x20, 0x20, 0x20, 0x20, 0x20, 0x20, 0x20, 0x20, 0x20, 0x20, 0x22, 0x6B,
    0x69, 0x6E, 0x64, 0x22, 0x3A, 0x20, 0x33, 0x2C, 0x0D, 0x0A, 0x20, 0x20, 0x20, 0x20, 0x20, 0x20,
    0x20, 0x20, 0x20, 0x20, 0x20, 0x20, 0x22, 0x61, 0x73, 0x73, 0x65, 0x6D, 0x62, 0x6C, 0x79, 0x4E,
    0x61, 0x6D, 0x65, 0x22, 0x3A, 0x20, 0x22, 0x53, 0x79, 0x73, 0x74, 0x65, 0x6D, 0x2E, 0x50, 0x72,
    0x69, 0x76, 0x61, 0x74, 0x65, 0x2E, 0x43, 0x6F, 0x72, 0x65, 0x4C, 0x69, 0x62, 0x22, 0x2C, 0x0D,
    0x0A, 0x20, 0x20, 0x20, 0x20, 0x20, 0x20, 0x20, 0x20, 0x20, 0x20, 0x20, 0x20, 0x22, 0x73, 0x75,
    0x62, 0x6A, 0x65, 0x63, 0x74, 0x49, 0x64, 0x22, 0x3A, 0x20, 0x22, 0x53, 0x79, 0x73, 0x74, 0x65,
    0x6D, 0x2E, 0x50, 0x72, 0x69, 0x76, 0x61, 0x74, 0x65, 0x2E, 0x43, 0x6F, 0x72, 0x65, 0x4C, 0x69,
    0x62, 0x2F, 0x53, 0x79, 0x73, 0x74, 0x65, 0x6D, 0x2E, 0x54, 0x79, 0x70, 0x65, 0x3A, 0x3A, 0x67,
    0x65, 0x74, 0x5F, 0x41, 0x73, 0x73, 0x65, 0x6D, 0x62, 0x6C, 0x79, 0x3A, 0x53, 0x79, 0x73, 0x74,
    0x65, 0x6D, 0x2E, 0x52, 0x65, 0x66, 0x6C, 0x65, 0x63, 0x74, 0x69, 0x6F, 0x6E, 0x2E, 0x41, 0x73,
    0x73, 0x65, 0x6D, 0x62, 0x6C, 0x79, 0x28, 0x29, 0x22, 0x2C, 0x0D, 0x0A, 0x20, 0x20, 0x20, 0x20,
    0x20, 0x20, 0x20, 0x20, 0x20, 0x20, 0x20, 0x20, 0x22, 0x74, 0x79, 0x70, 0x65, 0x53, 0x68, 0x61,
    0x70, 0x65, 0x22, 0x3A, 0x20, 0x30, 0x2C, 0x0D, 0x0A, 0x20, 0x20, 0x20, 0x20, 0x20, 0x20, 0x20,
    0x20, 0x20, 0x20, 0x20, 0x20, 0x22, 0x61, 0x72, 0x72, 0x61, 0x79, 0x45, 0x6C, 0x65, 0x6D, 0x65,
    0x6E, 0x74, 0x54, 0x79, 0x70, 0x65, 0x53, 0x68, 0x61, 0x70, 0x65, 0x22, 0x3A, 0x20, 0x30, 0x2C,
    0x0D, 0x0A, 0x20, 0x20, 0x20, 0x20, 0x20, 0x20, 0x20, 0x20, 0x20, 0x20, 0x20, 0x20, 0x22, 0x69,
    0x73, 0x53, 0x65, 0x61, 0x6C, 0x65, 0x64, 0x22, 0x3A, 0x20, 0x66, 0x61, 0x6C, 0x73, 0x65, 0x2C,
    0x0D, 0x0A, 0x20, 0x20, 0x20, 0x20, 0x20, 0x20, 0x20, 0x20, 0x20, 0x20, 0x20, 0x20, 0x22, 0x69,
    0x73, 0x43, 0x6F, 0x6D, 0x49, 0x6D, 0x70, 0x6F, 0x72, 0x74, 0x22, 0x3A, 0x20, 0x66, 0x61, 0x6C,
    0x73, 0x65, 0x2C, 0x0D, 0x0A, 0x20, 0x20, 0x20, 0x20, 0x20, 0x20, 0x20, 0x20, 0x20, 0x20, 0x20,
    0x20, 0x22, 0x63, 0x6F, 0x6D, 0x49, 0x6E, 0x74, 0x65, 0x72, 0x66, 0x61, 0x63, 0x65, 0x54, 0x79,
    0x70, 0x65, 0x4B, 0x69, 0x6E, 0x64, 0x22, 0x3A, 0x20, 0x30, 0x2C, 0x0D, 0x0A, 0x20, 0x20, 0x20,
    0x20, 0x20, 0x20, 0x20, 0x20, 0x20, 0x20, 0x20, 0x20, 0x22, 0x64, 0x65, 0x63, 0x6C, 0x61, 0x72,
    0x69, 0x6E, 0x67, 0x54, 0x79, 0x70, 0x65, 0x53, 0x68, 0x61, 0x70, 0x65, 0x22, 0x3A, 0x20, 0x30,
    0x0D, 0x0A, 0x20, 0x20, 0x20, 0x20, 0x20, 0x20, 0x20, 0x20, 0x20, 0x20, 0x7D, 0x2C, 0x0D, 0x0A,
    0x20, 0x20, 0x20, 0x20, 0x20, 0x20, 0x20, 0x20, 0x20, 0x20, 0x22, 0x64, 0x69, 0x73, 0x70, 0x61,
    0x74, 0x63, 0x68, 0x4B, 0x69, 0x6E, 0x64, 0x43, 0x6F, 0x64, 0x65, 0x22, 0x3A, 0x20, 0x34, 0x2C,
    0x0D, 0x0A, 0x20, 0x20, 0x20, 0x20, 0x20, 0x20, 0x20, 0x20, 0x20, 0x20, 0x22, 0x69, 0x73, 0x50,
    0x72, 0x65, 0x73, 0x65, 0x72, 0x76, 0x65, 0x53, 0x69, 0x67, 0x22, 0x3A, 0x20, 0x66, 0x61, 0x6C,
    0x73, 0x65, 0x0D, 0x0A, 0x20, 0x20, 0x20, 0x20, 0x20, 0x20, 0x20, 0x20, 0x7D, 0x2C, 0x0D, 0x0A,
    0x20, 0x20, 0x20, 0x20, 0x20, 0x20, 0x20, 0x20, 0x7B, 0x0D, 0x0A, 0x20, 0x20, 0x20, 0x20, 0x20,
    0x20, 0x20, 0x20, 0x20, 0x20, 0x22, 0x6F, 0x70, 0x22, 0x3A, 0x20, 0x22, 0x6C, 0x64, 0x63, 0x2E,
    0x69, 0x34, 0x22, 0x2C, 0x0D, 0x0A, 0x20, 0x20, 0x20, 0x20, 0x20, 0x20, 0x20, 0x20, 0x20, 0x20,
    0x22, 0x6F, 0x70, 0x43, 0x6F, 0x64, 0x65, 0x22, 0x3A, 0x20, 0x30, 0x2C, 0x0D, 0x0A, 0x20, 0x20,
    0x20, 0x20, 0x20, 0x20, 0x20, 0x20, 0x20, 0x20, 0x22, 0x6F, 0x70, 0x65, 0x72, 0x61, 0x6E, 0x64,
    0x22, 0x3A, 0x20, 0x30, 0x2C, 0x0D, 0x0A, 0x20, 0x20, 0x20, 0x20, 0x20, 0x20, 0x20, 0x20, 0x20,
    0x20, 0x22, 0x69, 0x6C, 0x4F, 0x66, 0x66, 0x73, 0x65, 0x74, 0x22, 0x3A, 0x20, 0x31, 0x36, 0x2C,
    0x0D, 0x0A, 0x20, 0x20, 0x20, 0x20, 0x20, 0x20, 0x20, 0x20, 0x20, 0x20, 0x22, 0x72, 0x65, 0x73,
    0x75, 0x6C, 0x74, 0x54, 0x79, 0x70, 0x65, 0x22, 0x3A, 0x20, 0x22, 0x53, 0x79, 0x73, 0x74, 0x65,
    0x6D, 0x2E, 0x49, 0x6E, 0x74, 0x33, 0x32, 0x22, 0x2C, 0x0D, 0x0A, 0x20, 0x20, 0x20, 0x20, 0x20,
    0x20, 0x20, 0x20, 0x20, 0x20, 0x22, 0x69, 0x73, 0x50, 0x72, 0x65, 0x73, 0x65, 0x72, 0x76, 0x65,
    0x53, 0x69, 0x67, 0x22, 0x3A, 0x20, 0x66, 0x61, 0x6C, 0x73, 0x65, 0x0D, 0x0A, 0x20, 0x20, 0x20,
    0x20, 0x20, 0x20, 0x20, 0x20, 0x7D, 0x2C, 0x0D, 0x0A, 0x20, 0x20, 0x20, 0x20, 0x20, 0x20, 0x20,
    0x20, 0x7B, 0x0D, 0x0A, 0x20, 0x20, 0x20, 0x20, 0x20, 0x20, 0x20, 0x20, 0x20, 0x20, 0x22, 0x6F,
    0x70, 0x22, 0x3A, 0x20, 0x22, 0x63, 0x61, 0x6C, 0x6C, 0x76, 0x69, 0x72, 0x74, 0x22, 0x2C, 0x0D,
    0x0A, 0x20, 0x20, 0x20, 0x20, 0x20, 0x20, 0x20, 0x20, 0x20, 0x20, 0x22, 0x6F, 0x70, 0x43, 0x6F,
    0x64, 0x65, 0x22, 0x3A, 0x20, 0x31, 0x35, 0x2C, 0x0D, 0x0A, 0x20, 0x20, 0x20, 0x20, 0x20, 0x20,
    0x20, 0x20, 0x20, 0x20, 0x22, 0x69, 0x6C, 0x4F, 0x66, 0x66, 0x73, 0x65, 0x74, 0x22, 0x3A, 0x20,
    0x31, 0x37, 0x2C, 0x0D, 0x0A, 0x20, 0x20, 0x20, 0x20, 0x20, 0x20, 0x20, 0x20, 0x20, 0x20, 0x22,
    0x72, 0x65, 0x73, 0x75, 0x6C, 0x74, 0x54, 0x79, 0x70, 0x65, 0x22, 0x3A, 0x20, 0x22, 0x53, 0x79,
    0x73, 0x74, 0x65, 0x6D, 0x2E, 0x4F, 0x62, 0x6A, 0x65, 0x63, 0x74, 0x5B, 0x5D, 0x22, 0x2C, 0x0D,
    0x0A, 0x20, 0x20, 0x20, 0x20, 0x20, 0x20, 0x20, 0x20, 0x20, 0x20, 0x22, 0x63, 0x61, 0x6C, 0x6C,
    0x65, 0x65, 0x22, 0x3A, 0x20, 0x22, 0x53, 0x79, 0x73, 0x74, 0x65, 0x6D, 0x2E, 0x50, 0x72, 0x69,
    0x76, 0x61, 0x74, 0x65, 0x2E, 0x43, 0x6F, 0x72, 0x65, 0x4C, 0x69, 0x62, 0x2F, 0x53, 0x79, 0x73,
    0x74, 0x65, 0x6D, 0x2E, 0x52, 0x65, 0x66, 0x6C, 0x65, 0x63, 0x74, 0x69, 0x6F, 0x6E, 0x2E, 0x41,
    0x73, 0x73, 0x65, 0x6D, 0x62, 0x6C, 0x79, 0x3A, 0x3A, 0x47, 0x65, 0x74, 0x43, 0x75, 0x73, 0x74,
    0x6F, 0x6D, 0x41, 0x74, 0x74, 0x72, 0x69, 0x62, 0x75, 0x74, 0x65, 0x73, 0x3A, 0x53, 0x79, 0x73,
    0x74, 0x65, 0x6D, 0x2E, 0x4F, 0x62, 0x6A, 0x65, 0x63, 0x74, 0x5B, 0x5D, 0x28, 0x53, 0x79, 0x73,
    0x74, 0x65, 0x6D, 0x2E, 0x42, 0x6F, 0x6F, 0x6C, 0x65, 0x61, 0x6E, 0x29, 0x22, 0x2C, 0x0D, 0x0A,
    0x20, 0x20, 0x20, 0x20, 0x20, 0x20, 0x20, 0x20, 0x20, 0x20, 0x22, 0x72, 0x65, 0x66, 0x65, 0x72,
    0x65, 0x6E, 0x63, 0x65, 0x22, 0x3A, 0x20, 0x7B, 0x0D, 0x0A, 0x20, 0x20, 0x20, 0x20, 0x20, 0x20,
    0x20, 0x20, 0x20, 0x20, 0x20, 0x20, 0x22, 0x61, 0x73, 0x73, 0x65, 0x6D, 0x62, 0x6C, 0x79, 0x4E,
    0x61, 0x6D, 0x65, 0x22, 0x3A, 0x20, 0x22, 0x53, 0x79, 0x73, 0x74, 0x65, 0x6D, 0x2E, 0x50, 0x72,
    0x69, 0x76, 0x61, 0x74, 0x65, 0x2E, 0x43, 0x6F, 0x72, 0x65, 0x4C, 0x69, 0x62, 0x22, 0x2C, 0x0D,
    0x0A, 0x20, 0x20, 0x20, 0x20, 0x20, 0x20, 0x20, 0x20, 0x20, 0x20, 0x20, 0x20, 0x22, 0x73, 0x75,
    0x62, 0x6A, 0x65, 0x63, 0x74, 0x4B, 0x69, 0x6E, 0x64, 0x22, 0x3A, 0x20, 0x22, 0x6D, 0x65, 0x74,
    0x68, 0x6F, 0x64, 0x22, 0x2C, 0x0D, 0x0A, 0x20, 0x20, 0x20, 0x20, 0x20, 0x20, 0x20, 0x20, 0x20,
    0x20, 0x20, 0x20, 0x22, 0x73, 0x75, 0x62, 0x6A, 0x65, 0x63, 0x74, 0x49, 0x64, 0x22, 0x3A, 0x20,
    0x22, 0x53, 0x79, 0x73, 0x74, 0x65, 0x6D, 0x2E, 0x50, 0x72, 0x69, 0x76, 0x61, 0x74, 0x65, 0x2E,
    0x43, 0x6F, 0x72, 0x65, 0x4C, 0x69, 0x62, 0x2F, 0x53, 0x79, 0x73, 0x74, 0x65, 0x6D, 0x2E, 0x52,
    0x65, 0x66, 0x6C, 0x65, 0x63, 0x74, 0x69, 0x6F, 0x6E, 0x2E, 0x41, 0x73, 0x73, 0x65, 0x6D, 0x62,
    0x6C, 0x79, 0x3A, 0x3A, 0x47, 0x65, 0x74, 0x43, 0x75, 0x73, 0x74, 0x6F, 0x6D, 0x41, 0x74, 0x74,
    0x72, 0x69, 0x62, 0x75, 0x74, 0x65, 0x73, 0x3A, 0x53, 0x79, 0x73, 0x74, 0x65, 0x6D, 0x2E, 0x4F,
    0x62, 0x6A, 0x65, 0x63, 0x74, 0x5B, 0x5D, 0x28, 0x53, 0x79, 0x73, 0x74, 0x65, 0x6D, 0x2E, 0x42,
    0x6F, 0x6F, 0x6C, 0x65, 0x61, 0x6E, 0x29, 0x22, 0x0D, 0x0A, 0x20, 0x20, 0x20, 0x20, 0x20, 0x20,
    0x20, 0x20, 0x20, 0x20, 0x7D, 0x2C, 0x0D, 0x0A, 0x20, 0x20, 0x20, 0x20, 0x20, 0x20, 0x20, 0x20,
    0x20, 0x20, 0x22, 0x74, 0x61, 0x72, 0x67, 0x65, 0x74, 0x52, 0x65, 0x66, 0x65, 0x72, 0x65, 0x6E,
    0x63, 0x65, 0x22, 0x3A, 0x20, 0x7B, 0x0D, 0x0A, 0x20, 0x20, 0x20, 0x20, 0x20, 0x20, 0x20, 0x20,
    0x20, 0x20, 0x20, 0x20, 0x22, 0x6B, 0x69, 0x6E, 0x64, 0x22, 0x3A, 0x20, 0x33, 0x2C, 0x0D, 0x0A,
    0x20, 0x20, 0x20, 0x20, 0x20, 0x20, 0x20, 0x20, 0x20, 0x20, 0x20, 0x20, 0x22, 0x61, 0x73, 0x73,
    0x65, 0x6D, 0x62, 0x6C, 0x79, 0x4E, 0x61, 0x6D, 0x65, 0x22, 0x3A, 0x20, 0x22, 0x53, 0x79, 0x73,
    0x74, 0x65, 0x6D, 0x2E, 0x50, 0x72, 0x69, 0x76, 0x61, 0x74, 0x65, 0x2E, 0x43, 0x6F, 0x72, 0x65,
    0x4C, 0x69, 0x62, 0x22, 0x2C, 0x0D, 0x0A, 0x20, 0x20, 0x20, 0x20, 0x20, 0x20, 0x20, 0x20, 0x20,
    0x20, 0x20, 0x20, 0x22, 0x73, 0x75, 0x62, 0x6A, 0x65, 0x63, 0x74, 0x49, 0x64, 0x22, 0x3A, 0x20,
    0x22, 0x53, 0x79, 0x73, 0x74, 0x65, 0x6D, 0x2E, 0x50, 0x72, 0x69, 0x76, 0x61, 0x74, 0x65, 0x2E,
    0x43, 0x6F, 0x72, 0x65, 0x4C, 0x69, 0x62, 0x2F, 0x53, 0x79, 0x73, 0x74, 0x65, 0x6D, 0x2E, 0x52,
    0x65, 0x66, 0x6C, 0x65, 0x63, 0x74, 0x69, 0x6F, 0x6E, 0x2E, 0x41, 0x73, 0x73, 0x65, 0x6D, 0x62,
    0x6C, 0x79, 0x3A, 0x3A, 0x47, 0x65, 0x74, 0x43, 0x75, 0x73, 0x74, 0x6F, 0x6D, 0x41, 0x74, 0x74,
    0x72, 0x69, 0x62, 0x75, 0x74, 0x65, 0x73, 0x3A, 0x53, 0x79, 0x73, 0x74, 0x65, 0x6D, 0x2E, 0x4F,
    0x62, 0x6A, 0x65, 0x63, 0x74, 0x5B, 0x5D, 0x28, 0x53, 0x79, 0x73, 0x74, 0x65, 0x6D, 0x2E, 0x42,
    0x6F, 0x6F, 0x6C, 0x65, 0x61, 0x6E, 0x29, 0x22, 0x2C, 0x0D, 0x0A, 0x20, 0x20, 0x20, 0x20, 0x20,
    0x20, 0x20, 0x20, 0x20, 0x20, 0x20, 0x20, 0x22, 0x74, 0x79, 0x70, 0x65, 0x53, 0x68, 0x61, 0x70,
    0x65, 0x22, 0x3A, 0x20, 0x30, 0x2C, 0x0D, 0x0A, 0x20, 0x20, 0x20, 0x20, 0x20, 0x20, 0x20, 0x20,
    0x20, 0x20, 0x20, 0x20, 0x22, 0x61, 0x72, 0x72, 0x61, 0x79, 0x45, 0x6C, 0x65, 0x6D, 0x65, 0x6E,
    0x74, 0x54, 0x79, 0x70, 0x65, 0x53, 0x68, 0x61, 0x70, 0x65, 0x22, 0x3A, 0x20, 0x30, 0x2C, 0x0D,
    0x0A, 0x20, 0x20, 0x20, 0x20, 0x20, 0x20, 0x20, 0x20, 0x20, 0x20, 0x20, 0x20, 0x22, 0x69, 0x73,
    0x53, 0x65, 0x61, 0x6C, 0x65, 0x64, 0x22, 0x3A, 0x20, 0x66, 0x61, 0x6C, 0x73, 0x65, 0x2C, 0x0D,
    0x0A, 0x20, 0x20, 0x20, 0x20, 0x20, 0x20, 0x20, 0x20, 0x20, 0x20, 0x20, 0x20, 0x22, 0x69, 0x73,
    0x43, 0x6F, 0x6D, 0x49, 0x6D, 0x70, 0x6F, 0x72, 0x74, 0x22, 0x3A, 0x20, 0x66, 0x61, 0x6C, 0x73,
    0x65, 0x2C, 0x0D, 0x0A, 0x20, 0x20, 0x20, 0x20, 0x20, 0x20, 0x20, 0x20, 0x20, 0x20, 0x20, 0x20,
    0x22, 0x63, 0x6F, 0x6D, 0x49, 0x6E, 0x74, 0x65, 0x72, 0x66, 0x61, 0x63, 0x65, 0x54, 0x79, 0x70,
    0x65, 0x4B, 0x69, 0x6E, 0x64, 0x22, 0x3A, 0x20, 0x30, 0x2C, 0x0D, 0x0A, 0x20, 0x20, 0x20, 0x20,
    0x20, 0x20, 0x20, 0x20, 0x20, 0x20, 0x20, 0x20, 0x22, 0x64, 0x65, 0x63, 0x6C, 0x61, 0x72, 0x69,
    0x6E, 0x67, 0x54, 0x79, 0x70, 0x65, 0x53, 0x68, 0x61, 0x70, 0x65, 0x22, 0x3A, 0x20, 0x30, 0x0D,
    0x0A, 0x20, 0x20, 0x20, 0x20, 0x20, 0x20, 0x20, 0x20, 0x20, 0x20, 0x7D, 0x2C, 0x0D, 0x0A, 0x20,
    0x20, 0x20, 0x20, 0x20, 0x20, 0x20, 0x20, 0x20, 0x20, 0x22, 0x64, 0x69, 0x73, 0x70, 0x61, 0x74,
    0x63, 0x68, 0x4B, 0x69, 0x6E, 0x64, 0x43, 0x6F, 0x64, 0x65, 0x22, 0x3A, 0x20, 0x34, 0x2C, 0x0D,
    0x0A, 0x20, 0x20, 0x20, 0x20, 0x20, 0x20, 0x20, 0x20, 0x20, 0x20, 0x22, 0x69, 0x73, 0x50, 0x72,
    0x65, 0x73, 0x65, 0x72, 0x76, 0x65, 0x53, 0x69, 0x67, 0x22, 0x3A, 0x20, 0x66, 0x61, 0x6C, 0x73,
    0x65, 0x0D, 0x0A, 0x20, 0x20, 0x20, 0x20, 0x20, 0x20, 0x20, 0x20, 0x7D, 0x2C, 0x0D, 0x0A, 0x20,
    0x20, 0x20, 0x20, 0x20, 0x20, 0x20, 0x20, 0x7B, 0x0D, 0x0A, 0x20, 0x20, 0x20, 0x20, 0x20, 0x20,
    0x20, 0x20, 0x20, 0x20, 0x22, 0x6F, 0x70, 0x22, 0x3A, 0x20, 0x22, 0x63, 0x61, 0x6C, 0x6C, 0x22,
    0x2C, 0x0D, 0x0A, 0x20, 0x20, 0x20, 0x20, 0x20, 0x20, 0x20, 0x20, 0x20, 0x20, 0x22, 0x6F, 0x70,
    0x43, 0x6F, 0x64, 0x65, 0x22, 0x3A, 0x20, 0x31, 0x34, 0x2C, 0x0D, 0x0A, 0x20, 0x20, 0x20, 0x20,
    0x20, 0x20, 0x20, 0x20, 0x20, 0x20, 0x22, 0x69, 0x6C, 0x4F, 0x66, 0x66, 0x73, 0x65, 0x74, 0x22,
    0x3A, 0x20, 0x32, 0x32, 0x2C, 0x0D, 0x0A, 0x20, 0x20, 0x20, 0x20, 0x20, 0x20, 0x20, 0x20, 0x20,
    0x20, 0x22, 0x72, 0x65, 0x73, 0x75, 0x6C, 0x74, 0x54, 0x79, 0x70, 0x65, 0x22, 0x3A, 0x20, 0x22,
    0x53, 0x79, 0x73, 0x74, 0x65, 0x6D, 0x2E, 0x43, 0x6F, 0x6C, 0x6C, 0x65, 0x63, 0x74, 0x69, 0x6F,
    0x6E, 0x73, 0x2E, 0x47, 0x65, 0x6E, 0x65, 0x72, 0x69, 0x63, 0x2E, 0x49, 0x45, 0x6E, 0x75, 0x6D,
    0x65, 0x72, 0x61, 0x62, 0x6C, 0x65, 0x5C, 0x75, 0x30, 0x30, 0x33, 0x43, 0x53, 0x79, 0x73, 0x74,
    0x65, 0x6D, 0x2E, 0x41, 0x74, 0x74, 0x72, 0x69, 0x62, 0x75, 0x74, 0x65, 0x5C, 0x75, 0x30, 0x30,
    0x33, 0x45, 0x22, 0x2C, 0x0D, 0x0A, 0x20, 0x20, 0x20, 0x20, 0x20, 0x20, 0x20, 0x20, 0x20, 0x20,
    0x22, 0x63, 0x61, 0x6C, 0x6C, 0x65, 0x65, 0x22, 0x3A, 0x20, 0x22, 0x53, 0x79, 0x73, 0x74, 0x65,
    0x6D, 0x2E, 0x4C, 0x69, 0x6E, 0x71, 0x2F, 0x45, 0x6E, 0x75, 0x6D, 0x65, 0x72, 0x61, 0x62, 0x6C,
    0x65, 0x3A, 0x3A, 0x43, 0x61, 0x73, 0x74, 0x5C, 0x75, 0x30, 0x30, 0x33, 0x43, 0x53, 0x79, 0x73,
    0x74, 0x65, 0x6D, 0x2E, 0x41, 0x74, 0x74, 0x72, 0x69, 0x62, 0x75, 0x74, 0x65, 0x5C, 0x75, 0x30,
    0x30, 0x33, 0x45, 0x3A, 0x53, 0x79, 0x73, 0x74, 0x65, 0x6D, 0x2E, 0x43, 0x6F, 0x6C, 0x6C, 0x65,
    0x63, 0x74, 0x69, 0x6F, 0x6E, 0x73, 0x2E, 0x47, 0x65, 0x6E, 0x65, 0x72, 0x69, 0x63, 0x2E, 0x49,
    0x45, 0x6E, 0x75, 0x6D, 0x65, 0x72, 0x61, 0x62, 0x6C, 0x65, 0x5C, 0x75, 0x30, 0x30, 0x33, 0x43,
    0x53, 0x79, 0x73, 0x74, 0x65, 0x6D, 0x2E, 0x41, 0x74, 0x74, 0x72, 0x69, 0x62, 0x75, 0x74, 0x65,
    0x5C, 0x75, 0x30, 0x30, 0x33, 0x45, 0x28, 0x53, 0x79, 0x73, 0x74, 0x65, 0x6D, 0x2E, 0x43, 0x6F,
    0x6C, 0x6C, 0x65, 0x63, 0x74, 0x69, 0x6F, 0x6E, 0x73, 0x2E, 0x49, 0x45, 0x6E, 0x75, 0x6D, 0x65,
    0x72, 0x61, 0x62, 0x6C, 0x65, 0x29, 0x22, 0x2C, 0x0D, 0x0A, 0x20, 0x20, 0x20, 0x20, 0x20, 0x20,
    0x20, 0x20, 0x20, 0x20, 0x22, 0x72, 0x65, 0x66, 0x65, 0x72, 0x65, 0x6E, 0x63, 0x65, 0x22, 0x3A,
    0x20, 0x7B, 0x0D, 0x0A, 0x20, 0x20, 0x20, 0x20, 0x20, 0x20, 0x20, 0x20, 0x20, 0x20, 0x20, 0x20,
    0x22, 0x61, 0x73, 0x73, 0x65, 0x6D, 0x62, 0x6C, 0x79, 0x4E, 0x61, 0x6D, 0x65, 0x22, 0x3A, 0x20,
    0x22, 0x53, 0x79, 0x73, 0x74, 0x65, 0x6D, 0x2E, 0x4C, 0x69, 0x6E, 0x71, 0x22, 0x2C, 0x0D, 0x0A,
    0x20, 0x20, 0x20, 0x20, 0x20, 0x20, 0x20, 0x20, 0x20, 0x20, 0x20, 0x20, 0x22, 0x73, 0x75, 0x62,
    0x6A, 0x65, 0x63, 0x74, 0x4B, 0x69, 0x6E, 0x64, 0x22, 0x3A, 0x20, 0x22, 0x6D, 0x65, 0x74, 0x68,
    0x6F, 0x64, 0x22, 0x2C, 0x0D, 0x0A, 0x20, 0x20, 0x20, 0x20, 0x20, 0x20, 0x20, 0x20, 0x20, 0x20,
    0x20, 0x20, 0x22, 0x73, 0x75, 0x62, 0x6A, 0x65, 0x63, 0x74, 0x49, 0x64, 0x22, 0x3A, 0x20, 0x22,
    0x53, 0x79, 0x73, 0x74, 0x65, 0x6D, 0x2E, 0x4C, 0x69, 0x6E, 0x71, 0x2F, 0x45, 0x6E, 0x75, 0x6D,
    0x65, 0x72, 0x61, 0x62, 0x6C, 0x65, 0x3A, 0x3A, 0x43, 0x61, 0x73, 0x74, 0x5C, 0x75, 0x30, 0x30,
    0x33, 0x43, 0x53, 0x79, 0x73, 0x74, 0x65, 0x6D, 0x2E, 0x41, 0x74, 0x74, 0x72, 0x69, 0x62, 0x75,
    0x74, 0x65, 0x5C, 0x75, 0x30, 0x30, 0x33, 0x45, 0x3A, 0x53, 0x79, 0x73, 0x74, 0x65, 0x6D, 0x2E,
    0x43, 0x6F, 0x6C, 0x6C, 0x65, 0x63, 0x74, 0x69, 0x6F, 0x6E, 0x73, 0x2E, 0x47, 0x65, 0x6E, 0x65,
    0x72, 0x69, 0x63, 0x2E, 0x49, 0x45, 0x6E, 0x75, 0x6D, 0x65, 0x72, 0x61, 0x62, 0x6C, 0x65, 0x5C,
    0x75, 0x30, 0x30, 0x33, 0x43, 0x53, 0x79, 0x73, 0x74, 0x65, 0x6D, 0x2E, 0x41, 0x74, 0x74, 0x72,
    0x69, 0x62, 0x75, 0x74, 0x65, 0x5C, 0x75, 0x30, 0x30, 0x33, 0x45, 0x28, 0x53, 0x79, 0x73, 0x74,
    0x65, 0x6D, 0x2E, 0x43, 0x6F, 0x6C, 0x6C, 0x65, 0x63, 0x74, 0x69, 0x6F, 0x6E, 0x73, 0x2E, 0x49,
    0x45, 0x6E, 0x75, 0x6D, 0x65, 0x72, 0x61, 0x62, 0x6C, 0x65, 0x29, 0x22, 0x0D, 0x0A, 0x20, 0x20,
    0x20, 0x20, 0x20, 0x20, 0x20, 0x20, 0x20, 0x20, 0x7D, 0x2C, 0x0D, 0x0A, 0x20, 0x20, 0x20, 0x20,
    0x20, 0x20, 0x20, 0x20, 0x20, 0x20, 0x22, 0x74, 0x61, 0x72, 0x67, 0x65, 0x74, 0x52, 0x65, 0x66,
    0x65, 0x72, 0x65, 0x6E, 0x63, 0x65, 0x22, 0x3A, 0x20, 0x7B, 0x0D, 0x0A, 0x20, 0x20, 0x20, 0x20,
    0x20, 0x20, 0x20, 0x20, 0x20, 0x20, 0x20, 0x20, 0x22, 0x6B, 0x69, 0x6E, 0x64, 0x22, 0x3A, 0x20,
    0x33, 0x2C, 0x0D, 0x0A, 0x20, 0x20, 0x20, 0x20, 0x20, 0x20, 0x20, 0x20, 0x20, 0x20, 0x20, 0x20,
    0x22, 0x61, 0x73, 0x73, 0x65, 0x6D, 0x62, 0x6C, 0x79, 0x4E, 0x61, 0x6D, 0x65, 0x22, 0x3A, 0x20,
    0x22, 0x53, 0x79, 0x73, 0x74, 0x65, 0x6D, 0x2E, 0x4C, 0x69, 0x6E, 0x71, 0x22, 0x2C, 0x0D, 0x0A,
    0x20, 0x20, 0x20, 0x20, 0x20, 0x20, 0x20, 0x20, 0x20, 0x20, 0x20, 0x20, 0x22, 0x73, 0x75, 0x62,
    0x6A, 0x65, 0x63, 0x74, 0x49, 0x64, 0x22, 0x3A, 0x20, 0x22, 0x53, 0x79, 0x73, 0x74, 0x65, 0x6D,
    0x2E, 0x4C, 0x69, 0x6E, 0x71, 0x2F, 0x45, 0x6E, 0x75, 0x6D, 0x65, 0x72, 0x61, 0x62, 0x6C, 0x65,
    0x3A, 0x3A, 0x43, 0x61, 0x73, 0x74, 0x5C, 0x75, 0x30, 0x30, 0x33, 0x43, 0x53, 0x79, 0x73, 0x74,
    0x65, 0x6D, 0x2E, 0x41, 0x74, 0x74, 0x72, 0x69, 0x62, 0x75, 0x74, 0x65, 0x5C, 0x75, 0x30, 0x30,
    0x33, 0x45, 0x3A, 0x53, 0x79, 0x73, 0x74, 0x65, 0x6D, 0x2E, 0x43, 0x6F, 0x6C, 0x6C, 0x65, 0x63,
    0x74, 0x69, 0x6F, 0x6E, 0x73, 0x2E, 0x47, 0x65, 0x6E, 0x65, 0x72, 0x69, 0x63, 0x2E, 0x49, 0x45,
    0x6E, 0x75, 0x6D, 0x65, 0x72, 0x61, 0x62, 0x6C, 0x65, 0x5C, 0x75, 0x30, 0x30, 0x33, 0x43, 0x53,
    0x79, 0x73, 0x74, 0x65, 0x6D, 0x2E, 0x41, 0x74, 0x74, 0x72, 0x69, 0x62, 0x75, 0x74, 0x65, 0x5C,
    0x75, 0x30, 0x30, 0x33, 0x45, 0x28, 0x53, 0x79, 0x73, 0x74, 0x65, 0x6D, 0x2E, 0x43, 0x6F, 0x6C,
    0x6C, 0x65, 0x63, 0x74, 0x69, 0x6F, 0x6E, 0x73, 0x2E, 0x49, 0x45, 0x6E, 0x75, 0x6D, 0x65, 0x72,
    0x61, 0x62, 0x6C, 0x65, 0x29, 0x22, 0x2C, 0x0D, 0x0A, 0x20, 0x20, 0x20, 0x20, 0x20, 0x20, 0x20,
    0x20, 0x20, 0x20, 0x20, 0x20, 0x22, 0x6F, 0x70, 0x65, 0x6E, 0x44, 0x65, 0x66, 0x69, 0x6E, 0x69,
    0x74, 0x69, 0x6F, 0x6E, 0x53, 0x75, 0x62, 0x6A, 0x65, 0x63, 0x74, 0x49, 0x64, 0x22, 0x3A, 0x20,
    0x22, 0x53, 0x79, 0x73, 0x74, 0x65, 0x6D, 0x2E, 0x4C, 0x69, 0x6E, 0x71, 0x2F, 0x45, 0x6E, 0x75,
    0x6D, 0x65, 0x72, 0x61, 0x62, 0x6C, 0x65, 0x3A, 0x3A, 0x43, 0x61, 0x73, 0x74, 0x3A, 0x53, 0x79,
    0x73, 0x74, 0x65, 0x6D, 0x2E, 0x43, 0x6F, 0x6C, 0x6C, 0x65, 0x63, 0x74, 0x69, 0x6F, 0x6E, 0x73,
    0x2E, 0x47, 0x65, 0x6E, 0x65, 0x72, 0x69, 0x63, 0x2E, 0x49, 0x45, 0x6E, 0x75, 0x6D, 0x65, 0x72,
    0x61, 0x62, 0x6C, 0x65, 0x5C, 0x75, 0x30, 0x30, 0x33, 0x43, 0x21, 0x21, 0x30, 0x5C, 0x75, 0x30,
    0x30, 0x33, 0x45, 0x28, 0x53, 0x79, 0x73, 0x74, 0x65, 0x6D, 0x2E, 0x43, 0x6F, 0x6C, 0x6C, 0x65,
    0x63, 0x74, 0x69, 0x6F, 0x6E, 0x73, 0x2E, 0x49, 0x45, 0x6E, 0x75, 0x6D, 0x65, 0x72, 0x61, 0x62,
    0x6C, 0x65, 0x29, 0x22, 0x2C, 0x0D, 0x0A, 0x20, 0x20, 0x20, 0x20, 0x20, 0x20, 0x20, 0x20, 0x20,
    0x20, 0x20, 0x20, 0x22, 0x73, 0x68, 0x61, 0x72, 0x65, 0x64, 0x47, 0x65, 0x6E, 0x65, 0x72, 0x69,
    0x63, 0x42, 0x6F, 0x64, 0x79, 0x49, 0x64, 0x22, 0x3A, 0x20, 0x7B, 0x0D, 0x0A, 0x20, 0x20, 0x20,
    0x20, 0x20, 0x20, 0x20, 0x20, 0x20, 0x20, 0x20, 0x20, 0x20, 0x20, 0x22, 0x76, 0x61, 0x6C, 0x75,
    0x65, 0x22, 0x3A, 0x20, 0x22, 0x62, 0x6F, 0x64, 0x79, 0x3A, 0x64, 0x65, 0x66, 0x69, 0x6E, 0x69,
    0x74, 0x69, 0x6F, 0x6E, 0x3D, 0x53, 0x79, 0x73, 0x74, 0x65, 0x6D, 0x2E, 0x4C, 0x69, 0x6E, 0x71,
    0x2F, 0x45, 0x6E, 0x75, 0x6D, 0x65, 0x72, 0x61, 0x62, 0x6C, 0x65, 0x3A, 0x3A, 0x43, 0x61, 0x73,
    0x74, 0x3A, 0x53, 0x79, 0x73, 0x74, 0x65, 0x6D, 0x2E, 0x43, 0x6F, 0x6C, 0x6C, 0x65, 0x63, 0x74,
    0x69, 0x6F, 0x6E, 0x73, 0x2E, 0x47, 0x65, 0x6E, 0x65, 0x72, 0x69, 0x63, 0x2E, 0x49, 0x45, 0x6E,
    0x75, 0x6D, 0x65, 0x72, 0x61, 0x62, 0x6C, 0x65, 0x5C, 0x75, 0x30, 0x30, 0x33, 0x43, 0x21, 0x21,
    0x30, 0x5C, 0x75, 0x30, 0x30, 0x33, 0x45, 0x28, 0x53, 0x79, 0x73, 0x74, 0x65, 0x6D, 0x2E, 0x43,
    0x6F, 0x6C, 0x6C, 0x65, 0x63, 0x74, 0x69, 0x6F, 0x6E, 0x73, 0x2E, 0x49, 0x45, 0x6E, 0x75, 0x6D,
    0x65, 0x72, 0x61, 0x62, 0x6C, 0x65, 0x29, 0x3B, 0x74, 0x79, 0x70, 0x65, 0x3D, 0x5B, 0x5D, 0x3B,
    0x6D, 0x65, 0x74, 0x68, 0x6F, 0x64, 0x3D, 0x5B, 0x53, 0x79, 0x73, 0x74, 0x65, 0x6D, 0x2E, 0x41,
    0x74, 0x74, 0x72, 0x69, 0x62, 0x75, 0x74, 0x65, 0x5D, 0x22, 0x0D, 0x0A, 0x20, 0x20, 0x20, 0x20,
    0x20, 0x20, 0x20, 0x20, 0x20, 0x20, 0x20, 0x20, 0x7D, 0x2C, 0x0D, 0x0A, 0x20, 0x20, 0x20, 0x20,
    0x20, 0x20, 0x20, 0x20, 0x20, 0x20, 0x20, 0x20, 0x22, 0x69, 0x6E, 0x73, 0x74, 0x61, 0x6E, 0x74,
    0x69, 0x61, 0x74, 0x69, 0x6F, 0x6E, 0x53, 0x74, 0x75, 0x62, 0x49, 0x64, 0x22, 0x3A, 0x20, 0x7B,
    0x0D, 0x0A, 0x20, 0x20, 0x20, 0x20, 0x20, 0x20, 0x20, 0x20, 0x20, 0x20, 0x20, 0x20, 0x20, 0x20,
    0x22, 0x76, 0x61, 0x6C, 0x75, 0x65, 0x22, 0x3A, 0x20, 0x22, 0x73, 0x74, 0x75, 0x62, 0x3A, 0x64,
    0x65, 0x66, 0x69, 0x6E, 0x69, 0x74, 0x69, 0x6F, 0x6E, 0x3D, 0x53, 0x79, 0x73, 0x74, 0x65, 0x6D,
    0x2E, 0x4C, 0x69, 0x6E, 0x71, 0x2F, 0x45, 0x6E, 0x75, 0x6D, 0x65, 0x72, 0x61, 0x62, 0x6C, 0x65,
    0x3A, 0x3A, 0x43, 0x61, 0x73, 0x74, 0x3A, 0x53, 0x79, 0x73, 0x74, 0x65, 0x6D, 0x2E, 0x43, 0x6F,
    0x6C, 0x6C, 0x65, 0x63, 0x74, 0x69, 0x6F, 0x6E, 0x73, 0x2E, 0x47, 0x65, 0x6E, 0x65, 0x72, 0x69,
    0x63, 0x2E, 0x49, 0x45, 0x6E, 0x75, 0x6D, 0x65, 0x72, 0x61, 0x62, 0x6C, 0x65, 0x5C, 0x75, 0x30,
    0x30, 0x33, 0x43, 0x21, 0x21, 0x30, 0x5C, 0x75, 0x30, 0x30, 0x33, 0x45, 0x28, 0x53, 0x79, 0x73,
    0x74, 0x65, 0x6D, 0x2E, 0x43, 0x6F, 0x6C, 0x6C, 0x65, 0x63, 0x74, 0x69, 0x6F, 0x6E, 0x73, 0x2E,
    0x49, 0x45, 0x6E, 0x75, 0x6D, 0x65, 0x72, 0x61, 0x62, 0x6C, 0x65, 0x29, 0x3B, 0x74, 0x79, 0x70,
    0x65, 0x3D, 0x5B, 0x5D, 0x3B, 0x6D, 0x65, 0x74, 0x68, 0x6F, 0x64, 0x3D, 0x5B, 0x53, 0x79, 0x73,
    0x74, 0x65, 0x6D, 0x2E, 0x41, 0x74, 0x74, 0x72, 0x69, 0x62, 0x75, 0x74, 0x65, 0x5D, 0x22, 0x0D,
    0x0A, 0x20, 0x20, 0x20, 0x20, 0x20, 0x20, 0x20, 0x20, 0x20, 0x20, 0x20, 0x20, 0x7D, 0x2C, 0x0D,
    0x0A, 0x20, 0x20, 0x20, 0x20, 0x20, 0x20, 0x20, 0x20, 0x20, 0x20, 0x20, 0x20, 0x22, 0x72, 0x75,
    0x6E, 0x74, 0x69, 0x6D, 0x65, 0x47, 0x65, 0x6E, 0x65, 0x72, 0x69, 0x63, 0x43, 0x6F, 0x6E, 0x74,
    0x65, 0x78, 0x74, 0x22, 0x3A, 0x20, 0x7B, 0x0D, 0x0A, 0x20, 0x20, 0x20, 0x20, 0x20, 0x20, 0x20,
    0x20, 0x20, 0x20, 0x20, 0x20, 0x20, 0x20, 0x22, 0x69, 0x6E, 0x73, 0x74, 0x61, 0x6E, 0x74, 0x69,
    0x61, 0x74, 0x69, 0x6F, 0x6E, 0x4B, 0x65, 0x79, 0x22, 0x3A, 0x20, 0x7B, 0x0D, 0x0A, 0x20, 0x20,
    0x20, 0x20, 0x20, 0x20, 0x20, 0x20, 0x20, 0x20, 0x20, 0x20, 0x20, 0x20, 0x20, 0x20, 0x22, 0x63,
    0x6F, 0x6E, 0x74, 0x65, 0x78, 0x74, 0x4B, 0x69, 0x6E, 0x64, 0x22, 0x3A, 0x20, 0x32, 0x2C, 0x0D,
    0x0A, 0x20, 0x20, 0x20, 0x20, 0x20, 0x20, 0x20, 0x20, 0x20, 0x20, 0x20, 0x20, 0x20, 0x20, 0x20,
    0x20, 0x22, 0x64, 0x65, 0x66, 0x69, 0x6E, 0x69, 0x74, 0x69, 0x6F, 0x6E, 0x53, 0x75, 0x62, 0x6A,
    0x65, 0x63, 0x74, 0x49, 0x64, 0x22, 0x3A, 0x20, 0x22, 0x53, 0x79, 0x73, 0x74, 0x65, 0x6D, 0x2E,
    0x4C, 0x69, 0x6E, 0x71, 0x2F, 0x45, 0x6E, 0x75, 0x6D, 0x65, 0x72, 0x61, 0x62, 0x6C, 0x65, 0x3A,
    0x3A, 0x43, 0x61, 0x73, 0x74, 0x3A, 0x53, 0x79, 0x73, 0x74, 0x65, 0x6D, 0x2E, 0x43, 0x6F, 0x6C,
    0x6C, 0x65, 0x63, 0x74, 0x69, 0x6F, 0x6E, 0x73, 0x2E, 0x47, 0x65, 0x6E, 0x65, 0x72, 0x69, 0x63,
    0x2E, 0x49, 0x45, 0x6E, 0x75, 0x6D, 0x65, 0x72, 0x61, 0x62, 0x6C, 0x65, 0x5C, 0x75, 0x30, 0x30,
    0x33, 0x43, 0x21, 0x21, 0x30, 0x5C, 0x75, 0x30, 0x30, 0x33, 0x45, 0x28, 0x53, 0x79, 0x73, 0x74,
    0x65, 0x6D, 0x2E, 0x43, 0x6F, 0x6C, 0x6C, 0x65, 0x63, 0x74, 0x69, 0x6F, 0x6E, 0x73, 0x2E, 0x49,
    0x45, 0x6E, 0x75, 0x6D, 0x65, 0x72, 0x61, 0x62, 0x6C, 0x65, 0x29, 0x22, 0x2C, 0x0D, 0x0A, 0x20,
    0x20, 0x20, 0x20, 0x20, 0x20, 0x20, 0x20, 0x20, 0x20, 0x20, 0x20, 0x20, 0x20, 0x20, 0x20, 0x22,
    0x74, 0x79, 0x70, 0x65, 0x41, 0x72, 0x67, 0x75, 0x6D, 0x65, 0x6E, 0x74, 0x73, 0x22, 0x3A, 0x20,
    0x5B, 0x5D, 0x2C, 0x0D, 0x0A, 0x20, 0x20, 0x20, 0x20, 0x20, 0x20, 0x20, 0x20, 0x20, 0x20, 0x20,
    0x20, 0x20, 0x20, 0x20, 0x20, 0x22, 0x6D, 0x65, 0x74, 0x68, 0x6F, 0x64, 0x41, 0x72, 0x67, 0x75,
    0x6D, 0x65, 0x6E, 0x74, 0x73, 0x22, 0x3A, 0x20, 0x5B, 0x0D, 0x0A, 0x20, 0x20, 0x20, 0x20, 0x20,
    0x20, 0x20, 0x20, 0x20, 0x20, 0x20, 0x20, 0x20, 0x20, 0x20, 0x20, 0x20, 0x20, 0x22, 0x53, 0x79,
    0x73, 0x74, 0x65, 0x6D, 0x2E, 0x41, 0x74, 0x74, 0x72, 0x69, 0x62, 0x75, 0x74, 0x65, 0x22, 0x0D,
    0x0A, 0x20, 0x20, 0x20, 0x20, 0x20, 0x20, 0x20, 0x20, 0x20, 0x20, 0x20, 0x20, 0x20, 0x20, 0x20,
    0x20, 0x5D, 0x0D, 0x0A, 0x20, 0x20, 0x20, 0x20, 0x20, 0x20, 0x20, 0x20, 0x20, 0x20, 0x20, 0x20,
    0x20, 0x20, 0x7D, 0x2C, 0x0D, 0x0A, 0x20, 0x20, 0x20, 0x20, 0x20, 0x20, 0x20, 0x20, 0x20, 0x20,
    0x20, 0x20, 0x20, 0x20, 0x22, 0x73, 0x68, 0x61, 0x72, 0x65, 0x64, 0x47, 0x65, 0x6E, 0x65, 0x72,
    0x69, 0x63, 0x42, 0x6F, 0x64, 0x79, 0x49, 0x64, 0x22, 0x3A, 0x20, 0x7B, 0x0D, 0x0A, 0x20, 0x20,
    0x20, 0x20, 0x20, 0x20, 0x20, 0x20, 0x20, 0x20, 0x20, 0x20, 0x20, 0x20, 0x20, 0x20, 0x22, 0x76,
    0x61, 0x6C, 0x75, 0x65, 0x22, 0x3A, 0x20, 0x22, 0x62, 0x6F, 0x64, 0x79, 0x3A, 0x64, 0x65, 0x66,
    0x69, 0x6E, 0x69, 0x74, 0x69, 0x6F, 0x6E, 0x3D, 0x53, 0x79, 0x73, 0x74, 0x65, 0x6D, 0x2E, 0x4C,
    0x69, 0x6E, 0x71, 0x2F, 0x45, 0x6E, 0x75, 0x6D, 0x65, 0x72, 0x61, 0x62, 0x6C, 0x65, 0x3A, 0x3A,
    0x43, 0x61, 0x73, 0x74, 0x3A, 0x53, 0x79, 0x73, 0x74, 0x65, 0x6D, 0x2E, 0x43, 0x6F, 0x6C, 0x6C,
    0x65, 0x63, 0x74, 0x69, 0x6F, 0x6E, 0x73, 0x2E, 0x47, 0x65, 0x6E, 0x65, 0x72, 0x69, 0x63, 0x2E,
    0x49, 0x45, 0x6E, 0x75, 0x6D, 0x65, 0x72, 0x61, 0x62, 0x6C, 0x65, 0x5C, 0x75, 0x30, 0x30, 0x33,
    0x43, 0x21, 0x21, 0x30, 0x5C, 0x75, 0x30, 0x30, 0x33, 0x45, 0x28, 0x53, 0x79, 0x73, 0x74, 0x65,
    0x6D, 0x2E, 0x43, 0x6F, 0x6C, 0x6C, 0x65, 0x63, 0x74, 0x69, 0x6F, 0x6E, 0x73, 0x2E, 0x49, 0x45,
    0x6E, 0x75, 0x6D, 0x65, 0x72, 0x61, 0x62, 0x6C, 0x65, 0x29, 0x3B, 0x74, 0x79, 0x70, 0x65, 0x3D,
    0x5B, 0x5D, 0x3B, 0x6D, 0x65, 0x74, 0x68, 0x6F, 0x64, 0x3D, 0x5B, 0x53, 0x79, 0x73, 0x74, 0x65,
    0x6D, 0x2E, 0x41, 0x74, 0x74, 0x72, 0x69, 0x62, 0x75, 0x74, 0x65, 0x5D, 0x22, 0x0D, 0x0A, 0x20,
    0x20, 0x20, 0x20, 0x20, 0x20, 0x20, 0x20, 0x20, 0x20, 0x20, 0x20, 0x20, 0x20, 0x7D, 0x2C, 0x0D,
    0x0A, 0x20, 0x20, 0x20, 0x20, 0x20, 0x20, 0x20, 0x20, 0x20, 0x20, 0x20, 0x20, 0x20, 0x20, 0x22,
    0x69, 0x6E, 0x73, 0x74, 0x61, 0x6E, 0x74, 0x69, 0x61, 0x74, 0x69, 0x6F, 0x6E, 0x53, 0x74, 0x75,
    0x62, 0x49, 0x64, 0x22, 0x3A, 0x20, 0x7B, 0x0D, 0x0A, 0x20, 0x20, 0x20, 0x20, 0x20, 0x20, 0x20,
    0x20, 0x20, 0x20, 0x20, 0x20, 0x20, 0x20, 0x20, 0x20, 0x22, 0x76, 0x61, 0x6C, 0x75, 0x65, 0x22,
    0x3A, 0x20, 0x22, 0x73, 0x74, 0x75, 0x62, 0x3A, 0x64, 0x65, 0x66, 0x69, 0x6E, 0x69, 0x74, 0x69,
    0x6F, 0x6E, 0x3D, 0x53, 0x79, 0x73, 0x74, 0x65, 0x6D, 0x2E, 0x4C, 0x69, 0x6E, 0x71, 0x2F, 0x45,
    0x6E, 0x75, 0x6D, 0x65, 0x72, 0x61, 0x62, 0x6C, 0x65, 0x3A, 0x3A, 0x43, 0x61, 0x73, 0x74, 0x3A,
    0x53, 0x79, 0x73, 0x74, 0x65, 0x6D, 0x2E, 0x43, 0x6F, 0x6C, 0x6C, 0x65, 0x63, 0x74, 0x69, 0x6F,
    0x6E, 0x73, 0x2E, 0x47, 0x65, 0x6E, 0x65, 0x72, 0x69, 0x63, 0x2E, 0x49, 0x45, 0x6E, 0x75, 0x6D,
    0x65, 0x72, 0x61, 0x62, 0x6C, 0x65, 0x5C, 0x75, 0x30, 0x30, 0x33, 0x43, 0x21, 0x21, 0x30, 0x5C,
    0x75, 0x30, 0x30, 0x33, 0x45, 0x28, 0x53, 0x79, 0x73, 0x74, 0x65, 0x6D, 0x2E, 0x43, 0x6F, 0x6C,
    0x6C, 0x65, 0x63, 0x74, 0x69, 0x6F, 0x6E, 0x73, 0x2E, 0x49, 0x45, 0x6E, 0x75, 0x6D, 0x65, 0x72,
    0x61, 0x62, 0x6C, 0x65, 0x29, 0x3B, 0x74, 0x79, 0x70, 0x65, 0x3D, 0x5B, 0x5D, 0x3B, 0x6D, 0x65,
    0x74, 0x68, 0x6F, 0x64, 0x3D, 0x5B, 0x53, 0x79, 0x73, 0x74, 0x65, 0x6D, 0x2E, 0x41, 0x74, 0x74,
    0x72, 0x69, 0x62, 0x75, 0x74, 0x65, 0x5D, 0x22, 0x0D, 0x0A, 0x20, 0x20, 0x20, 0x20, 0x20, 0x20,
    0x20, 0x20, 0x20, 0x20, 0x20, 0x20, 0x20, 0x20, 0x7D, 0x2C, 0x0D, 0x0A, 0x20, 0x20, 0x20, 0x20,
    0x20, 0x20, 0x20, 0x20, 0x20, 0x20, 0x20, 0x20, 0x20, 0x20, 0x22, 0x73, 0x75, 0x70, 0x70, 0x6F,
    0x72, 0x74, 0x4B, 0x69, 0x6E, 0x64, 0x43, 0x6F, 0x64, 0x65, 0x22, 0x3A, 0x20, 0x33, 0x2C, 0x0D,
    0x0A, 0x20, 0x20, 0x20, 0x20, 0x20, 0x20, 0x20, 0x20, 0x20, 0x20, 0x20, 0x20, 0x20, 0x20, 0x22,
    0x73, 0x70, 0x65, 0x63, 0x69, 0x61, 0x6C, 0x69, 0x7A, 0x61, 0x74, 0x69, 0x6F, 0x6E, 0x4B, 0x69,
    0x6E, 0x64, 0x43, 0x6F, 0x64, 0x65, 0x22, 0x3A, 0x20, 0x31, 0x2C, 0x0D, 0x0A, 0x20, 0x20, 0x20,
    0x20, 0x20, 0x20, 0x20, 0x20, 0x20, 0x20, 0x20, 0x20, 0x20, 0x20, 0x22, 0x73, 0x74, 0x61, 0x74,
    0x75, 0x73, 0x52, 0x65, 0x61, 0x73, 0x6F, 0x6E, 0x43, 0x6F, 0x64, 0x65, 0x22, 0x3A, 0x20, 0x22,
    0x6C, 0x6F, 0x61, 0x64, 0x65, 0x72, 0x2D, 0x64, 0x65, 0x6D, 0x61, 0x6E, 0x64, 0x3A, 0x6D, 0x65,
    0x74, 0x68, 0x6F, 0x64, 0x53, 0x70, 0x65, 0x63, 0x22, 0x0D, 0x0A, 0x20, 0x20, 0x20, 0x20, 0x20,
    0x20, 0x20, 0x20, 0x20, 0x20, 0x20, 0x20, 0x7D, 0x2C, 0x0D, 0x0A, 0x20, 0x20, 0x20, 0x20, 0x20,
    0x20, 0x20, 0x20, 0x20, 0x20, 0x20, 0x20, 0x22, 0x67, 0x65, 0x6E, 0x65, 0x72, 0x69, 0x63, 0x44,
    0x69, 0x61, 0x67, 0x6E, 0x6F, 0x73, 0x74, 0x69, 0x63, 0x22, 0x3A, 0x20, 0x7B, 0x0D, 0x0A, 0x20,
    0x20, 0x20, 0x20, 0x20, 0x20, 0x20, 0x20, 0x20, 0x20, 0x20, 0x20, 0x20, 0x20, 0x22, 0x73, 0x75,
    0x62, 0x6A, 0x65, 0x63, 0x74, 0x49, 0x64, 0x22, 0x3A, 0x20, 0x22, 0x53, 0x79, 0x73, 0x74, 0x65,
    0x6D, 0x2E, 0x4C, 0x69, 0x6E, 0x71, 0x2F, 0x45, 0x6E, 0x75, 0x6D, 0x65, 0x72, 0x61, 0x62, 0x6C,
    0x65, 0x3A, 0x3A, 0x43, 0x61, 0x73, 0x74, 0x5C, 0x75, 0x30, 0x30, 0x33, 0x43, 0x53, 0x79, 0x73,
    0x74, 0x65, 0x6D, 0x2E, 0x41, 0x74, 0x74, 0x72, 0x69, 0x62, 0x75, 0x74, 0x65, 0x5C, 0x75, 0x30,
    0x30, 0x33, 0x45, 0x3A, 0x53, 0x79, 0x73, 0x74, 0x65, 0x6D, 0x2E, 0x43, 0x6F, 0x6C, 0x6C, 0x65,
    0x63, 0x74, 0x69, 0x6F, 0x6E, 0x73, 0x2E, 0x47, 0x65, 0x6E, 0x65, 0x72, 0x69, 0x63, 0x2E, 0x49,
    0x45, 0x6E, 0x75, 0x6D, 0x65, 0x72, 0x61, 0x62, 0x6C, 0x65, 0x5C, 0x75, 0x30, 0x30, 0x33, 0x43,
    0x53, 0x79, 0x73, 0x74, 0x65, 0x6D, 0x2E, 0x41, 0x74, 0x74, 0x72, 0x69, 0x62, 0x75, 0x74, 0x65,
    0x5C, 0x75, 0x30, 0x30, 0x33, 0x45, 0x28, 0x53, 0x79, 0x73, 0x74, 0x65, 0x6D, 0x2E, 0x43, 0x6F,
    0x6C, 0x6C, 0x65, 0x63, 0x74, 0x69, 0x6F, 0x6E, 0x73, 0x2E, 0x49, 0x45, 0x6E, 0x75, 0x6D, 0x65,
    0x72, 0x61, 0x62, 0x6C, 0x65, 0x29, 0x22, 0x2C, 0x0D, 0x0A, 0x20, 0x20, 0x20, 0x20, 0x20, 0x20,
    0x20, 0x20, 0x20, 0x20, 0x20, 0x20, 0x20, 0x20, 0x22, 0x64, 0x65, 0x66, 0x69, 0x6E, 0x69, 0x74,
    0x69, 0x6F, 0x6E, 0x53, 0x75, 0x62, 0x6A, 0x65, 0x63, 0x74, 0x49, 0x64, 0x22, 0x3A, 0x20, 0x22,
    0x53, 0x79, 0x73, 0x74, 0x65, 0x6D, 0x2E, 0x4C, 0x69, 0x6E, 0x71, 0x2F, 0x45, 0x6E, 0x75, 0x6D,
    0x65, 0x72, 0x61, 0x62, 0x6C, 0x65, 0x3A, 0x3A, 0x43, 0x61, 0x73, 0x74, 0x3A, 0x53, 0x79, 0x73,
    0x74, 0x65, 0x6D, 0x2E, 0x43, 0x6F, 0x6C, 0x6C, 0x65, 0x63, 0x74, 0x69, 0x6F, 0x6E, 0x73, 0x2E,
    0x47, 0x65, 0x6E, 0x65, 0x72, 0x69, 0x63, 0x2E, 0x49, 0x45, 0x6E, 0x75, 0x6D, 0x65, 0x72, 0x61,
    0x62, 0x6C, 0x65, 0x5C, 0x75, 0x30, 0x30, 0x33, 0x43, 0x21, 0x21, 0x30, 0x5C, 0x75, 0x30, 0x30,
    0x33, 0x45, 0x28, 0x53, 0x79, 0x73, 0x74, 0x65, 0x6D, 0x2E, 0x43, 0x6F, 0x6C, 0x6C, 0x65, 0x63,
    0x74, 0x69, 0x6F, 0x6E, 0x73, 0x2E, 0x49, 0x45, 0x6E, 0x75, 0x6D, 0x65, 0x72, 0x61, 0x62, 0x6C,
    0x65, 0x29, 0x22, 0x2C, 0x0D, 0x0A, 0x20, 0x20, 0x20, 0x20, 0x20, 0x20, 0x20, 0x20, 0x20, 0x20,
    0x20, 0x20, 0x20, 0x20, 0x22, 0x64, 0x69, 0x73, 0x70, 0x6C, 0x61, 0x79, 0x53, 0x75, 0x62, 0x6A,
    0x65, 0x63, 0x74, 0x49, 0x64, 0x22, 0x3A, 0x20, 0x22, 0x53, 0x79, 0x73, 0x74, 0x65, 0x6D, 0x2E,
    0x4C, 0x69, 0x6E, 0x71, 0x2F, 0x45, 0x6E, 0x75, 0x6D, 0x65, 0x72, 0x61, 0x62, 0x6C, 0x65, 0x3A,
    0x3A, 0x43, 0x61, 0x73, 0x74, 0x5C, 0x75, 0x30, 0x30, 0x33, 0x43, 0x53, 0x79, 0x73, 0x74, 0x65,
    0x6D, 0x2E, 0x41, 0x74, 0x74, 0x72, 0x69, 0x62, 0x75, 0x74, 0x65, 0x5C, 0x75, 0x30, 0x30, 0x33,
    0x45, 0x28, 0x53, 0x79, 0x73, 0x74, 0x65, 0x6D, 0x2E, 0x43, 0x6F, 0x6C, 0x6C, 0x65, 0x63, 0x74,
    0x69, 0x6F, 0x6E, 0x73, 0x2E, 0x49, 0x45, 0x6E, 0x75, 0x6D, 0x65, 0x72, 0x61, 0x62, 0x6C, 0x65,
    0x29, 0x22, 0x2C, 0x0D, 0x0A, 0x20, 0x20, 0x20, 0x20, 0x20, 0x20, 0x20, 0x20, 0x20, 0x20, 0x20,
    0x20, 0x20, 0x20, 0x22, 0x69, 0x6E, 0x73, 0x74, 0x61, 0x6E, 0x74, 0x69, 0x61, 0x74, 0x69, 0x6F,
    0x6E, 0x4B, 0x65, 0x79, 0x22, 0x3A, 0x20, 0x7B, 0x0D, 0x0A, 0x20, 0x20, 0x20, 0x20, 0x20, 0x20,
    0x20, 0x20, 0x20, 0x20, 0x20, 0x20, 0x20, 0x20, 0x20, 0x20, 0x22, 0x63, 0x6F, 0x6E, 0x74, 0x65,
    0x78, 0x74, 0x4B, 0x69, 0x6E, 0x64, 0x22, 0x3A, 0x20, 0x32, 0x2C, 0x0D, 0x0A, 0x20, 0x20, 0x20,
    0x20, 0x20, 0x20, 0x20, 0x20, 0x20, 0x20, 0x20, 0x20, 0x20, 0x20, 0x20, 0x20, 0x22, 0x64, 0x65,
    0x66, 0x69, 0x6E, 0x69, 0x74, 0x69, 0x6F, 0x6E, 0x53, 0x75, 0x62, 0x6A, 0x65, 0x63, 0x74, 0x49,
    0x64, 0x22, 0x3A, 0x20, 0x22, 0x53, 0x79, 0x73, 0x74, 0x65, 0x6D, 0x2E, 0x4C, 0x69, 0x6E, 0x71,
    0x2F, 0x45, 0x6E, 0x75, 0x6D, 0x65, 0x72, 0x61, 0x62, 0x6C, 0x65, 0x3A, 0x3A, 0x43, 0x61, 0x73,
    0x74, 0x3A, 0x53, 0x79, 0x73, 0x74, 0x65, 0x6D, 0x2E, 0x43, 0x6F, 0x6C, 0x6C, 0x65, 0x63, 0x74,
    0x69, 0x6F, 0x6E, 0x73, 0x2E, 0x47, 0x65, 0x6E, 0x65, 0x72, 0x69, 0x63, 0x2E, 0x49, 0x45, 0x6E,
    0x75, 0x6D, 0x65, 0x72, 0x61, 0x62, 0x6C, 0x65, 0x5C, 0x75, 0x30, 0x30, 0x33, 0x43, 0x21, 0x21,
    0x30, 0x5C, 0x75, 0x30, 0x30, 0x33, 0x45, 0x28, 0x53, 0x79, 0x73, 0x74, 0x65, 0x6D, 0x2E, 0x43,
    0x6F, 0x6C, 0x6C, 0x65, 0x63, 0x74, 0x69, 0x6F, 0x6E, 0x73, 0x2E, 0x49, 0x45, 0x6E, 0x75, 0x6D,
    0x65, 0x72, 0x61, 0x62, 0x6C, 0x65, 0x29, 0x22, 0x2C, 0x0D, 0x0A, 0x20, 0x20, 0x20, 0x20, 0x20,
    0x20, 0x20, 0x20, 0x20, 0x20, 0x20, 0x20, 0x20, 0x20, 0x20, 0x20, 0x22, 0x74, 0x79, 0x70, 0x65,
    0x41, 0x72, 0x67, 0x75, 0x6D, 0x65, 0x6E, 0x74, 0x73, 0x22, 0x3A, 0x20, 0x5B, 0x5D, 0x2C, 0x0D,
    0x0A, 0x20, 0x20, 0x20, 0x20, 0x20, 0x20, 0x20, 0x20, 0x20, 0x20, 0x20, 0x20, 0x20, 0x20, 0x20,
    0x20, 0x22, 0x6D, 0x65, 0x74, 0x68, 0x6F, 0x64, 0x41, 0x72, 0x67, 0x75, 0x6D, 0x65, 0x6E, 0x74,
    0x73, 0x22, 0x3A, 0x20, 0x5B, 0x0D, 0x0A, 0x20, 0x20, 0x20, 0x20, 0x20, 0x20, 0x20, 0x20, 0x20,
    0x20, 0x20, 0x20, 0x20, 0x20, 0x20, 0x20, 0x20, 0x20, 0x22, 0x53, 0x79, 0x73, 0x74, 0x65, 0x6D,
    0x2E, 0x41, 0x74, 0x74, 0x72, 0x69, 0x62, 0x75, 0x74, 0x65, 0x22, 0x0D, 0x0A, 0x20, 0x20, 0x20,
    0x20, 0x20, 0x20, 0x20, 0x20, 0x20, 0x20, 0x20, 0x20, 0x20, 0x20, 0x20, 0x20, 0x5D, 0x0D, 0x0A,
    0x20, 0x20, 0x20, 0x20, 0x20, 0x20, 0x20, 0x20, 0x20, 0x20, 0x20, 0x20, 0x20, 0x20, 0x7D, 0x0D,
    0x0A, 0x20, 0x20, 0x20, 0x20, 0x20, 0x20, 0x20, 0x20, 0x20, 0x20, 0x20, 0x20, 0x7D, 0x2C, 0x0D,
    0x0A, 0x20, 0x20, 0x20, 0x20, 0x20, 0x20, 0x20, 0x20, 0x20, 0x20, 0x20, 0x20, 0x22, 0x74, 0x79,
    0x70, 0x65, 0x53, 0x68, 0x61, 0x70, 0x65, 0x22, 0x3A, 0x20, 0x30, 0x2C, 0x0D, 0x0A, 0x20, 0x20,
    0x20, 0x20, 0x20, 0x20, 0x20, 0x20, 0x20, 0x20, 0x20, 0x20, 0x22, 0x61, 0x72, 0x72, 0x61, 0x79,
    0x45, 0x6C, 0x65, 0x6D, 0x65, 0x6E, 0x74, 0x54, 0x79, 0x70, 0x65, 0x53, 0x68, 0x61, 0x70, 0x65,
    0x22, 0x3A, 0x20, 0x30, 0x2C, 0x0D, 0x0A, 0x20, 0x20, 0x20, 0x20, 0x20, 0x20, 0x20, 0x20, 0x20,
    0x20, 0x20, 0x20, 0x22, 0x69, 0x73, 0x53, 0x65, 0x61, 0x6C, 0x65, 0x64, 0x22, 0x3A, 0x20, 0x66,
    0x61, 0x6C, 0x73, 0x65, 0x2C, 0x0D, 0x0A, 0x20, 0x20, 0x20, 0x20, 0x20, 0x20, 0x20, 0x20, 0x20,
    0x20, 0x20, 0x20, 0x22, 0x69, 0x73, 0x43, 0x6F, 0x6D, 0x49, 0x6D, 0x70, 0x6F, 0x72, 0x74, 0x22,
    0x3A, 0x20, 0x66, 0x61, 0x6C, 0x73, 0x65, 0x2C, 0x0D, 0x0A, 0x20, 0x20, 0x20, 0x20, 0x20, 0x20,
    0x20, 0x20, 0x20, 0x20, 0x20, 0x20, 0x22, 0x63, 0x6F, 0x6D, 0x49, 0x6E, 0x74, 0x65, 0x72, 0x66,
    0x61, 0x63, 0x65, 0x54, 0x79, 0x70, 0x65, 0x4B, 0x69, 0x6E, 0x64, 0x22, 0x3A, 0x20, 0x30, 0x2C,
    0x0D, 0x0A, 0x20, 0x20, 0x20, 0x20, 0x20, 0x20, 0x20, 0x20, 0x20, 0x20, 0x20, 0x20, 0x22, 0x64,
    0x65, 0x63, 0x6C, 0x61, 0x72, 0x69, 0x6E, 0x67, 0x54, 0x79, 0x70, 0x65, 0x53, 0x68, 0x61, 0x70,
    0x65, 0x22, 0x3A, 0x20, 0x30, 0x0D, 0x0A, 0x20, 0x20, 0x20, 0x20, 0x20, 0x20, 0x20, 0x20, 0x20,
    0x20, 0x7D, 0x2C, 0x0D, 0x0A, 0x20, 0x20, 0x20, 0x20, 0x20, 0x20, 0x20, 0x20, 0x20, 0x20, 0x22,
    0x64, 0x69, 0x73, 0x70, 0x61, 0x74, 0x63, 0x68, 0x4B, 0x69, 0x6E, 0x64, 0x43, 0x6F, 0x64, 0x65,
    0x22, 0x3A, 0x20, 0x34, 0x2C, 0x0D, 0x0A, 0x20, 0x20, 0x20, 0x20, 0x20, 0x20, 0x20, 0x20, 0x20,
    0x20, 0x22, 0x69, 0x73, 0x50, 0x72, 0x65, 0x73, 0x65, 0x72, 0x76, 0x65, 0x53, 0x69, 0x67, 0x22,
    0x3A, 0x20, 0x66, 0x61, 0x6C, 0x73, 0x65, 0x0D, 0x0A, 0x20, 0x20, 0x20, 0x20, 0x20, 0x20, 0x20,
    0x20, 0x7D, 0x2C, 0x0D, 0x0A, 0x20, 0x20, 0x20, 0x20, 0x20, 0x20, 0x20, 0x20, 0x7B, 0x0D, 0x0A,
    0x20, 0x20, 0x20, 0x20, 0x20, 0x20, 0x20, 0x20, 0x20, 0x20, 0x22, 0x6F, 0x70, 0x22, 0x3A, 0x20,
    0x22, 0x6E, 0x65, 0x77, 0x6F, 0x62, 0x6A, 0x22, 0x2C, 0x0D, 0x0A, 0x20, 0x20, 0x20, 0x20, 0x20,
    0x20, 0x20, 0x20, 0x20, 0x20, 0x22, 0x6F, 0x70, 0x43, 0x6F, 0x64, 0x65, 0x22, 0x3A, 0x20, 0x33,
    0x34, 0x2C, 0x0D, 0x0A, 0x20, 0x20, 0x20, 0x20, 0x20, 0x20, 0x20, 0x20, 0x20, 0x20, 0x22, 0x69,
    0x6C, 0x4F, 0x66, 0x66, 0x73, 0x65, 0x74, 0x22, 0x3A, 0x20, 0x32, 0x37, 0x2C, 0x0D, 0x0A, 0x20,
    0x20, 0x20, 0x20, 0x20, 0x20, 0x20, 0x20, 0x20, 0x20, 0x22, 0x72, 0x65, 0x73, 0x75, 0x6C, 0x74,
    0x54, 0x79, 0x70, 0x65, 0x22, 0x3A, 0x20, 0x22, 0x53, 0x79, 0x73, 0x74, 0x65, 0x6D, 0x2E, 0x43,
    0x6F, 0x6C, 0x6C, 0x65, 0x63, 0x74, 0x69, 0x6F, 0x6E, 0x73, 0x2F, 0x53, 0x79, 0x73, 0x74, 0x65,
    0x6D, 0x2E, 0x43, 0x6F, 0x6C, 0x6C, 0x65, 0x63, 0x74, 0x69, 0x6F, 0x6E, 0x73, 0x2E, 0x47, 0x65,
    0x6E, 0x65, 0x72, 0x69, 0x63, 0x2E, 0x4C, 0x69, 0x73, 0x74, 0x5C, 0x75, 0x30, 0x30, 0x33, 0x43,
    0x53, 0x79, 0x73, 0x74, 0x65, 0x6D, 0x2E, 0x41, 0x74, 0x74, 0x72, 0x69, 0x62, 0x75, 0x74, 0x65,
    0x5C, 0x75, 0x30, 0x30, 0x33, 0x45, 0x22, 0x2C, 0x0D, 0x0A, 0x20, 0x20, 0x20, 0x20, 0x20, 0x20,
    0x20, 0x20, 0x20, 0x20, 0x22, 0x63, 0x61, 0x6C, 0x6C, 0x65, 0x65, 0x22, 0x3A, 0x20, 0x22, 0x53,
    0x79, 0x73, 0x74, 0x65, 0x6D, 0x2E, 0x43, 0x6F, 0x6C, 0x6C, 0x65, 0x63, 0x74, 0x69, 0x6F, 0x6E,
    0x73, 0x2F, 0x53, 0x79, 0x73, 0x74, 0x65, 0x6D, 0x2E, 0x43, 0x6F, 0x6C, 0x6C, 0x65, 0x63, 0x74,
    0x69, 0x6F, 0x6E, 0x73, 0x2E, 0x47, 0x65, 0x6E, 0x65, 0x72, 0x69, 0x63, 0x2E, 0x4C, 0x69, 0x73,
    0x74, 0x5C, 0x75, 0x30, 0x30, 0x33, 0x43, 0x53, 0x79, 0x73, 0x74, 0x65, 0x6D, 0x2E, 0x41, 0x74,
    0x74, 0x72, 0x69, 0x62, 0x75, 0x74, 0x65, 0x5C, 0x75, 0x30, 0x30, 0x33, 0x45, 0x3A, 0x3A, 0x2E,
    0x63, 0x74, 0x6F, 0x72, 0x3A, 0x53, 0x79, 0x73, 0x74, 0x65, 0x6D, 0x2E, 0x56, 0x6F, 0x69, 0x64,
    0x28, 0x53, 0x79, 0x73, 0x74, 0x65, 0x6D, 0x2E, 0x43, 0x6F, 0x6C, 0x6C, 0x65, 0x63, 0x74, 0x69,
    0x6F, 0x6E, 0x73, 0x2E, 0x47, 0x65, 0x6E, 0x65, 0x72, 0x69, 0x63, 0x2E, 0x49, 0x45, 0x6E, 0x75,
    0x6D, 0x65, 0x72, 0x61, 0x62, 0x6C, 0x65, 0x5C, 0x75, 0x30, 0x30, 0x33, 0x43, 0x53, 0x79, 0x73,
    0x74, 0x65, 0x6D, 0x2E, 0x41, 0x74, 0x74, 0x72, 0x69, 0x62, 0x75, 0x74, 0x65, 0x5C, 0x75, 0x30,
    0x30, 0x33, 0x45, 0x29, 0x22, 0x2C, 0x0D, 0x0A, 0x20, 0x20, 0x20, 0x20, 0x20, 0x20, 0x20, 0x20,
    0x20, 0x20, 0x22, 0x72, 0x65, 0x66, 0x65, 0x72, 0x65, 0x6E, 0x63, 0x65, 0x22, 0x3A, 0x20, 0x7B,
    0x0D, 0x0A, 0x20, 0x20, 0x20, 0x20, 0x20, 0x20, 0x20, 0x20, 0x20, 0x20, 0x20, 0x20, 0x22, 0x61,
    0x73, 0x73, 0x65, 0x6D, 0x62, 0x6C, 0x79, 0x4E, 0x61, 0x6D, 0x65, 0x22, 0x3A, 0x20, 0x22, 0x53,
    0x79, 0x73, 0x74, 0x65, 0x6D, 0x2E, 0x43, 0x6F, 0x6C, 0x6C, 0x65, 0x63, 0x74, 0x69, 0x6F, 0x6E,
    0x73, 0x22, 0x2C, 0x0D, 0x0A, 0x20, 0x20, 0x20, 0x20, 0x20, 0x20, 0x20, 0x20, 0x20, 0x20, 0x20,
    0x20, 0x22, 0x73, 0x75, 0x62, 0x6A, 0x65, 0x63, 0x74, 0x4B, 0x69, 0x6E, 0x64, 0x22, 0x3A, 0x20,
    0x22, 0x6D, 0x65, 0x74, 0x68, 0x6F, 0x64, 0x22, 0x2C, 0x0D, 0x0A, 0x20, 0x20, 0x20, 0x20, 0x20,
    0x20, 0x20, 0x20, 0x20, 0x20, 0x20, 0x20, 0x22, 0x73, 0x75, 0x62, 0x6A, 0x65, 0x63, 0x74, 0x49,
    0x64, 0x22, 0x3A, 0x20, 0x22, 0x53, 0x79, 0x73, 0x74, 0x65, 0x6D, 0x2E, 0x43, 0x6F, 0x6C, 0x6C,
    0x65, 0x63, 0x74, 0x69, 0x6F, 0x6E, 0x73, 0x2F, 0x53, 0x79, 0x73, 0x74, 0x65, 0x6D, 0x2E, 0x43,
    0x6F, 0x6C, 0x6C, 0x65, 0x63, 0x74, 0x69, 0x6F, 0x6E, 0x73, 0x2E, 0x47, 0x65, 0x6E, 0x65, 0x72,
    0x69, 0x63, 0x2E, 0x4C, 0x69, 0x73, 0x74, 0x5C, 0x75, 0x30, 0x30, 0x33, 0x43, 0x53, 0x79, 0x73,
    0x74, 0x65, 0x6D, 0x2E, 0x41, 0x74, 0x74, 0x72, 0x69, 0x62, 0x75, 0x74, 0x65, 0x5C, 0x75, 0x30,
    0x30, 0x33, 0x45, 0x3A, 0x3A, 0x2E, 0x63, 0x74, 0x6F, 0x72, 0x3A, 0x53, 0x79, 0x73, 0x74, 0x65,
    0x6D, 0x2E, 0x56, 0x6F, 0x69, 0x64, 0x28, 0x53, 0x79, 0x73, 0x74, 0x65, 0x6D, 0x2E, 0x43, 0x6F,
    0x6C, 0x6C, 0x65, 0x63, 0x74, 0x69, 0x6F, 0x6E, 0x73, 0x2E, 0x47, 0x65, 0x6E, 0x65, 0x72, 0x69,
    0x63, 0x2E, 0x49, 0x45, 0x6E, 0x75, 0x6D, 0x65, 0x72, 0x61, 0x62, 0x6C, 0x65, 0x5C, 0x75, 0x30,
    0x30, 0x33, 0x43, 0x53, 0x79, 0x73, 0x74, 0x65, 0x6D, 0x2E, 0x41, 0x74, 0x74, 0x72, 0x69, 0x62,
    0x75, 0x74, 0x65, 0x5C, 0x75, 0x30, 0x30, 0x33, 0x45, 0x29, 0x22, 0x0D, 0x0A, 0x20, 0x20, 0x20,
    0x20, 0x20, 0x20, 0x20, 0x20, 0x20, 0x20, 0x7D, 0x2C, 0x0D, 0x0A, 0x20, 0x20, 0x20, 0x20, 0x20,
    0x20, 0x20, 0x20, 0x20, 0x20, 0x22, 0x74, 0x61, 0x72, 0x67, 0x65, 0x74, 0x52, 0x65, 0x66, 0x65,
    0x72, 0x65, 0x6E, 0x63, 0x65, 0x22, 0x3A, 0x20, 0x7B, 0x0D, 0x0A, 0x20, 0x20, 0x20, 0x20, 0x20,
    0x20, 0x20, 0x20, 0x20, 0x20, 0x20, 0x20, 0x22, 0x6B, 0x69, 0x6E, 0x64, 0x22, 0x3A, 0x20, 0x31,
    0x2C, 0x0D, 0x0A, 0x20, 0x20, 0x20, 0x20, 0x20, 0x20, 0x20, 0x20, 0x20, 0x20, 0x20, 0x20, 0x22,
    0x61, 0x73, 0x73, 0x65, 0x6D, 0x62, 0x6C, 0x79, 0x4E, 0x61, 0x6D, 0x65, 0x22, 0x3A, 0x20, 0x22,
    0x53, 0x79, 0x73, 0x74, 0x65, 0x6D, 0x2E, 0x43, 0x6F, 0x6C, 0x6C, 0x65, 0x63, 0x74, 0x69, 0x6F,
    0x6E, 0x73, 0x22, 0x2C, 0x0D, 0x0A, 0x20, 0x20, 0x20, 0x20, 0x20, 0x20, 0x20, 0x20, 0x20, 0x20,
    0x20, 0x20, 0x22, 0x73, 0x75, 0x62, 0x6A, 0x65, 0x63, 0x74, 0x49, 0x64, 0x22, 0x3A, 0x20, 0x22,
    0x53, 0x79, 0x73, 0x74, 0x65, 0x6D, 0x2E, 0x43, 0x6F, 0x6C, 0x6C, 0x65, 0x63, 0x74, 0x69, 0x6F,
    0x6E, 0x73, 0x2F, 0x53, 0x79, 0x73, 0x74, 0x65, 0x6D, 0x2E, 0x43, 0x6F, 0x6C, 0x6C, 0x65, 0x63,
    0x74, 0x69, 0x6F, 0x6E, 0x73, 0x2E, 0x47, 0x65, 0x6E, 0x65, 0x72, 0x69, 0x63, 0x2E, 0x4C, 0x69,
    0x73, 0x74, 0x5C, 0x75, 0x30, 0x30, 0x33, 0x43, 0x53, 0x79, 0x73, 0x74, 0x65, 0x6D, 0x2E, 0x41,
    0x74, 0x74, 0x72, 0x69, 0x62, 0x75, 0x74, 0x65, 0x5C, 0x75, 0x30, 0x30, 0x33, 0x45, 0x22, 0x2C,
    0x0D, 0x0A, 0x20, 0x20, 0x20, 0x20, 0x20, 0x20, 0x20, 0x20, 0x20, 0x20, 0x20, 0x20, 0x22, 0x74,
    0x79, 0x70, 0x65, 0x53, 0x68, 0x61, 0x70, 0x65, 0x22, 0x3A, 0x20, 0x31, 0x2C, 0x0D, 0x0A, 0x20,
    0x20, 0x20, 0x20, 0x20, 0x20, 0x20, 0x20, 0x20, 0x20, 0x20, 0x20, 0x22, 0x61, 0x72, 0x72, 0x61,
    0x79, 0x45, 0x6C, 0x65, 0x6D, 0x65, 0x6E, 0x74, 0x54, 0x79, 0x70, 0x65, 0x53, 0x68, 0x61, 0x70,
    0x65, 0x22, 0x3A, 0x20, 0x30, 0x2C, 0x0D, 0x0A, 0x20, 0x20, 0x20, 0x20, 0x20, 0x20, 0x20, 0x20,
    0x20, 0x20, 0x20, 0x20, 0x22, 0x69, 0x73, 0x53, 0x65, 0x61, 0x6C, 0x65, 0x64, 0x22, 0x3A, 0x20,
    0x66, 0x61, 0x6C, 0x73, 0x65, 0x2C, 0x0D, 0x0A, 0x20, 0x20, 0x20, 0x20, 0x20, 0x20, 0x20, 0x20,
    0x20, 0x20, 0x20, 0x20, 0x22, 0x69, 0x73, 0x43, 0x6F, 0x6D, 0x49, 0x6D, 0x70, 0x6F, 0x72, 0x74,
    0x22, 0x3A, 0x20, 0x66, 0x61, 0x6C, 0x73, 0x65, 0x2C, 0x0D, 0x0A, 0x20, 0x20, 0x20, 0x20, 0x20,
    0x20, 0x20, 0x20, 0x20, 0x20, 0x20, 0x20, 0x22, 0x63, 0x6F, 0x6D, 0x49, 0x6E, 0x74, 0x65, 0x72,
    0x66, 0x61, 0x63, 0x65, 0x54, 0x79, 0x70, 0x65, 0x4B, 0x69, 0x6E, 0x64, 0x22, 0x3A, 0x20, 0x30,
    0x2C, 0x0D, 0x0A, 0x20, 0x20, 0x20, 0x20, 0x20, 0x20, 0x20, 0x20, 0x20, 0x20, 0x20, 0x20, 0x22,
    0x64, 0x65, 0x63, 0x6C, 0x61, 0x72, 0x69, 0x6E, 0x67, 0x54, 0x79, 0x70, 0x65, 0x53, 0x68, 0x61,
    0x70, 0x65, 0x22, 0x3A, 0x20, 0x30, 0x0D, 0x0A, 0x20, 0x20, 0x20, 0x20, 0x20, 0x20, 0x20, 0x20,
    0x20, 0x20, 0x7D, 0x2C, 0x0D, 0x0A, 0x20, 0x20, 0x20, 0x20, 0x20, 0x20, 0x20, 0x20, 0x20, 0x20,
    0x22, 0x72, 0x75, 0x6E, 0x74, 0x69, 0x6D, 0x65, 0x53, 0x65, 0x72, 0x76, 0x69, 0x63, 0x65, 0x4B,
    0x69, 0x6E, 0x64, 0x22, 0x3A, 0x20, 0x31, 0x2C, 0x0D, 0x0A, 0x20, 0x20, 0x20, 0x20, 0x20, 0x20,
    0x20, 0x20, 0x20, 0x20, 0x22, 0x69, 0x73, 0x50, 0x72, 0x65, 0x73, 0x65, 0x72, 0x76, 0x65, 0x53,
    0x69, 0x67, 0x22, 0x3A, 0x20, 0x66, 0x61, 0x6C, 0x73, 0x65, 0x0D, 0x0A, 0x20, 0x20, 0x20, 0x20,
    0x20, 0x20, 0x20, 0x20, 0x7D, 0x2C, 0x0D, 0x0A, 0x20, 0x20, 0x20, 0x20, 0x20, 0x20, 0x20, 0x20,
    0x7B, 0x0D, 0x0A, 0x20, 0x20, 0x20, 0x20, 0x20, 0x20, 0x20, 0x20, 0x20, 0x20, 0x22, 0x6F, 0x70,
    0x22, 0x3A, 0x20, 0x22, 0x63, 0x61, 0x6C, 0x6C, 0x22, 0x2C, 0x0D, 0x0A, 0x20, 0x20, 0x20, 0x20,
    0x20, 0x20, 0x20, 0x20, 0x20, 0x20, 0x22, 0x6F, 0x70, 0x43, 0x6F, 0x64, 0x65, 0x22, 0x3A, 0x20,
    0x31, 0x34, 0x2C, 0x0D, 0x0A, 0x20, 0x20, 0x20, 0x20, 0x20, 0x20, 0x20, 0x20, 0x20, 0x20, 0x22,
    0x69, 0x6C, 0x4F, 0x66, 0x66, 0x73, 0x65, 0x74, 0x22, 0x3A, 0x20, 0x33, 0x32, 0x2C, 0x0D, 0x0A,
    0x20, 0x20, 0x20, 0x20, 0x20, 0x20, 0x20, 0x20, 0x20, 0x20, 0x22, 0x72, 0x65, 0x73, 0x75, 0x6C,
    0x74, 0x54, 0x79, 0x70, 0x65, 0x22, 0x3A, 0x20, 0x22, 0x53, 0x79, 0x73, 0x74, 0x65, 0x6D, 0x2E,
    0x49, 0x6E, 0x74, 0x33, 0x32, 0x22, 0x2C, 0x0D, 0x0A, 0x20, 0x20, 0x20, 0x20, 0x20, 0x20, 0x20,
    0x20, 0x20, 0x20, 0x22, 0x63, 0x61, 0x6C, 0x6C, 0x65, 0x65, 0x22, 0x3A, 0x20, 0x22, 0x53, 0x79,
    0x73, 0x74, 0x65, 0x6D, 0x2E, 0x43, 0x6F, 0x6C, 0x6C, 0x65, 0x63, 0x74, 0x69, 0x6F, 0x6E, 0x73,
    0x2F, 0x53, 0x79, 0x73, 0x74, 0x65, 0x6D, 0x2E, 0x43, 0x6F, 0x6C, 0x6C, 0x65, 0x63, 0x74, 0x69,
    0x6F, 0x6E, 0x73, 0x2E, 0x47, 0x65, 0x6E, 0x65, 0x72, 0x69, 0x63, 0x2E, 0x4C, 0x69, 0x73, 0x74,
    0x5C, 0x75, 0x30, 0x30, 0x33, 0x43, 0x53, 0x79, 0x73, 0x74, 0x65, 0x6D, 0x2E, 0x41, 0x74, 0x74,
    0x72, 0x69, 0x62, 0x75, 0x74, 0x65, 0x5C, 0x75, 0x30, 0x30, 0x33, 0x45, 0x3A, 0x3A, 0x67, 0x65,
    0x74, 0x5F, 0x43, 0x6F, 0x75, 0x6E, 0x74, 0x3A, 0x53, 0x79, 0x73, 0x74, 0x65, 0x6D, 0x2E, 0x49,
    0x6E, 0x74, 0x33, 0x32, 0x28, 0x29, 0x22, 0x2C, 0x0D, 0x0A, 0x20, 0x20, 0x20, 0x20, 0x20, 0x20,
    0x20, 0x20, 0x20, 0x20, 0x22, 0x72, 0x65, 0x66, 0x65, 0x72, 0x65, 0x6E, 0x63, 0x65, 0x22, 0x3A,
    0x20, 0x7B, 0x0D, 0x0A, 0x20, 0x20, 0x20, 0x20, 0x20, 0x20, 0x20, 0x20, 0x20, 0x20, 0x20, 0x20,
    0x22, 0x61, 0x73, 0x73, 0x65, 0x6D, 0x62, 0x6C, 0x79, 0x4E, 0x61, 0x6D, 0x65, 0x22, 0x3A, 0x20,
    0x22, 0x53, 0x79, 0x73, 0x74, 0x65, 0x6D, 0x2E, 0x43, 0x6F, 0x6C, 0x6C, 0x65, 0x63, 0x74, 0x69,
    0x6F, 0x6E, 0x73, 0x22, 0x2C, 0x0D, 0x0A, 0x20, 0x20, 0x20, 0x20, 0x20, 0x20, 0x20, 0x20, 0x20,
    0x20, 0x20, 0x20, 0x22, 0x73, 0x75, 0x62, 0x6A, 0x65, 0x63, 0x74, 0x4B, 0x69, 0x6E, 0x64, 0x22,
    0x3A, 0x20, 0x22, 0x6D, 0x65, 0x74, 0x68, 0x6F, 0x64, 0x22, 0x2C, 0x0D, 0x0A, 0x20, 0x20, 0x20,
    0x20, 0x20, 0x20, 0x20, 0x20, 0x20, 0x20, 0x20, 0x20, 0x22, 0x73, 0x75, 0x62, 0x6A, 0x65, 0x63,
    0x74, 0x49, 0x64, 0x22, 0x3A, 0x20, 0x22, 0x53, 0x79, 0x73, 0x74, 0x65, 0x6D, 0x2E, 0x43, 0x6F,
    0x6C, 0x6C, 0x65, 0x63, 0x74, 0x69, 0x6F, 0x6E, 0x73, 0x2F, 0x53, 0x79, 0x73, 0x74, 0x65, 0x6D,
    0x2E, 0x43, 0x6F, 0x6C, 0x6C, 0x65, 0x63, 0x74, 0x69, 0x6F, 0x6E, 0x73, 0x2E, 0x47, 0x65, 0x6E,
    0x65, 0x72, 0x69, 0x63, 0x2E, 0x4C, 0x69, 0x73, 0x74, 0x5C, 0x75, 0x30, 0x30, 0x33, 0x43, 0x53,
    0x79, 0x73, 0x74, 0x65, 0x6D, 0x2E, 0x41, 0x74, 0x74, 0x72, 0x69, 0x62, 0x75, 0x74, 0x65, 0x5C,
    0x75, 0x30, 0x30, 0x33, 0x45, 0x3A, 0x3A, 0x67, 0x65, 0x74, 0x5F, 0x43, 0x6F, 0x75, 0x6E, 0x74,
    0x3A, 0x53, 0x79, 0x73, 0x74, 0x65, 0x6D, 0x2E, 0x49, 0x6E, 0x74, 0x33, 0x32, 0x28, 0x29, 0x22,
    0x0D, 0x0A, 0x20, 0x20, 0x20, 0x20, 0x20, 0x20, 0x20, 0x20, 0x20, 0x20, 0x7D, 0x2C, 0x0D, 0x0A,
    0x20, 0x20, 0x20, 0x20, 0x20, 0x20, 0x20, 0x20, 0x20, 0x20, 0x22, 0x74, 0x61, 0x72, 0x67, 0x65,
    0x74, 0x52, 0x65, 0x66, 0x65, 0x72, 0x65, 0x6E, 0x63, 0x65, 0x22, 0x3A, 0x20, 0x7B, 0x0D, 0x0A,
    0x20, 0x20, 0x20, 0x20, 0x20, 0x20, 0x20, 0x20, 0x20, 0x20, 0x20, 0x20, 0x22, 0x6B, 0x69, 0x6E,
    0x64, 0x22, 0x3A, 0x20, 0x33, 0x2C, 0x0D, 0x0A, 0x20, 0x20, 0x20, 0x20, 0x20, 0x20, 0x20, 0x20,
    0x20, 0x20, 0x20, 0x20, 0x22, 0x61, 0x73, 0x73, 0x65, 0x6D, 0x62, 0x6C, 0x79, 0x4E, 0x61, 0x6D,
    0x65, 0x22, 0x3A, 0x20, 0x22, 0x53, 0x79, 0x73, 0x74, 0x65, 0x6D, 0x2E, 0x43, 0x6F, 0x6C, 0x6C,
    0x65, 0x63, 0x74, 0x69, 0x6F, 0x6E, 0x73, 0x22, 0x2C, 0x0D, 0x0A, 0x20, 0x20, 0x20, 0x20, 0x20,
    0x20, 0x20, 0x20, 0x20, 0x20, 0x20, 0x20, 0x22, 0x73, 0x75, 0x62, 0x6A, 0x65, 0x63, 0x74, 0x49,
    0x64, 0x22, 0x3A, 0x20, 0x22, 0x53, 0x79, 0x73, 0x74, 0x65, 0x6D, 0x2E, 0x43, 0x6F, 0x6C, 0x6C,
    0x65, 0x63, 0x74, 0x69, 0x6F, 0x6E, 0x73, 0x2F, 0x53, 0x79, 0x73, 0x74, 0x65, 0x6D, 0x2E, 0x43,
    0x6F, 0x6C, 0x6C, 0x65, 0x63, 0x74, 0x69, 0x6F, 0x6E, 0x73, 0x2E, 0x47, 0x65, 0x6E, 0x65, 0x72,
    0x69, 0x63, 0x2E, 0x4C, 0x69, 0x73, 0x74, 0x5C, 0x75, 0x30, 0x30, 0x33, 0x43, 0x53, 0x79, 0x73,
    0x74, 0x65, 0x6D, 0x2E, 0x41, 0x74, 0x74, 0x72, 0x69, 0x62, 0x75, 0x74, 0x65, 0x5C, 0x75, 0x30,
    0x30, 0x33, 0x45, 0x3A, 0x3A, 0x67, 0x65, 0x74, 0x5F, 0x43, 0x6F, 0x75, 0x6E, 0x74, 0x3A, 0x53,
    0x79, 0x73, 0x74, 0x65, 0x6D, 0x2E, 0x49, 0x6E, 0x74, 0x33, 0x32, 0x28, 0x29, 0x22, 0x2C, 0x0D,
    0x0A, 0x20, 0x20, 0x20, 0x20, 0x20, 0x20, 0x20, 0x20, 0x20, 0x20, 0x20, 0x20, 0x22, 0x6F, 0x70,
    0x65, 0x6E, 0x44, 0x65, 0x66, 0x69, 0x6E, 0x69, 0x74, 0x69, 0x6F, 0x6E, 0x53, 0x75, 0x62, 0x6A,
    0x65, 0x63, 0x74, 0x49, 0x64, 0x22, 0x3A, 0x20, 0x22, 0x53, 0x79, 0x73, 0x74, 0x65, 0x6D, 0x2E,
    0x43, 0x6F, 0x6C, 0x6C, 0x65, 0x63, 0x74, 0x69, 0x6F, 0x6E, 0x73, 0x2F, 0x53, 0x79, 0x73, 0x74,
    0x65, 0x6D, 0x2E, 0x43, 0x6F, 0x6C, 0x6C, 0x65, 0x63, 0x74, 0x69, 0x6F, 0x6E, 0x73, 0x2E, 0x47,
    0x65, 0x6E, 0x65, 0x72, 0x69, 0x63, 0x2E, 0x4C, 0x69, 0x73, 0x74, 0x5C, 0x75, 0x30, 0x30, 0x36,
    0x30, 0x31, 0x3A, 0x3A, 0x67, 0x65, 0x74, 0x5F, 0x43, 0x6F, 0x75, 0x6E, 0x74, 0x3A, 0x53, 0x79,
    0x73, 0x74, 0x65, 0x6D, 0x2E, 0x49, 0x6E, 0x74, 0x33, 0x32, 0x28, 0x29, 0x22, 0x2C, 0x0D, 0x0A,
    0x20, 0x20, 0x20, 0x20, 0x20, 0x20, 0x20, 0x20, 0x20, 0x20, 0x20, 0x20, 0x22, 0x73, 0x68, 0x61,
    0x72, 0x65, 0x64, 0x47, 0x65, 0x6E, 0x65, 0x72, 0x69, 0x63, 0x42, 0x6F, 0x64, 0x79, 0x49, 0x64,
    0x22, 0x3A, 0x20, 0x7B, 0x0D, 0x0A, 0x20, 0x20, 0x20, 0x20, 0x20, 0x20, 0x20, 0x20, 0x20, 0x20,
    0x20, 0x20, 0x20, 0x20, 0x22, 0x76, 0x61, 0x6C, 0x75, 0x65, 0x22, 0x3A, 0x20, 0x22, 0x62, 0x6F,
    0x64, 0x79, 0x3A, 0x64, 0x65, 0x66, 0x69, 0x6E, 0x69, 0x74, 0x69, 0x6F, 0x6E, 0x3D, 0x53, 0x79,
    0x73, 0x74, 0x65, 0x6D, 0x2E, 0x43, 0x6F, 0x6C, 0x6C, 0x65, 0x63, 0x74, 0x69, 0x6F, 0x6E, 0x73,
    0x2F, 0x53, 0x79, 0x73, 0x74, 0x65, 0x6D, 0x2E, 0x43, 0x6F, 0x6C, 0x6C, 0x65, 0x63, 0x74, 0x69,
    0x6F, 0x6E, 0x73, 0x2E, 0x47, 0x65, 0x6E, 0x65, 0x72, 0x69, 0x63, 0x2E, 0x4C, 0x69, 0x73, 0x74,
    0x5C, 0x75, 0x30, 0x30, 0x36, 0x30, 0x31, 0x3A, 0x3A, 0x67, 0x65, 0x74, 0x5F, 0x43, 0x6F, 0x75,
    0x6E, 0x74, 0x3A, 0x53, 0x79, 0x73, 0x74, 0x65, 0x6D, 0x2E, 0x49, 0x6E, 0x74, 0x33, 0x32, 0x28,
    0x29, 0x3B, 0x74, 0x79, 0x70, 0x65, 0x3D, 0x5B, 0x53, 0x79, 0x73, 0x74, 0x65, 0x6D, 0x2E, 0x41,
    0x74, 0x74, 0x72, 0x69, 0x62, 0x75, 0x74, 0x65, 0x5D, 0x3B, 0x6D, 0x65, 0x74, 0x68, 0x6F, 0x64,
    0x3D, 0x5B, 0x5D, 0x22, 0x0D, 0x0A, 0x20, 0x20, 0x20, 0x20, 0x20, 0x20, 0x20, 0x20, 0x20, 0x20,
    0x20, 0x20, 0x7D, 0x2C, 0x0D, 0x0A, 0x20, 0x20, 0x20, 0x20, 0x20, 0x20, 0x20, 0x20, 0x20, 0x20,
    0x20, 0x20, 0x22, 0x69, 0x6E, 0x73, 0x74, 0x61, 0x6E, 0x74, 0x69, 0x61, 0x74, 0x69, 0x6F, 0x6E,
    0x53, 0x74, 0x75, 0x62, 0x49, 0x64, 0x22, 0x3A, 0x20, 0x7B, 0x0D, 0x0A, 0x20, 0x20, 0x20, 0x20,
    0x20, 0x20, 0x20, 0x20, 0x20, 0x20, 0x20, 0x20, 0x20, 0x20, 0x22, 0x76, 0x61, 0x6C, 0x75, 0x65,
    0x22, 0x3A, 0x20, 0x22, 0x73, 0x74, 0x75, 0x62, 0x3A, 0x64, 0x65, 0x66, 0x69, 0x6E, 0x69, 0x74,
    0x69, 0x6F, 0x6E, 0x3D, 0x53, 0x79, 0x73, 0x74, 0x65, 0x6D, 0x2E, 0x43, 0x6F, 0x6C, 0x6C, 0x65,
    0x63, 0x74, 0x69, 0x6F, 0x6E, 0x73, 0x2F, 0x53, 0x79, 0x73, 0x74, 0x65, 0x6D, 0x2E, 0x43, 0x6F,
    0x6C, 0x6C, 0x65, 0x63, 0x74, 0x69, 0x6F, 0x6E, 0x73, 0x2E, 0x47, 0x65, 0x6E, 0x65, 0x72, 0x69,
    0x63, 0x2E, 0x4C, 0x69, 0x73, 0x74, 0x5C, 0x75, 0x30, 0x30, 0x36, 0x30, 0x31, 0x3A, 0x3A, 0x67,
    0x65, 0x74, 0x5F, 0x43, 0x6F, 0x75, 0x6E, 0x74, 0x3A, 0x53, 0x79, 0x73, 0x74, 0x65, 0x6D, 0x2E,
    0x49, 0x6E, 0x74, 0x33, 0x32, 0x28, 0x29, 0x3B, 0x74, 0x79, 0x70, 0x65, 0x3D, 0x5B, 0x53, 0x79,
    0x73, 0x74, 0x65, 0x6D, 0x2E, 0x41, 0x74, 0x74, 0x72, 0x69, 0x62, 0x75, 0x74, 0x65, 0x5D, 0x3B,
    0x6D, 0x65, 0x74, 0x68, 0x6F, 0x64, 0x3D, 0x5B, 0x5D, 0x22, 0x0D, 0x0A, 0x20, 0x20, 0x20, 0x20,
    0x20, 0x20, 0x20, 0x20, 0x20, 0x20, 0x20, 0x20, 0x7D, 0x2C, 0x0D, 0x0A, 0x20, 0x20, 0x20, 0x20,
    0x20, 0x20, 0x20, 0x20, 0x20, 0x20, 0x20, 0x20, 0x22, 0x72, 0x75, 0x6E, 0x74, 0x69, 0x6D, 0x65,
    0x47, 0x65, 0x6E, 0x65, 0x72, 0x69, 0x63, 0x43, 0x6F, 0x6E, 0x74, 0x65, 0x78, 0x74, 0x22, 0x3A,
    0x20, 0x7B, 0x0D, 0x0A, 0x20, 0x20, 0x20, 0x20, 0x20, 0x20, 0x20, 0x20, 0x20, 0x20, 0x20, 0x20,
    0x20, 0x20, 0x22, 0x69, 0x6E, 0x73, 0x74, 0x61, 0x6E, 0x74, 0x69, 0x61, 0x74, 0x69, 0x6F, 0x6E,
    0x4B, 0x65, 0x79, 0x22, 0x3A, 0x20, 0x7B, 0x0D, 0x0A, 0x20, 0x20, 0x20, 0x20, 0x20, 0x20, 0x20,
    0x20, 0x20, 0x20, 0x20, 0x20, 0x20, 0x20, 0x20, 0x20, 0x22, 0x63, 0x6F, 0x6E, 0x74, 0x65, 0x78,
    0x74, 0x4B, 0x69, 0x6E, 0x64, 0x22, 0x3A, 0x20, 0x31, 0x2C, 0x0D, 0x0A, 0x20, 0x20, 0x20, 0x20,
    0x20, 0x20, 0x20, 0x20, 0x20, 0x20, 0x20, 0x20, 0x20, 0x20, 0x20, 0x20, 0x22, 0x64, 0x65, 0x66,
    0x69, 0x6E, 0x69, 0x74, 0x69, 0x6F, 0x6E, 0x53, 0x75, 0x62, 0x6A, 0x65, 0x63, 0x74, 0x49, 0x64,
    0x22, 0x3A, 0x20, 0x22, 0x53, 0x79, 0x73, 0x74, 0x65, 0x6D, 0x2E, 0x43, 0x6F, 0x6C, 0x6C, 0x65,
    0x63, 0x74, 0x69, 0x6F, 0x6E, 0x73, 0x2F, 0x53, 0x79, 0x73, 0x74, 0x65, 0x6D, 0x2E, 0x43, 0x6F,
    0x6C, 0x6C, 0x65, 0x63, 0x74, 0x69, 0x6F, 0x6E, 0x73, 0x2E, 0x47, 0x65, 0x6E, 0x65, 0x72, 0x69,
    0x63, 0x2E, 0x4C, 0x69, 0x73, 0x74, 0x5C, 0x75, 0x30, 0x30, 0x36, 0x30, 0x31, 0x3A, 0x3A, 0x67,
    0x65, 0x74, 0x5F, 0x43, 0x6F, 0x75, 0x6E, 0x74, 0x3A, 0x53, 0x79, 0x73, 0x74, 0x65, 0x6D, 0x2E,
    0x49, 0x6E, 0x74, 0x33, 0x32, 0x28, 0x29, 0x22, 0x2C, 0x0D, 0x0A, 0x20, 0x20, 0x20, 0x20, 0x20,
    0x20, 0x20, 0x20, 0x20, 0x20, 0x20, 0x20, 0x20, 0x20, 0x20, 0x20, 0x22, 0x74, 0x79, 0x70, 0x65,
    0x41, 0x72, 0x67, 0x75, 0x6D, 0x65, 0x6E, 0x74, 0x73, 0x22, 0x3A, 0x20, 0x5B, 0x0D, 0x0A, 0x20,
    0x20, 0x20, 0x20, 0x20, 0x20, 0x20, 0x20, 0x20, 0x20, 0x20, 0x20, 0x20, 0x20, 0x20, 0x20, 0x20,
    0x20, 0x22, 0x53, 0x79, 0x73, 0x74, 0x65, 0x6D, 0x2E, 0x41, 0x74, 0x74, 0x72, 0x69, 0x62, 0x75,
    0x74, 0x65, 0x22, 0x0D, 0x0A, 0x20, 0x20, 0x20, 0x20, 0x20, 0x20, 0x20, 0x20, 0x20, 0x20, 0x20,
    0x20, 0x20, 0x20, 0x20, 0x20, 0x5D, 0x2C, 0x0D, 0x0A, 0x20, 0x20, 0x20, 0x20, 0x20, 0x20, 0x20,
    0x20, 0x20, 0x20, 0x20, 0x20, 0x20, 0x20, 0x20, 0x20, 0x22, 0x6D, 0x65, 0x74, 0x68, 0x6F, 0x64,
    0x41, 0x72, 0x67, 0x75, 0x6D, 0x65, 0x6E, 0x74, 0x73, 0x22, 0x3A, 0x20, 0x5B, 0x5D, 0x0D, 0x0A,
    0x20, 0x20, 0x20, 0x20, 0x20, 0x20, 0x20, 0x20, 0x20, 0x20, 0x20, 0x20, 0x20, 0x20, 0x7D, 0x2C,
    0x0D, 0x0A, 0x20, 0x20, 0x20, 0x20, 0x20, 0x20, 0x20, 0x20, 0x20, 0x20, 0x20, 0x20, 0x20, 0x20,
    0x22, 0x73, 0x68, 0x61, 0x72, 0x65, 0x64, 0x47, 0x65, 0x6E, 0x65, 0x72, 0x69, 0x63, 0x42, 0x6F,
    0x64, 0x79, 0x49, 0x64, 0x22, 0x3A, 0x20, 0x7B, 0x0D, 0x0A, 0x20, 0x20, 0x20, 0x20, 0x20, 0x20,
    0x20, 0x20, 0x20, 0x20, 0x20, 0x20, 0x20, 0x20, 0x20, 0x20, 0x22, 0x76, 0x61, 0x6C, 0x75, 0x65,
    0x22, 0x3A, 0x20, 0x22, 0x62, 0x6F, 0x64, 0x79, 0x3A, 0x64, 0x65, 0x66, 0x69, 0x6E, 0x69, 0x74,
    0x69, 0x6F, 0x6E, 0x3D, 0x53, 0x79, 0x73, 0x74, 0x65, 0x6D, 0x2E, 0x43, 0x6F, 0x6C, 0x6C, 0x65,
    0x63, 0x74, 0x69, 0x6F, 0x6E, 0x73, 0x2F, 0x53, 0x79, 0x73, 0x74, 0x65, 0x6D, 0x2E, 0x43, 0x6F,
    0x6C, 0x6C, 0x65, 0x63, 0x74, 0x69, 0x6F, 0x6E, 0x73, 0x2E, 0x47, 0x65, 0x6E, 0x65, 0x72, 0x69,
    0x63, 0x2E, 0x4C, 0x69, 0x73, 0x74, 0x5C, 0x75, 0x30, 0x30, 0x36, 0x30, 0x31, 0x3A, 0x3A, 0x67,
    0x65, 0x74, 0x5F, 0x43, 0x6F, 0x75, 0x6E, 0x74, 0x3A, 0x53, 0x79, 0x73, 0x74, 0x65, 0x6D, 0x2E,
    0x49, 0x6E, 0x74, 0x33, 0x32, 0x28, 0x29, 0x3B, 0x74, 0x79, 0x70, 0x65, 0x3D, 0x5B, 0x53, 0x79,
    0x73, 0x74, 0x65, 0x6D, 0x2E, 0x41, 0x74, 0x74, 0x72, 0x69, 0x62, 0x75, 0x74, 0x65, 0x5D, 0x3B,
    0x6D, 0x65, 0x74, 0x68, 0x6F, 0x64, 0x3D, 0x5B, 0x5D, 0x22, 0x0D, 0x0A, 0x20, 0x20, 0x20, 0x20,
    0x20, 0x20, 0x20, 0x20, 0x20, 0x20, 0x20, 0x20, 0x20, 0x20, 0x7D, 0x2C, 0x0D, 0x0A, 0x20, 0x20,
    0x20, 0x20, 0x20, 0x20, 0x20, 0x20, 0x20, 0x20, 0x20, 0x20, 0x20, 0x20, 0x22, 0x69, 0x6E, 0x73,
    0x74, 0x61, 0x6E, 0x74, 0x69, 0x61, 0x74, 0x69, 0x6F, 0x6E, 0x53, 0x74, 0x75, 0x62, 0x49, 0x64,
    0x22, 0x3A, 0x20, 0x7B, 0x0D, 0x0A, 0x20, 0x20, 0x20, 0x20, 0x20, 0x20, 0x20, 0x20, 0x20, 0x20,
    0x20, 0x20, 0x20, 0x20, 0x20, 0x20, 0x22, 0x76, 0x61, 0x6C, 0x75, 0x65, 0x22, 0x3A, 0x20, 0x22,
    0x73, 0x74, 0x75, 0x62, 0x3A, 0x64, 0x65, 0x66, 0x69, 0x6E, 0x69, 0x74, 0x69, 0x6F, 0x6E, 0x3D,
    0x53, 0x79, 0x73, 0x74, 0x65, 0x6D, 0x2E, 0x43, 0x6F, 0x6C, 0x6C, 0x65, 0x63, 0x74, 0x69, 0x6F,
    0x6E, 0x73, 0x2F, 0x53, 0x79, 0x73, 0x74, 0x65, 0x6D, 0x2E, 0x43, 0x6F, 0x6C, 0x6C, 0x65, 0x63,
    0x74, 0x69, 0x6F, 0x6E, 0x73, 0x2E, 0x47, 0x65, 0x6E, 0x65, 0x72, 0x69, 0x63, 0x2E, 0x4C, 0x69,
    0x73, 0x74, 0x5C, 0x75, 0x30, 0x30, 0x36, 0x30, 0x31, 0x3A, 0x3A, 0x67, 0x65, 0x74, 0x5F, 0x43,
    0x6F, 0x75, 0x6E, 0x74, 0x3A, 0x53, 0x79, 0x73, 0x74, 0x65, 0x6D, 0x2E, 0x49, 0x6E, 0x74, 0x33,
    0x32, 0x28, 0x29, 0x3B, 0x74, 0x79, 0x70, 0x65, 0x3D, 0x5B, 0x53, 0x79, 0x73, 0x74, 0x65, 0x6D,
    0x2E, 0x41, 0x74, 0x74, 0x72, 0x69, 0x62, 0x75, 0x74, 0x65, 0x5D, 0x3B, 0x6D, 0x65, 0x74, 0x68,
    0x6F, 0x64, 0x3D, 0x5B, 0x5D, 0x22, 0x0D, 0x0A, 0x20, 0x20, 0x20, 0x20, 0x20, 0x20, 0x20, 0x20,
    0x20, 0x20, 0x20, 0x20, 0x20, 0x20, 0x7D, 0x2C, 0x0D, 0x0A, 0x20, 0x20, 0x20, 0x20, 0x20, 0x20,
    0x20, 0x20, 0x20, 0x20, 0x20, 0x20, 0x20, 0x20, 0x22, 0x73, 0x75, 0x70, 0x70, 0x6F, 0x72, 0x74,
    0x4B, 0x69, 0x6E, 0x64, 0x43, 0x6F, 0x64, 0x65, 0x22, 0x3A, 0x20, 0x33, 0x2C, 0x0D, 0x0A, 0x20,
    0x20, 0x20, 0x20, 0x20, 0x20, 0x20, 0x20, 0x20, 0x20, 0x20, 0x20, 0x20, 0x20, 0x22, 0x73, 0x70,
    0x65, 0x63, 0x69, 0x61, 0x6C, 0x69, 0x7A, 0x61, 0x74, 0x69, 0x6F, 0x6E, 0x4B, 0x69, 0x6E, 0x64,
    0x43, 0x6F, 0x64, 0x65, 0x22, 0x3A, 0x20, 0x31, 0x2C, 0x0D, 0x0A, 0x20, 0x20, 0x20, 0x20, 0x20,
    0x20, 0x20, 0x20, 0x20, 0x20, 0x20, 0x20, 0x20, 0x20, 0x22, 0x73, 0x74, 0x61, 0x74, 0x75, 0x73,
    0x52, 0x65, 0x61, 0x73, 0x6F, 0x6E, 0x43, 0x6F, 0x64, 0x65, 0x22, 0x3A, 0x20, 0x22, 0x6C, 0x6F,
    0x61, 0x64, 0x65, 0x72, 0x2D, 0x64, 0x65, 0x6D, 0x61, 0x6E, 0x64, 0x3A, 0x6D, 0x65, 0x6D, 0x62,
    0x65, 0x72, 0x52, 0x65, 0x66, 0x65, 0x72, 0x65, 0x6E, 0x63, 0x65, 0x22, 0x0D, 0x0A, 0x20, 0x20,
    0x20, 0x20, 0x20, 0x20, 0x20, 0x20, 0x20, 0x20, 0x20, 0x20, 0x7D, 0x2C, 0x0D, 0x0A, 0x20, 0x20,
    0x20, 0x20, 0x20, 0x20, 0x20, 0x20, 0x20, 0x20, 0x20, 0x20, 0x22, 0x67, 0x65, 0x6E, 0x65, 0x72,
    0x69, 0x63, 0x44, 0x69, 0x61, 0x67, 0x6E, 0x6F, 0x73, 0x74, 0x69, 0x63, 0x22, 0x3A, 0x20, 0x7B,
    0x0D, 0x0A, 0x20, 0x20, 0x20, 0x20, 0x20, 0x20, 0x20, 0x20, 0x20, 0x20, 0x20, 0x20, 0x20, 0x20,
    0x22, 0x73, 0x75, 0x62, 0x6A, 0x65, 0x63, 0x74, 0x49, 0x64, 0x22, 0x3A, 0x20, 0x22, 0x53, 0x79,
    0x73, 0x74, 0x65, 0x6D, 0x2E, 0x43, 0x6F, 0x6C, 0x6C, 0x65, 0x63, 0x74, 0x69, 0x6F, 0x6E, 0x73,
    0x2F, 0x53, 0x79, 0x73, 0x74, 0x65, 0x6D, 0x2E, 0x43, 0x6F, 0x6C, 0x6C, 0x65, 0x63, 0x74, 0x69,
    0x6F, 0x6E, 0x73, 0x2E, 0x47, 0x65, 0x6E, 0x65, 0x72, 0x69, 0x63, 0x2E, 0x4C, 0x69, 0x73, 0x74,
    0x5C, 0x75, 0x30, 0x30, 0x33, 0x43, 0x53, 0x79, 0x73, 0x74, 0x65, 0x6D, 0x2E, 0x41, 0x74, 0x74,
    0x72, 0x69, 0x62, 0x75, 0x74, 0x65, 0x5C, 0x75, 0x30, 0x30, 0x33, 0x45, 0x3A, 0x3A, 0x67, 0x65,
    0x74, 0x5F, 0x43, 0x6F, 0x75, 0x6E, 0x74, 0x3A, 0x53, 0x79, 0x73, 0x74, 0x65, 0x6D, 0x2E, 0x49,
    0x6E, 0x74, 0x33, 0x32, 0x28, 0x29, 0x22, 0x2C, 0x0D, 0x0A, 0x20, 0x20, 0x20, 0x20, 0x20, 0x20,
    0x20, 0x20, 0x20, 0x20, 0x20, 0x20, 0x20, 0x20, 0x22, 0x64, 0x65, 0x66, 0x69, 0x6E, 0x69, 0x74,
    0x69, 0x6F, 0x6E, 0x53, 0x75, 0x62, 0x6A, 0x65, 0x63, 0x74, 0x49, 0x64, 0x22, 0x3A, 0x20, 0x22,
    0x53, 0x79, 0x73, 0x74, 0x65, 0x6D, 0x2E, 0x43, 0x6F, 0x6C, 0x6C, 0x65, 0x63, 0x74, 0x69, 0x6F,
    0x6E, 0x73, 0x2F, 0x53, 0x79, 0x73, 0x74, 0x65, 0x6D, 0x2E, 0x43, 0x6F, 0x6C, 0x6C, 0x65, 0x63,
    0x74, 0x69, 0x6F, 0x6E, 0x73, 0x2E, 0x47, 0x65, 0x6E, 0x65, 0x72, 0x69, 0x63, 0x2E, 0x4C, 0x69,
    0x73, 0x74, 0x5C, 0x75, 0x30, 0x30, 0x36, 0x30, 0x31, 0x3A, 0x3A, 0x67, 0x65, 0x74, 0x5F, 0x43,
    0x6F, 0x75, 0x6E, 0x74, 0x3A, 0x53, 0x79, 0x73, 0x74, 0x65, 0x6D, 0x2E, 0x49, 0x6E, 0x74, 0x33,
    0x32, 0x28, 0x29, 0x22, 0x2C, 0x0D, 0x0A, 0x20, 0x20, 0x20, 0x20, 0x20, 0x20, 0x20, 0x20, 0x20,
    0x20, 0x20, 0x20, 0x20, 0x20, 0x22, 0x64, 0x69, 0x73, 0x70, 0x6C, 0x61, 0x79, 0x53, 0x75, 0x62,
    0x6A, 0x65, 0x63, 0x74, 0x49, 0x64, 0x22, 0x3A, 0x20, 0x22, 0x53, 0x79, 0x73, 0x74, 0x65, 0x6D,
    0x2E, 0x43, 0x6F, 0x6C, 0x6C, 0x65, 0x63, 0x74, 0x69, 0x6F, 0x6E, 0x73, 0x2F, 0x53, 0x79, 0x73,
    0x74, 0x65, 0x6D, 0x2E, 0x43, 0x6F, 0x6C, 0x6C, 0x65, 0x63, 0x74, 0x69, 0x6F, 0x6E, 0x73, 0x2E,
    0x47, 0x65, 0x6E, 0x65, 0x72, 0x69, 0x63, 0x2E, 0x4C, 0x69, 0x73, 0x74, 0x5C, 0x75, 0x30, 0x30,
    0x33, 0x43, 0x53, 0x79, 0x73, 0x74, 0x65, 0x6D, 0x2E, 0x41, 0x74, 0x74, 0x72, 0x69, 0x62, 0x75,
    0x74, 0x65, 0x5C, 0x75, 0x30, 0x30, 0x33, 0x45, 0x3A, 0x3A, 0x67, 0x65, 0x74, 0x5F, 0x43, 0x6F,
    0x75, 0x6E, 0x74, 0x28, 0x29, 0x22, 0x2C, 0x0D, 0x0A, 0x20, 0x20, 0x20, 0x20, 0x20, 0x20, 0x20,
    0x20, 0x20, 0x20, 0x20, 0x20, 0x20, 0x20, 0x22, 0x69, 0x6E, 0x73, 0x74, 0x61, 0x6E, 0x74, 0x69,
    0x61, 0x74, 0x69, 0x6F, 0x6E, 0x4B, 0x65, 0x79, 0x22, 0x3A, 0x20, 0x7B, 0x0D, 0x0A, 0x20, 0x20,
    0x20, 0x20, 0x20, 0x20, 0x20, 0x20, 0x20, 0x20, 0x20, 0x20, 0x20, 0x20, 0x20, 0x20, 0x22, 0x63,
    0x6F, 0x6E, 0x74, 0x65, 0x78, 0x74, 0x4B, 0x69, 0x6E, 0x64, 0x22, 0x3A, 0x20, 0x31, 0x2C, 0x0D,
    0x0A, 0x20, 0x20, 0x20, 0x20, 0x20, 0x20, 0x20, 0x20, 0x20, 0x20, 0x20, 0x20, 0x20, 0x20, 0x20,
    0x20, 0x22, 0x64, 0x65, 0x66, 0x69, 0x6E, 0x69, 0x74, 0x69, 0x6F, 0x6E, 0x53, 0x75, 0x62, 0x6A,
    0x65, 0x63, 0x74, 0x49, 0x64, 0x22, 0x3A, 0x20, 0x22, 0x53, 0x79, 0x73, 0x74, 0x65, 0x6D, 0x2E,
    0x43, 0x6F, 0x6C, 0x6C, 0x65, 0x63, 0x74, 0x69, 0x6F, 0x6E, 0x73, 0x2F, 0x53, 0x79, 0x73, 0x74,
    0x65, 0x6D, 0x2E, 0x43, 0x6F, 0x6C, 0x6C, 0x65, 0x63, 0x74, 0x69, 0x6F, 0x6E, 0x73, 0x2E, 0x47,
    0x65, 0x6E, 0x65, 0x72, 0x69, 0x63, 0x2E, 0x4C, 0x69, 0x73, 0x74, 0x5C, 0x75, 0x30, 0x30, 0x36,
    0x30, 0x31, 0x3A, 0x3A, 0x67, 0x65, 0x74, 0x5F, 0x43, 0x6F, 0x75, 0x6E, 0x74, 0x3A, 0x53, 0x79,
    0x73, 0x74, 0x65, 0x6D, 0x2E, 0x49, 0x6E, 0x74, 0x33, 0x32, 0x28, 0x29, 0x22, 0x2C, 0x0D, 0x0A,
    0x20, 0x20, 0x20, 0x20, 0x20, 0x20, 0x20, 0x20, 0x20, 0x20, 0x20, 0x20, 0x20, 0x20, 0x20, 0x20,
    0x22, 0x74, 0x79, 0x70, 0x65, 0x41, 0x72, 0x67, 0x75, 0x6D, 0x65, 0x6E, 0x74, 0x73, 0x22, 0x3A,
    0x20, 0x5B, 0x0D, 0x0A, 0x20, 0x20, 0x20, 0x20, 0x20, 0x20, 0x20, 0x20, 0x20, 0x20, 0x20, 0x20,
    0x20, 0x20, 0x20, 0x20, 0x20, 0x20, 0x22, 0x53, 0x79, 0x73, 0x74, 0x65, 0x6D, 0x2E, 0x41, 0x74,
    0x74, 0x72, 0x69, 0x62, 0x75, 0x74, 0x65, 0x22, 0x0D, 0x0A, 0x20, 0x20, 0x20, 0x20, 0x20, 0x20,
    0x20, 0x20, 0x20, 0x20, 0x20, 0x20, 0x20, 0x20, 0x20, 0x20, 0x5D, 0x2C, 0x0D, 0x0A, 0x20, 0x20,
    0x20, 0x20, 0x20, 0x20, 0x20, 0x20, 0x20, 0x20, 0x20, 0x20, 0x20, 0x20, 0x20, 0x20, 0x22, 0x6D,
    0x65, 0x74, 0x68, 0x6F, 0x64, 0x41, 0x72, 0x67, 0x75, 0x6D, 0x65, 0x6E, 0x74, 0x73, 0x22, 0x3A,
    0x20, 0x5B, 0x5D, 0x0D, 0x0A, 0x20, 0x20, 0x20, 0x20, 0x20, 0x20, 0x20, 0x20, 0x20, 0x20, 0x20,
    0x20, 0x20, 0x20, 0x7D, 0x0D, 0x0A, 0x20, 0x20, 0x20, 0x20, 0x20, 0x20, 0x20, 0x20, 0x20, 0x20,
    0x20, 0x20, 0x7D, 0x2C, 0x0D, 0x0A, 0x20, 0x20, 0x20, 0x20, 0x20, 0x20, 0x20, 0x20, 0x20, 0x20,
    0x20, 0x20, 0x22, 0x74, 0x79, 0x70, 0x65, 0x53, 0x68, 0x61, 0x70, 0x65, 0x22, 0x3A, 0x20, 0x30,
    0x2C, 0x0D, 0x0A, 0x20, 0x20, 0x20, 0x20, 0x20, 0x20, 0x20, 0x20, 0x20, 0x20, 0x20, 0x20, 0x22,
    0x61, 0x72, 0x72, 0x61, 0x79, 0x45, 0x6C, 0x65, 0x6D, 0x65, 0x6E, 0x74, 0x54, 0x79, 0x70, 0x65,
    0x53, 0x68, 0x61, 0x70, 0x65, 0x22, 0x3A, 0x20, 0x30, 0x2C, 0x0D, 0x0A, 0x20, 0x20, 0x20, 0x20,
    0x20, 0x20, 0x20, 0x20, 0x20, 0x20, 0x20, 0x20, 0x22, 0x69, 0x73, 0x53, 0x65, 0x61, 0x6C, 0x65,
    0x64, 0x22, 0x3A, 0x20, 0x66, 0x61, 0x6C, 0x73, 0x65, 0x2C, 0x0D, 0x0A, 0x20, 0x20, 0x20, 0x20,
    0x20, 0x20, 0x20, 0x20, 0x20, 0x20, 0x20, 0x20, 0x22, 0x69, 0x73, 0x43, 0x6F, 0x6D, 0x49, 0x6D,
    0x70, 0x6F, 0x72, 0x74, 0x22, 0x3A, 0x20, 0x66, 0x61, 0x6C, 0x73, 0x65, 0x2C, 0x0D, 0x0A, 0x20,
    0x20, 0x20, 0x20, 0x20, 0x20, 0x20, 0x20, 0x20, 0x20, 0x20, 0x20, 0x22, 0x63, 0x6F, 0x6D, 0x49,
    0x6E, 0x74, 0x65, 0x72, 0x66, 0x61, 0x63, 0x65, 0x54, 0x79, 0x70, 0x65, 0x4B, 0x69, 0x6E, 0x64,
    0x22, 0x3A, 0x20, 0x30, 0x2C, 0x0D, 0x0A, 0x20, 0x20, 0x20, 0x20, 0x20, 0x20, 0x20, 0x20, 0x20,
    0x20, 0x20, 0x20, 0x22, 0x64, 0x65, 0x63, 0x6C, 0x61, 0x72, 0x69, 0x6E, 0x67, 0x54, 0x79, 0x70,
    0x65, 0x53, 0x68, 0x61, 0x70, 0x65, 0x22, 0x3A, 0x20, 0x30, 0x0D, 0x0A, 0x20, 0x20, 0x20, 0x20,
    0x20, 0x20, 0x20, 0x20, 0x20, 0x20, 0x7D, 0x2C, 0x0D, 0x0A, 0x20, 0x20, 0x20, 0x20, 0x20, 0x20,
    0x20, 0x20, 0x20, 0x20, 0x22, 0x64, 0x69, 0x73, 0x70, 0x61, 0x74, 0x63, 0x68, 0x4B, 0x69, 0x6E,
    0x64, 0x43, 0x6F, 0x64, 0x65, 0x22, 0x3A, 0x20, 0x34, 0x2C, 0x0D, 0x0A, 0x20, 0x20, 0x20, 0x20,
    0x20, 0x20, 0x20, 0x20, 0x20, 0x20, 0x22, 0x69, 0x73, 0x50, 0x72, 0x65, 0x73, 0x65, 0x72, 0x76,
    0x65, 0x53, 0x69, 0x67, 0x22, 0x3A, 0x20, 0x66, 0x61, 0x6C, 0x73, 0x65, 0x0D, 0x0A, 0x20, 0x20,
    0x20, 0x20, 0x20, 0x20, 0x20, 0x20, 0x7D, 0x2C, 0x0D, 0x0A, 0x20, 0x20, 0x20, 0x20, 0x20, 0x20,
    0x20, 0x20, 0x7B, 0x0D, 0x0A, 0x20, 0x20, 0x20, 0x20, 0x20, 0x20, 0x20, 0x20, 0x20, 0x20, 0x22,
    0x6F, 0x70, 0x22, 0x3A, 0x20, 0x22, 0x6C, 0x64, 0x63, 0x2E, 0x69, 0x34, 0x22, 0x2C, 0x0D, 0x0A,
    0x20, 0x20, 0x20, 0x20, 0x20, 0x20, 0x20, 0x20, 0x20, 0x20, 0x22, 0x6F, 0x70, 0x43, 0x6F, 0x64,
    0x65, 0x22, 0x3A, 0x20, 0x30, 0x2C, 0x0D, 0x0A, 0x20, 0x20, 0x20, 0x20, 0x20, 0x20, 0x20, 0x20,
    0x20, 0x20, 0x22, 0x6F, 0x70, 0x65, 0x72, 0x61, 0x6E, 0x64, 0x22, 0x3A, 0x20, 0x32, 0x32, 0x2C,
    0x0D, 0x0A, 0x20, 0x20, 0x20, 0x20, 0x20, 0x20, 0x20, 0x20, 0x20, 0x20, 0x22, 0x69, 0x6C, 0x4F,
    0x66, 0x66, 0x73, 0x65, 0x74, 0x22, 0x3A, 0x20, 0x33, 0x37, 0x2C, 0x0D, 0x0A, 0x20, 0x20, 0x20,
    0x20, 0x20, 0x20, 0x20, 0x20, 0x20, 0x20, 0x22, 0x72, 0x65, 0x73, 0x75, 0x6C, 0x74, 0x54, 0x79,
    0x70, 0x65, 0x22, 0x3A, 0x20, 0x22, 0x53, 0x79, 0x73, 0x74, 0x65, 0x6D, 0x2E, 0x49, 0x6E, 0x74,
    0x33, 0x32, 0x22, 0x2C, 0x0D, 0x0A, 0x20, 0x20, 0x20, 0x20, 0x20, 0x20, 0x20, 0x20, 0x20, 0x20,
    0x22, 0x69, 0x73, 0x50, 0x72, 0x65, 0x73, 0x65, 0x72, 0x76, 0x65, 0x53, 0x69, 0x67, 0x22, 0x3A,
    0x20, 0x66, 0x61, 0x6C, 0x73, 0x65, 0x0D, 0x0A, 0x20, 0x20, 0x20, 0x20, 0x20, 0x20, 0x20, 0x20,
    0x7D, 0x2C, 0x0D, 0x0A, 0x20, 0x20, 0x20, 0x20, 0x20, 0x20, 0x20, 0x20, 0x7B, 0x0D, 0x0A, 0x20,
    0x20, 0x20, 0x20, 0x20, 0x20, 0x20, 0x20, 0x20, 0x20, 0x22, 0x6F, 0x70, 0x22, 0x3A, 0x20, 0x22,
    0x63, 0x65, 0x71, 0x22, 0x2C, 0x0D, 0x0A, 0x20, 0x20, 0x20, 0x20, 0x20, 0x20, 0x20, 0x20, 0x20,
    0x20, 0x22, 0x6F, 0x70, 0x43, 0x6F, 0x64, 0x65, 0x22, 0x3A, 0x20, 0x33, 0x31, 0x2C, 0x0D, 0x0A,
    0x20, 0x20, 0x20, 0x20, 0x20, 0x20, 0x20, 0x20, 0x20, 0x20, 0x22, 0x69, 0x6C, 0x4F, 0x66, 0x66,
    0x73, 0x65, 0x74, 0x22, 0x3A, 0x20, 0x33, 0x39, 0x2C, 0x0D, 0x0A, 0x20, 0x20, 0x20, 0x20, 0x20,
    0x20, 0x20, 0x20, 0x20, 0x20, 0x22, 0x72, 0x65, 0x73, 0x75, 0x6C, 0x74, 0x54, 0x79, 0x70, 0x65,
    0x22, 0x3A, 0x20, 0x22, 0x53, 0x79, 0x73, 0x74, 0x65, 0x6D, 0x2E, 0x49, 0x6E, 0x74, 0x33, 0x32,
    0x22, 0x2C, 0x0D, 0x0A, 0x20, 0x20, 0x20, 0x20, 0x20, 0x20, 0x20, 0x20, 0x20, 0x20, 0x22, 0x69,
    0x73, 0x50, 0x72, 0x65, 0x73, 0x65, 0x72, 0x76, 0x65, 0x53, 0x69, 0x67, 0x22, 0x3A, 0x20, 0x66,
    0x61, 0x6C, 0x73, 0x65, 0x0D, 0x0A, 0x20, 0x20, 0x20, 0x20, 0x20, 0x20, 0x20, 0x20, 0x7D, 0x2C,
    0x0D, 0x0A, 0x20, 0x20, 0x20, 0x20, 0x20, 0x20, 0x20, 0x20, 0x7B, 0x0D, 0x0A, 0x20, 0x20, 0x20,
    0x20, 0x20, 0x20, 0x20, 0x20, 0x20, 0x20, 0x22, 0x6F, 0x70, 0x22, 0x3A, 0x20, 0x22, 0x6C, 0x64,
    0x63, 0x2E, 0x69, 0x34, 0x22, 0x2C, 0x0D, 0x0A, 0x20, 0x20, 0x20, 0x20, 0x20, 0x20, 0x20, 0x20,
    0x20, 0x20, 0x22, 0x6F, 0x70, 0x43, 0x6F, 0x64, 0x65, 0x22, 0x3A, 0x20, 0x30, 0x2C, 0x0D, 0x0A,
    0x20, 0x20, 0x20, 0x20, 0x20, 0x20, 0x20, 0x20, 0x20, 0x20, 0x22, 0x6F, 0x70, 0x65, 0x72, 0x61,
    0x6E, 0x64, 0x22, 0x3A, 0x20, 0x30, 0x2C, 0x0D, 0x0A, 0x20, 0x20, 0x20, 0x20, 0x20, 0x20, 0x20,
    0x20, 0x20, 0x20, 0x22, 0x69, 0x6C, 0x4F, 0x66, 0x66, 0x73, 0x65, 0x74, 0x22, 0x3A, 0x20, 0x34,
    0x31, 0x2C, 0x0D, 0x0A, 0x20, 0x20, 0x20, 0x20, 0x20, 0x20, 0x20, 0x20, 0x20, 0x20, 0x22, 0x72,
    0x65, 0x73, 0x75, 0x6C, 0x74, 0x54, 0x79, 0x70, 0x65, 0x22, 0x3A, 0x20, 0x22, 0x53, 0x79, 0x73,
    0x74, 0x65, 0x6D, 0x2E, 0x49, 0x6E, 0x74, 0x33, 0x32, 0x22, 0x2C, 0x0D, 0x0A, 0x20, 0x20, 0x20,
    0x20, 0x20, 0x20, 0x20, 0x20, 0x20, 0x20, 0x22, 0x69, 0x73, 0x50, 0x72, 0x65, 0x73, 0x65, 0x72,
    0x76, 0x65, 0x53, 0x69, 0x67, 0x22, 0x3A, 0x20, 0x66, 0x61, 0x6C, 0x73, 0x65, 0x0D, 0x0A, 0x20,
    0x20, 0x20, 0x20, 0x20, 0x20, 0x20, 0x20, 0x7D, 0x2C, 0x0D, 0x0A, 0x20, 0x20, 0x20, 0x20, 0x20,
    0x20, 0x20, 0x20, 0x7B, 0x0D, 0x0A, 0x20, 0x20, 0x20, 0x20, 0x20, 0x20, 0x20, 0x20, 0x20, 0x20,
    0x22, 0x6F, 0x70, 0x22, 0x3A, 0x20, 0x22, 0x63, 0x65, 0x71, 0x22, 0x2C, 0x0D, 0x0A, 0x20, 0x20,
    0x20, 0x20, 0x20, 0x20, 0x20, 0x20, 0x20, 0x20, 0x22, 0x6F, 0x70, 0x43, 0x6F, 0x64, 0x65, 0x22,
    0x3A, 0x20, 0x33, 0x31, 0x2C, 0x0D, 0x0A, 0x20, 0x20, 0x20, 0x20, 0x20, 0x20, 0x20, 0x20, 0x20,
    0x20, 0x22, 0x69, 0x6C, 0x4F, 0x66, 0x66, 0x73, 0x65, 0x74, 0x22, 0x3A, 0x20, 0x34, 0x32, 0x2C,
    0x0D, 0x0A, 0x20, 0x20, 0x20, 0x20, 0x20, 0x20, 0x20, 0x20, 0x20, 0x20, 0x22, 0x72, 0x65, 0x73,
    0x75, 0x6C, 0x74, 0x54, 0x79, 0x70, 0x65, 0x22, 0x3A, 0x20, 0x22, 0x53, 0x79, 0x73, 0x74, 0x65,
    0x6D, 0x2E, 0x49, 0x6E, 0x74, 0x33, 0x32, 0x22, 0x2C, 0x0D, 0x0A, 0x20, 0x20, 0x20, 0x20, 0x20,
    0x20, 0x20, 0x20, 0x20, 0x20, 0x22, 0x69, 0x73, 0x50, 0x72, 0x65, 0x73, 0x65, 0x72, 0x76, 0x65,
    0x53, 0x69, 0x67, 0x22, 0x3A, 0x20, 0x66, 0x61, 0x6C, 0x73, 0x65, 0x0D, 0x0A, 0x20, 0x20, 0x20,
    0x20, 0x20, 0x20, 0x20, 0x20, 0x7D, 0x2C, 0x0D, 0x0A, 0x20, 0x20, 0x20, 0x20, 0x20, 0x20, 0x20,
    0x20, 0x7B, 0x0D, 0x0A, 0x20, 0x20, 0x20, 0x20, 0x20, 0x20, 0x20, 0x20, 0x20, 0x20, 0x22, 0x6F,
    0x70, 0x22, 0x3A, 0x20, 0x22, 0x73, 0x74, 0x6C, 0x6F, 0x63, 0x22, 0x2C, 0x0D, 0x0A, 0x20, 0x20,
    0x20, 0x20, 0x20, 0x20, 0x20, 0x20, 0x20, 0x20, 0x22, 0x6F, 0x70, 0x43, 0x6F, 0x64, 0x65, 0x22,
    0x3A, 0x20, 0x38, 0x2C, 0x0D, 0x0A, 0x20, 0x20, 0x20, 0x20, 0x20, 0x20, 0x20, 0x20, 0x20, 0x20,
    0x22, 0x6F, 0x70, 0x65, 0x72, 0x61, 0x6E, 0x64, 0x22, 0x3A, 0x20, 0x30, 0x2C, 0x0D, 0x0A, 0x20,
    0x20, 0x20, 0x20, 0x20, 0x20, 0x20, 0x20, 0x20, 0x20, 0x22, 0x69, 0x6C, 0x4F, 0x66, 0x66, 0x73,
    0x65, 0x74, 0x22, 0x3A, 0x20, 0x34, 0x34, 0x2C, 0x0D, 0x0A, 0x20, 0x20, 0x20, 0x20, 0x20, 0x20,
    0x20, 0x20, 0x20, 0x20, 0x22, 0x72, 0x65, 0x73, 0x75, 0x6C, 0x74, 0x54, 0x79, 0x70, 0x65, 0x22,
    0x3A, 0x20, 0x22, 0x53, 0x79, 0x73, 0x74, 0x65, 0x6D, 0x2E, 0x56, 0x6F, 0x69, 0x64, 0x22, 0x2C,
    0x0D, 0x0A, 0x20, 0x20, 0x20, 0x20, 0x20, 0x20, 0x20, 0x20, 0x20, 0x20, 0x22, 0x69, 0x73, 0x50,
    0x72, 0x65, 0x73, 0x65, 0x72, 0x76, 0x65, 0x53, 0x69, 0x67, 0x22, 0x3A, 0x20, 0x66, 0x61, 0x6C,
    0x73, 0x65, 0x0D, 0x0A, 0x20, 0x20, 0x20, 0x20, 0x20, 0x20, 0x20, 0x20, 0x7D, 0x2C, 0x0D, 0x0A,
    0x20, 0x20, 0x20, 0x20, 0x20, 0x20, 0x20, 0x20, 0x7B, 0x0D, 0x0A, 0x20, 0x20, 0x20, 0x20, 0x20,
    0x20, 0x20, 0x20, 0x20, 0x20, 0x22, 0x6F, 0x70, 0x22, 0x3A, 0x20, 0x22, 0x6C, 0x64, 0x6C, 0x6F,
    0x63, 0x22, 0x2C, 0x0D, 0x0A, 0x20, 0x20, 0x20, 0x20, 0x20, 0x20, 0x20, 0x20, 0x20, 0x20, 0x22,
    0x6F, 0x70, 0x43, 0x6F, 0x64, 0x65, 0x22, 0x3A, 0x20, 0x37, 0x2C, 0x0D, 0x0A, 0x20, 0x20, 0x20,
    0x20, 0x20, 0x20, 0x20, 0x20, 0x20, 0x20, 0x22, 0x6F, 0x70, 0x65, 0x72, 0x61, 0x6E, 0x64, 0x22,
    0x3A, 0x20, 0x30, 0x2C, 0x0D, 0x0A, 0x20, 0x20, 0x20, 0x20, 0x20, 0x20, 0x20, 0x20, 0x20, 0x20,
    0x22, 0x69, 0x6C, 0x4F, 0x66, 0x66, 0x73, 0x65, 0x74, 0x22, 0x3A, 0x20, 0x34, 0x35, 0x2C, 0x0D,
    0x0A, 0x20, 0x20, 0x20, 0x20, 0x20, 0x20, 0x20, 0x20, 0x20, 0x20, 0x22, 0x69, 0x73, 0x50, 0x72,
    0x65, 0x73, 0x65, 0x72, 0x76, 0x65, 0x53, 0x69, 0x67, 0x22, 0x3A, 0x20, 0x66, 0x61, 0x6C, 0x73,
    0x65, 0x0D, 0x0A, 0x20, 0x20, 0x20, 0x20, 0x20, 0x20, 0x20, 0x20, 0x7D, 0x2C, 0x0D, 0x0A, 0x20,
    0x20, 0x20, 0x20, 0x20, 0x20, 0x20, 0x20, 0x7B, 0x0D, 0x0A, 0x20, 0x20, 0x20, 0x20, 0x20, 0x20,
    0x20, 0x20, 0x20, 0x20, 0x22, 0x6F, 0x70, 0x22, 0x3A, 0x20, 0x22, 0x62, 0x72, 0x66, 0x61, 0x6C,
    0x73, 0x65, 0x22, 0x2C, 0x0D, 0x0A, 0x20, 0x20, 0x20, 0x20, 0x20, 0x20, 0x20, 0x20, 0x20, 0x20,
    0x22, 0x6F, 0x70, 0x43, 0x6F, 0x64, 0x65, 0x22, 0x3A, 0x20, 0x31, 0x39, 0x2C, 0x0D, 0x0A, 0x20,
    0x20, 0x20, 0x20, 0x20, 0x20, 0x20, 0x20, 0x20, 0x20, 0x22, 0x6F, 0x70, 0x65, 0x72, 0x61, 0x6E,
    0x64, 0x22, 0x3A, 0x20, 0x35, 0x34, 0x2C, 0x0D, 0x0A, 0x20, 0x20, 0x20, 0x20, 0x20, 0x20, 0x20,
    0x20, 0x20, 0x20, 0x22, 0x69, 0x6C, 0x4F, 0x66, 0x66, 0x73, 0x65, 0x74, 0x22, 0x3A, 0x20, 0x34,
    0x36, 0x2C, 0x0D, 0x0A, 0x20, 0x20, 0x20, 0x20, 0x20, 0x20, 0x20, 0x20, 0x20, 0x20, 0x22, 0x72,
    0x65, 0x73, 0x75, 0x6C, 0x74, 0x54, 0x79, 0x70, 0x65, 0x22, 0x3A, 0x20, 0x22, 0x53, 0x79, 0x73,
    0x74, 0x65, 0x6D, 0x2E, 0x56, 0x6F, 0x69, 0x64, 0x22, 0x2C, 0x0D, 0x0A, 0x20, 0x20, 0x20, 0x20,
    0x20, 0x20, 0x20, 0x20, 0x20, 0x20, 0x22, 0x69, 0x73, 0x50, 0x72, 0x65, 0x73, 0x65, 0x72, 0x76,
    0x65, 0x53, 0x69, 0x67, 0x22, 0x3A, 0x20, 0x66, 0x61, 0x6C, 0x73, 0x65, 0x0D, 0x0A, 0x20, 0x20,
    0x20, 0x20, 0x20, 0x20, 0x20, 0x20, 0x7D, 0x2C, 0x0D, 0x0A, 0x20, 0x20, 0x20, 0x20, 0x20, 0x20,
    0x20, 0x20, 0x7B, 0x0D, 0x0A, 0x20, 0x20, 0x20, 0x20, 0x20, 0x20, 0x20, 0x20, 0x20, 0x20, 0x22,
    0x6F, 0x70, 0x22, 0x3A, 0x20, 0x22, 0x6C, 0x64, 0x63, 0x2E, 0x69, 0x34, 0x22, 0x2C, 0x0D, 0x0A,
    0x20, 0x20, 0x20, 0x20, 0x20, 0x20, 0x20, 0x20, 0x20, 0x20, 0x22, 0x6F, 0x70, 0x43, 0x6F, 0x64,
    0x65, 0x22, 0x3A, 0x20, 0x30, 0x2C, 0x0D, 0x0A, 0x20, 0x20, 0x20, 0x20, 0x20, 0x20, 0x20, 0x20,
    0x20, 0x20, 0x22, 0x6F, 0x70, 0x65, 0x72, 0x61, 0x6E, 0x64, 0x22, 0x3A, 0x20, 0x31, 0x2C, 0x0D,
    0x0A, 0x20, 0x20, 0x20, 0x20, 0x20, 0x20, 0x20, 0x20, 0x20, 0x20, 0x22, 0x69, 0x6C, 0x4F, 0x66,
    0x66, 0x73, 0x65, 0x74, 0x22, 0x3A, 0x20, 0x34, 0x38, 0x2C, 0x0D, 0x0A, 0x20, 0x20, 0x20, 0x20,
    0x20, 0x20, 0x20, 0x20, 0x20, 0x20, 0x22, 0x72, 0x65, 0x73, 0x75, 0x6C, 0x74, 0x54, 0x79, 0x70,
    0x65, 0x22, 0x3A, 0x20, 0x22, 0x53, 0x79, 0x73, 0x74, 0x65, 0x6D, 0x2E, 0x49, 0x6E, 0x74, 0x33,
    0x32, 0x22, 0x2C, 0x0D, 0x0A, 0x20, 0x20, 0x20, 0x20, 0x20, 0x20, 0x20, 0x20, 0x20, 0x20, 0x22,
    0x69, 0x73, 0x50, 0x72, 0x65, 0x73, 0x65, 0x72, 0x76, 0x65, 0x53, 0x69, 0x67, 0x22, 0x3A, 0x20,
    0x66, 0x61, 0x6C, 0x73, 0x65, 0x0D, 0x0A, 0x20, 0x20, 0x20, 0x20, 0x20, 0x20, 0x20, 0x20, 0x7D,
    0x2C, 0x0D, 0x0A, 0x20, 0x20, 0x20, 0x20, 0x20, 0x20, 0x20, 0x20, 0x7B, 0x0D, 0x0A, 0x20, 0x20,
    0x20, 0x20, 0x20, 0x20, 0x20, 0x20, 0x20, 0x20, 0x22, 0x6F, 0x70, 0x22, 0x3A, 0x20, 0x22, 0x73,
    0x74, 0x73, 0x66, 0x6C, 0x64, 0x22, 0x2C, 0x0D, 0x0A, 0x20, 0x20, 0x20, 0x20, 0x20, 0x20, 0x20,
    0x20, 0x20, 0x20, 0x22, 0x6F, 0x70, 0x43, 0x6F, 0x64, 0x65, 0x22, 0x3A, 0x20, 0x31, 0x33, 0x2C,
    0x0D, 0x0A, 0x20, 0x20, 0x20, 0x20, 0x20, 0x20, 0x20, 0x20, 0x20, 0x20, 0x22, 0x6F, 0x70, 0x65,
    0x72, 0x61, 0x6E, 0x64, 0x22, 0x3A, 0x20, 0x22, 0x41, 0x74, 0x74, 0x72, 0x69, 0x62, 0x75, 0x74,
    0x65, 0x73, 0x43, 0x75, 0x73, 0x74, 0x6F, 0x6D, 0x4D, 0x65, 0x74, 0x61, 0x64, 0x61, 0x74, 0x61,
    0x53, 0x75, 0x62, 0x6A, 0x65, 0x63, 0x74, 0x73, 0x2F, 0x41, 0x74, 0x74, 0x72, 0x69, 0x62, 0x75,
    0x74, 0x65, 0x73, 0x43, 0x75, 0x73, 0x74, 0x6F, 0x6D, 0x4D, 0x65, 0x74, 0x61, 0x64, 0x61, 0x74,
    0x61, 0x53, 0x75, 0x62, 0x6A, 0x65, 0x63, 0x74, 0x73, 0x3A, 0x3A, 0x5F, 0x65, 0x78, 0x69, 0x74,
    0x43, 0x6F, 0x64, 0x65, 0x22, 0x2C, 0x0D, 0x0A, 0x20, 0x20, 0x20, 0x20, 0x20, 0x20, 0x20, 0x20,
    0x20, 0x20, 0x22, 0x69, 0x6C, 0x4F, 0x66, 0x66, 0x73, 0x65, 0x74, 0x22, 0x3A, 0x20, 0x34, 0x39,
    0x2C, 0x0D, 0x0A, 0x20, 0x20, 0x20, 0x20, 0x20, 0x20, 0x20, 0x20, 0x20, 0x20, 0x22, 0x72, 0x65,
    0x73, 0x75, 0x6C, 0x74, 0x54, 0x79, 0x70, 0x65, 0x22, 0x3A, 0x20, 0x22, 0x53, 0x79, 0x73, 0x74,
    0x65, 0x6D, 0x2E, 0x56, 0x6F, 0x69, 0x64, 0x22, 0x2C, 0x0D, 0x0A, 0x20, 0x20, 0x20, 0x20, 0x20,
    0x20, 0x20, 0x20, 0x20, 0x20, 0x22, 0x72, 0x65, 0x66, 0x65, 0x72, 0x65, 0x6E, 0x63, 0x65, 0x22,
    0x3A, 0x20, 0x7B, 0x0D, 0x0A, 0x20, 0x20, 0x20, 0x20, 0x20, 0x20, 0x20, 0x20, 0x20, 0x20, 0x20,
    0x20, 0x22, 0x61, 0x73, 0x73, 0x65, 0x6D, 0x62, 0x6C, 0x79, 0x4E, 0x61, 0x6D, 0x65, 0x22, 0x3A,
    0x20, 0x22, 0x41, 0x74, 0x74, 0x72, 0x69, 0x62, 0x75, 0x74, 0x65, 0x73, 0x43, 0x75, 0x73, 0x74,
    0x6F, 0x6D, 0x4D, 0x65, 0x74, 0x61, 0x64, 0x61, 0x74, 0x61, 0x53, 0x75, 0x62, 0x6A, 0x65, 0x63,
    0x74, 0x73, 0x22, 0x2C, 0x0D, 0x0A, 0x20, 0x20, 0x20, 0x20, 0x20, 0x20, 0x20, 0x20, 0x20, 0x20,
    0x20, 0x20, 0x22, 0x73, 0x75, 0x62, 0x6A, 0x65, 0x63, 0x74, 0x4B, 0x69, 0x6E, 0x64, 0x22, 0x3A,
    0x20, 0x22, 0x66, 0x69, 0x65, 0x6C, 0x64, 0x22, 0x2C, 0x0D, 0x0A, 0x20, 0x20, 0x20, 0x20, 0x20,
    0x20, 0x20, 0x20, 0x20, 0x20, 0x20, 0x20, 0x22, 0x73, 0x75, 0x62, 0x6A, 0x65, 0x63, 0x74, 0x49,
    0x64, 0x22, 0x3A, 0x20, 0x22, 0x41, 0x74, 0x74, 0x72, 0x69, 0x62, 0x75, 0x74, 0x65, 0x73, 0x43,
    0x75, 0x73, 0x74, 0x6F, 0x6D, 0x4D, 0x65, 0x74, 0x61, 0x64, 0x61, 0x74, 0x61, 0x53, 0x75, 0x62,
    0x6A, 0x65, 0x63, 0x74, 0x73, 0x2F, 0x41, 0x74, 0x74, 0x72, 0x69, 0x62, 0x75, 0x74, 0x65, 0x73,
    0x43, 0x75, 0x73, 0x74, 0x6F, 0x6D, 0x4D, 0x65, 0x74, 0x61, 0x64, 0x61, 0x74, 0x61, 0x53, 0x75,
    0x62, 0x6A, 0x65, 0x63, 0x74, 0x73, 0x3A, 0x3A, 0x5F, 0x65, 0x78, 0x69, 0x74, 0x43, 0x6F, 0x64,
    0x65, 0x22, 0x0D, 0x0A, 0x20, 0x20, 0x20, 0x20, 0x20, 0x20, 0x20, 0x20, 0x20, 0x20, 0x7D, 0x2C,
    0x0D, 0x0A, 0x20, 0x20, 0x20, 0x20, 0x20, 0x20, 0x20, 0x20, 0x20, 0x20, 0x22, 0x74, 0x61, 0x72,
    0x67, 0x65, 0x74, 0x52, 0x65, 0x66, 0x65, 0x72, 0x65, 0x6E, 0x63, 0x65, 0x22, 0x3A, 0x20, 0x7B,
    0x0D, 0x0A, 0x20, 0x20, 0x20, 0x20, 0x20, 0x20, 0x20, 0x20, 0x20, 0x20, 0x20, 0x20, 0x22, 0x6B,
    0x69, 0x6E, 0x64, 0x22, 0x3A, 0x20, 0x32, 0x2C, 0x0D, 0x0A, 0x20, 0x20, 0x20, 0x20, 0x20, 0x20,
    0x20, 0x20, 0x20, 0x20, 0x20, 0x20, 0x22, 0x61, 0x73, 0x73, 0x65, 0x6D, 0x62, 0x6C, 0x79, 0x4E,
    0x61, 0x6D, 0x65, 0x22, 0x3A, 0x20, 0x22, 0x41, 0x74, 0x74, 0x72, 0x69, 0x62, 0x75, 0x74, 0x65,
    0x73, 0x43, 0x75, 0x73, 0x74, 0x6F, 0x6D, 0x4D, 0x65, 0x74, 0x61, 0x64, 0x61, 0x74, 0x61, 0x53,
    0x75, 0x62, 0x6A, 0x65, 0x63, 0x74, 0x73, 0x22, 0x2C, 0x0D, 0x0A, 0x20, 0x20, 0x20, 0x20, 0x20,
    0x20, 0x20, 0x20, 0x20, 0x20, 0x20, 0x20, 0x22, 0x73, 0x75, 0x62, 0x6A, 0x65, 0x63, 0x74, 0x49,
    0x64, 0x22, 0x3A, 0x20, 0x22, 0x41, 0x74, 0x74, 0x72, 0x69, 0x62, 0x75, 0x74, 0x65, 0x73, 0x43,
    0x75, 0x73, 0x74, 0x6F, 0x6D, 0x4D, 0x65, 0x74, 0x61, 0x64, 0x61, 0x74, 0x61, 0x53, 0x75, 0x62,
    0x6A, 0x65, 0x63, 0x74, 0x73, 0x2F, 0x41, 0x74, 0x74, 0x72, 0x69, 0x62, 0x75, 0x74, 0x65, 0x73,
    0x43, 0x75, 0x73, 0x74, 0x6F, 0x6D, 0x4D, 0x65, 0x74, 0x61, 0x64, 0x61, 0x74, 0x61, 0x53, 0x75,
    0x62, 0x6A, 0x65, 0x63, 0x74, 0x73, 0x3A, 0x3A, 0x5F, 0x65, 0x78, 0x69, 0x74, 0x43, 0x6F, 0x64,
    0x65, 0x22, 0x2C, 0x0D, 0x0A, 0x20, 0x20, 0x20, 0x20, 0x20, 0x20, 0x20, 0x20, 0x20, 0x20, 0x20,
    0x20, 0x22, 0x74, 0x79, 0x70, 0x65, 0x53, 0x68, 0x61, 0x70, 0x65, 0x22, 0x3A, 0x20, 0x30, 0x2C,
    0x0D, 0x0A, 0x20, 0x20, 0x20, 0x20, 0x20, 0x20, 0x20, 0x20, 0x20, 0x20, 0x20, 0x20, 0x22, 0x61,
    0x72, 0x72, 0x61, 0x79, 0x45, 0x6C, 0x65, 0x6D, 0x65, 0x6E, 0x74, 0x54, 0x79, 0x70, 0x65, 0x53,
    0x68, 0x61, 0x70, 0x65, 0x22, 0x3A, 0x20, 0x30, 0x2C, 0x0D, 0x0A, 0x20, 0x20, 0x20, 0x20, 0x20,
    0x20, 0x20, 0x20, 0x20, 0x20, 0x20, 0x20, 0x22, 0x69, 0x73, 0x53, 0x65, 0x61, 0x6C, 0x65, 0x64,
    0x22, 0x3A, 0x20, 0x66, 0x61, 0x6C, 0x73, 0x65, 0x2C, 0x0D, 0x0A, 0x20, 0x20, 0x20, 0x20, 0x20,
    0x20, 0x20, 0x20, 0x20, 0x20, 0x20, 0x20, 0x22, 0x69, 0x73, 0x43, 0x6F, 0x6D, 0x49, 0x6D, 0x70,
    0x6F, 0x72, 0x74, 0x22, 0x3A, 0x20, 0x66, 0x61, 0x6C, 0x73, 0x65, 0x2C, 0x0D, 0x0A, 0x20, 0x20,
    0x20, 0x20, 0x20, 0x20, 0x20, 0x20, 0x20, 0x20, 0x20, 0x20, 0x22, 0x63, 0x6F, 0x6D, 0x49, 0x6E,
    0x74, 0x65, 0x72, 0x66, 0x61, 0x63, 0x65, 0x54, 0x79, 0x70, 0x65, 0x4B, 0x69, 0x6E, 0x64, 0x22,
    0x3A, 0x20, 0x30, 0x2C, 0x0D, 0x0A, 0x20, 0x20, 0x20, 0x20, 0x20, 0x20, 0x20, 0x20, 0x20, 0x20,
    0x20, 0x20, 0x22, 0x64, 0x65, 0x63, 0x6C, 0x61, 0x72, 0x69, 0x6E, 0x67, 0x54, 0x79, 0x70, 0x65,
    0x53, 0x75, 0x62, 0x6A, 0x65, 0x63, 0x74, 0x49, 0x64, 0x22, 0x3A, 0x20, 0x22, 0x41, 0x74, 0x74,
    0x72, 0x69, 0x62, 0x75, 0x74, 0x65, 0x73, 0x43, 0x75, 0x73, 0x74, 0x6F, 0x6D, 0x4D, 0x65, 0x74,
    0x61, 0x64, 0x61, 0x74, 0x61, 0x53, 0x75, 0x62, 0x6A, 0x65, 0x63, 0x74, 0x73, 0x2F, 0x41, 0x74,
    0x74, 0x72, 0x69, 0x62, 0x75, 0x74, 0x65, 0x73, 0x43, 0x75, 0x73, 0x74, 0x6F, 0x6D, 0x4D, 0x65,
    0x74, 0x61, 0x64, 0x61, 0x74, 0x61, 0x53, 0x75, 0x62, 0x6A, 0x65, 0x63, 0x74, 0x73, 0x22, 0x2C,
    0x0D, 0x0A, 0x20, 0x20, 0x20, 0x20, 0x20, 0x20, 0x20, 0x20, 0x20, 0x20, 0x20, 0x20, 0x22, 0x64,
    0x65, 0x63, 0x6C, 0x61, 0x72, 0x69, 0x6E, 0x67, 0x54, 0x79, 0x70, 0x65, 0x53, 0x68, 0x61, 0x70,
    0x65, 0x22, 0x3A, 0x20, 0x31, 0x2C, 0x0D, 0x0A, 0x20, 0x20, 0x20, 0x20, 0x20, 0x20, 0x20, 0x20,
    0x20, 0x20, 0x20, 0x20, 0x22, 0x66, 0x69, 0x65, 0x6C, 0x64, 0x54, 0x79, 0x70, 0x65, 0x53, 0x75,
    0x62, 0x6A, 0x65, 0x63, 0x74, 0x49, 0x64, 0x22, 0x3A, 0x20, 0x22, 0x53, 0x79, 0x73, 0x74, 0x65,
    0x6D, 0x2E, 0x49, 0x6E, 0x74, 0x33, 0x32, 0x22, 0x0D, 0x0A, 0x20, 0x20, 0x20, 0x20, 0x20, 0x20,
    0x20, 0x20, 0x20, 0x20, 0x7D, 0x2C, 0x0D, 0x0A, 0x20, 0x20, 0x20, 0x20, 0x20, 0x20, 0x20, 0x20,
    0x20, 0x20, 0x22, 0x72, 0x75, 0x6E, 0x74, 0x69, 0x6D, 0x65, 0x53, 0x65, 0x72, 0x76, 0x69, 0x63,
    0x65, 0x4B, 0x69, 0x6E, 0x64, 0x22, 0x3A, 0x20, 0x35, 0x2C, 0x0D, 0x0A, 0x20, 0x20, 0x20, 0x20,
    0x20, 0x20, 0x20, 0x20, 0x20, 0x20, 0x22, 0x69, 0x73, 0x50, 0x72, 0x65, 0x73, 0x65, 0x72, 0x76,
    0x65, 0x53, 0x69, 0x67, 0x22, 0x3A, 0x20, 0x66, 0x61, 0x6C, 0x73, 0x65, 0x0D, 0x0A, 0x20, 0x20,
    0x20, 0x20, 0x20, 0x20, 0x20, 0x20, 0x7D, 0x2C, 0x0D, 0x0A, 0x20, 0x20, 0x20, 0x20, 0x20, 0x20,
    0x20, 0x20, 0x7B, 0x0D, 0x0A, 0x20, 0x20, 0x20, 0x20, 0x20, 0x20, 0x20, 0x20, 0x20, 0x20, 0x22,
    0x6F, 0x70, 0x22, 0x3A, 0x20, 0x22, 0x72, 0x65, 0x74, 0x22, 0x2C, 0x0D, 0x0A, 0x20, 0x20, 0x20,
    0x20, 0x20, 0x20, 0x20, 0x20, 0x20, 0x20, 0x22, 0x6F, 0x70, 0x43, 0x6F, 0x64, 0x65, 0x22, 0x3A,
    0x20, 0x35, 0x33, 0x2C, 0x0D, 0x0A, 0x20, 0x20, 0x20, 0x20, 0x20, 0x20, 0x20, 0x20, 0x20, 0x20,
    0x22, 0x69, 0x6C, 0x4F, 0x66, 0x66, 0x73, 0x65, 0x74, 0x22, 0x3A, 0x20, 0x35, 0x34, 0x2C, 0x0D,
    0x0A, 0x20, 0x20, 0x20, 0x20, 0x20, 0x20, 0x20, 0x20, 0x20, 0x20, 0x22, 0x69, 0x73, 0x50, 0x72,
    0x65, 0x73, 0x65, 0x72, 0x76, 0x65, 0x53, 0x69, 0x67, 0x22, 0x3A, 0x20, 0x66, 0x61, 0x6C, 0x73,
    0x65, 0x0D, 0x0A, 0x20, 0x20, 0x20, 0x20, 0x20, 0x20, 0x20, 0x20, 0x7D, 0x0D, 0x0A, 0x20, 0x20,
    0x20, 0x20, 0x20, 0x20, 0x5D, 0x2C, 0x0D, 0x0A, 0x20, 0x20, 0x20, 0x20, 0x20, 0x20, 0x22, 0x69,
    0x73, 0x50, 0x49, 0x6E, 0x76, 0x6F, 0x6B, 0x65, 0x22, 0x3A, 0x20, 0x66, 0x61, 0x6C, 0x73, 0x65,
    0x2C, 0x0D, 0x0A, 0x20, 0x20, 0x20, 0x20, 0x20, 0x20, 0x22, 0x69, 0x73, 0x55, 0x6E, 0x6D, 0x61,
    0x6E, 0x61, 0x67, 0x65, 0x64, 0x43, 0x61, 0x6C, 0x6C, 0x65, 0x72, 0x73, 0x4F, 0x6E, 0x6C, 0x79,
    0x22, 0x3A, 0x20, 0x66, 0x61, 0x6C, 0x73, 0x65, 0x2C, 0x0D, 0x0A, 0x20, 0x20, 0x20, 0x20, 0x20,
    0x20, 0x22, 0x69, 0x6D, 0x70, 0x6F, 0x72, 0x74, 0x43, 0x61, 0x6C, 0x6C, 0x69, 0x6E, 0x67, 0x43,
    0x6F, 0x6E, 0x76, 0x65, 0x6E, 0x74, 0x69, 0x6F, 0x6E, 0x22, 0x3A, 0x20, 0x30, 0x2C, 0x0D, 0x0A,
    0x20, 0x20, 0x20, 0x20, 0x20, 0x20, 0x22, 0x69, 0x6D, 0x70, 0x6F, 0x72, 0x74, 0x43, 0x68, 0x61,
    0x72, 0x53, 0x65, 0x74, 0x22, 0x3A, 0x20, 0x30, 0x2C, 0x0D, 0x0A, 0x20, 0x20, 0x20, 0x20, 0x20,
    0x20, 0x22, 0x69, 0x6D, 0x70, 0x6F, 0x72, 0x74, 0x53, 0x65, 0x74, 0x4C, 0x61, 0x73, 0x74, 0x45,
    0x72, 0x72, 0x6F, 0x72, 0x22, 0x3A, 0x20, 0x66, 0x61, 0x6C, 0x73, 0x65, 0x2C, 0x0D, 0x0A, 0x20,
    0x20, 0x20, 0x20, 0x20, 0x20, 0x22, 0x69, 0x73, 0x49, 0x6E, 0x74, 0x65, 0x72, 0x6E, 0x61, 0x6C,
    0x4C, 0x69, 0x6E, 0x6B, 0x22, 0x3A, 0x20, 0x66, 0x61, 0x6C, 0x73, 0x65, 0x2C, 0x0D, 0x0A, 0x20,
    0x20, 0x20, 0x20, 0x20, 0x20, 0x22, 0x69, 0x73, 0x53, 0x75, 0x70, 0x70, 0x72, 0x65, 0x73, 0x73,
    0x47, 0x43, 0x54, 0x72, 0x61, 0x6E, 0x73, 0x69, 0x74, 0x69, 0x6F, 0x6E, 0x22, 0x3A, 0x20, 0x66,
    0x61, 0x6C, 0x73, 0x65, 0x2C, 0x0D, 0x0A, 0x20, 0x20, 0x20, 0x20, 0x20, 0x20, 0x22, 0x68, 0x61,
    0x73, 0x42, 0x6C, 0x69, 0x74, 0x74, 0x61, 0x62, 0x6C, 0x65, 0x53, 0x74, 0x72, 0x75, 0x63, 0x74,
    0x52, 0x65, 0x74, 0x75, 0x72, 0x6E, 0x22, 0x3A, 0x20, 0x66, 0x61, 0x6C, 0x73, 0x65, 0x2C, 0x0D,
    0x0A, 0x20, 0x20, 0x20, 0x20, 0x20, 0x20, 0x22, 0x64, 0x65, 0x63, 0x6C, 0x61, 0x72, 0x69, 0x6E,
    0x67, 0x41, 0x73, 0x73, 0x65, 0x6D, 0x62, 0x6C, 0x79, 0x4E, 0x61, 0x6D, 0x65, 0x22, 0x3A, 0x20,
    0x22, 0x41, 0x74, 0x74, 0x72, 0x69, 0x62, 0x75, 0x74, 0x65, 0x73, 0x43, 0x75, 0x73, 0x74, 0x6F,
    0x6D, 0x4D, 0x65, 0x74, 0x61, 0x64, 0x61, 0x74, 0x61, 0x53, 0x75, 0x62, 0x6A, 0x65, 0x63, 0x74,
    0x73, 0x22, 0x0D, 0x0A, 0x20, 0x20, 0x20, 0x20, 0x7D, 0x00, 0x7B, 0x0D, 0x0A, 0x20, 0x20, 0x20,
    0x20, 0x20, 0x20, 0x22, 0x6D, 0x65, 0x74, 0x68, 0x6F, 0x64, 0x49, 0x64, 0x22, 0x3A, 0x20, 0x22,
    0x61, 0x74, 0x74, 0x72, 0x69, 0x62, 0x75, 0x74, 0x65, 0x73, 0x2D, 0x63, 0x75, 0x73, 0x74, 0x6F,
    0x6D, 0x2D, 0x6D, 0x65, 0x74, 0x61, 0x64, 0x61, 0x74, 0x61, 0x2D, 0x73, 0x75, 0x62, 0x6A, 0x65,
    0x63, 0x74, 0x73, 0x2E, 0x61, 0x74, 0x74, 0x72, 0x69, 0x62, 0x75, 0x74, 0x65, 0x73, 0x2D, 0x63,
    0x75, 0x73, 0x74, 0x6F, 0x6D, 0x2D, 0x6D, 0x65, 0x74, 0x61, 0x64, 0x61, 0x74, 0x61, 0x2D, 0x73,
    0x75, 0x62, 0x6A, 0x65, 0x63, 0x74, 0x73, 0x2E, 0x73, 0x75, 0x62, 0x6A, 0x65, 0x63, 0x74, 0x2D,
    0x36, 0x22, 0x2C, 0x0D, 0x0A, 0x20, 0x20, 0x20, 0x20, 0x20, 0x20, 0x22, 0x73, 0x75, 0x62, 0x6A,
    0x65, 0x63, 0x74, 0x49, 0x64, 0x22, 0x3A, 0x20, 0x22, 0x41, 0x74, 0x74, 0x72, 0x69, 0x62, 0x75,
    0x74, 0x65, 0x73, 0x43, 0x75, 0x73, 0x74, 0x6F, 0x6D, 0x4D, 0x65, 0x74, 0x61, 0x64, 0x61, 0x74,
    0x61, 0x53, 0x75, 0x62, 0x6A, 0x65, 0x63, 0x74, 0x73, 0x2F, 0x41, 0x74, 0x74, 0x72, 0x69, 0x62,
    0x75, 0x74, 0x65, 0x73, 0x43, 0x75, 0x73, 0x74, 0x6F, 0x6D, 0x4D, 0x65, 0x74, 0x61, 0x64, 0x61,
    0x74, 0x61, 0x53, 0x75, 0x62, 0x6A, 0x65, 0x63, 0x74, 0x73, 0x3A, 0x3A, 0x53, 0x75, 0x62, 0x6A,
    0x65, 0x63, 0x74, 0x5F, 0x36, 0x3A, 0x53, 0x79, 0x73, 0x74, 0x65, 0x6D, 0x2E, 0x56, 0x6F, 0x69,
    0x64, 0x28, 0x29, 0x22, 0x2C, 0x0D, 0x0A, 0x20, 0x20, 0x20, 0x20, 0x20, 0x20, 0x22, 0x73, 0x69,
    0x67, 0x6E, 0x61, 0x74, 0x75, 0x72, 0x65, 0x22, 0x3A, 0x20, 0x22, 0x53, 0x79, 0x73, 0x74, 0x65,
    0x6D, 0x2E, 0x56, 0x6F, 0x69, 0x64, 0x20, 0x41, 0x74, 0x74, 0x72, 0x69, 0x62, 0x75, 0x74, 0x65,
    0x73, 0x43, 0x75, 0x73, 0x74, 0x6F, 0x6D, 0x4D, 0x65, 0x74, 0x61, 0x64, 0x61, 0x74, 0x61, 0x53,
    0x75, 0x62, 0x6A, 0x65, 0x63, 0x74, 0x73, 0x3A, 0x3A, 0x53, 0x75, 0x62, 0x6A, 0x65, 0x63, 0x74,
    0x5F, 0x36, 0x28, 0x29, 0x22, 0x2C, 0x0D, 0x0A, 0x20, 0x20, 0x20, 0x20, 0x20, 0x20, 0x22, 0x69,
    0x64, 0x65, 0x6E, 0x74, 0x69, 0x74, 0x79, 0x22, 0x3A, 0x20, 0x7B, 0x0D, 0x0A, 0x20, 0x20, 0x20,
    0x20, 0x20, 0x20, 0x20, 0x20, 0x22, 0x61, 0x73, 0x73, 0x65, 0x6D, 0x62, 0x6C, 0x79, 0x4E, 0x61,
    0x6D, 0x65, 0x22, 0x3A, 0x20, 0x22, 0x41, 0x74, 0x74, 0x72, 0x69, 0x62, 0x75, 0x74, 0x65, 0x73,
    0x43, 0x75, 0x73, 0x74, 0x6F, 0x6D, 0x4D, 0x65, 0x74, 0x61, 0x64, 0x61, 0x74, 0x61, 0x53, 0x75,
    0x62, 0x6A, 0x65, 0x63, 0x74, 0x73, 0x22, 0x2C, 0x0D, 0x0A, 0x20, 0x20, 0x20, 0x20, 0x20, 0x20,
    0x20, 0x20, 0x22, 0x64, 0x65, 0x63, 0x6C, 0x61, 0x72, 0x69, 0x6E, 0x67, 0x54, 0x79, 0x70, 0x65,
    0x53, 0x75, 0x62, 0x6A, 0x65, 0x63, 0x74, 0x49, 0x64, 0x22, 0x3A, 0x20, 0x22, 0x41, 0x74, 0x74,
    0x72, 0x69, 0x62, 0x75, 0x74, 0x65, 0x73, 0x43, 0x75, 0x73, 0x74, 0x6F, 0x6D, 0x4D, 0x65, 0x74,
    0x61, 0x64, 0x61, 0x74, 0x61, 0x53, 0x75, 0x62, 0x6A, 0x65, 0x63, 0x74, 0x73, 0x2F, 0x41, 0x74,
    0x74, 0x72, 0x69, 0x62, 0x75, 0x74, 0x65, 0x73, 0x43, 0x75, 0x73, 0x74, 0x6F, 0x6D, 0x4D, 0x65,
    0x74, 0x61, 0x64, 0x61, 0x74, 0x61, 0x53, 0x75, 0x62, 0x6A, 0x65, 0x63, 0x74, 0x73, 0x22, 0x2C,
    0x0D, 0x0A, 0x20, 0x20, 0x20, 0x20, 0x20, 0x20, 0x20, 0x20, 0x22, 0x64, 0x65, 0x66, 0x69, 0x6E,
    0x69, 0x74, 0x69, 0x6F, 0x6E, 0x53, 0x75, 0x62, 0x6A, 0x65, 0x63, 0x74, 0x49, 0x64, 0x22, 0x3A,
    0x20, 0x22, 0x41, 0x74, 0x74, 0x72, 0x69, 0x62, 0x75, 0x74, 0x65, 0x73, 0x43, 0x75, 0x73, 0x74,
    0x6F, 0x6D, 0x4D, 0x65, 0x74, 0x61, 0x64, 0x61, 0x74, 0x61, 0x53, 0x75, 0x62, 0x6A, 0x65, 0x63,
    0x74, 0x73, 0x2F, 0x41, 0x74, 0x74, 0x72, 0x69, 0x62, 0x75, 0x74, 0x65, 0x73, 0x43, 0x75, 0x73,
    0x74, 0x6F, 0x6D, 0x4D, 0x65, 0x74, 0x61, 0x64, 0x61, 0x74, 0x61, 0x53, 0x75, 0x62, 0x6A, 0x65,
    0x63, 0x74, 0x73, 0x3A, 0x3A, 0x53, 0x75, 0x62, 0x6A, 0x65, 0x63, 0x74, 0x5F, 0x36, 0x3A, 0x53,
    0x79, 0x73, 0x74, 0x65, 0x6D, 0x2E, 0x56, 0x6F, 0x69, 0x64, 0x28, 0x29, 0x22, 0x2C, 0x0D, 0x0A,
    0x20, 0x20, 0x20, 0x20, 0x20, 0x20, 0x20, 0x20, 0x22, 0x73, 0x75, 0x62, 0x6A, 0x65, 0x63, 0x74,
    0x49, 0x64, 0x22, 0x3A, 0x20, 0x22, 0x41, 0x74, 0x74, 0x72, 0x69, 0x62, 0x75, 0x74, 0x65, 0x73,
    0x43, 0x75, 0x73, 0x74, 0x6F, 0x6D, 0x4D, 0x65, 0x74, 0x61, 0x64, 0x61, 0x74, 0x61, 0x53, 0x75,
    0x62, 0x6A, 0x65, 0x63, 0x74, 0x73, 0x2F, 0x41, 0x74, 0x74, 0x72, 0x69, 0x62, 0x75, 0x74, 0x65,
    0x73, 0x43, 0x75, 0x73, 0x74, 0x6F, 0x6D, 0x4D, 0x65, 0x74, 0x61, 0x64, 0x61, 0x74, 0x61, 0x53,
    0x75, 0x62, 0x6A, 0x65, 0x63, 0x74, 0x73, 0x3A, 0x3A, 0x53, 0x75, 0x62, 0x6A, 0x65, 0x63, 0x74,
    0x5F, 0x36, 0x3A, 0x53, 0x79, 0x73, 0x74, 0x65, 0x6D, 0x2E, 0x56, 0x6F, 0x69, 0x64, 0x28, 0x29,
    0x22, 0x2C, 0x0D, 0x0A, 0x20, 0x20, 0x20, 0x20, 0x20, 0x20, 0x20, 0x20, 0x22, 0x6D, 0x65, 0x74,
    0x68, 0x6F, 0x64, 0x49, 0x64, 0x22, 0x3A, 0x20, 0x22, 0x61, 0x74, 0x74, 0x72, 0x69, 0x62, 0x75,
    0x74, 0x65, 0x73, 0x2D, 0x63, 0x75, 0x73, 0x74, 0x6F, 0x6D, 0x2D, 0x6D, 0x65, 0x74, 0x61, 0x64,
    0x61, 0x74, 0x61, 0x2D, 0x73, 0x75, 0x62, 0x6A, 0x65, 0x63, 0x74, 0x73, 0x2E, 0x61, 0x74, 0x74,
    0x72, 0x69, 0x62, 0x75, 0x74, 0x65, 0x73, 0x2D, 0x63, 0x75, 0x73, 0x74, 0x6F, 0x6D, 0x2D, 0x6D,
    0x65, 0x74, 0x61, 0x64, 0x61, 0x74, 0x61, 0x2D, 0x73, 0x75, 0x62, 0x6A, 0x65, 0x63, 0x74, 0x73,
    0x2E, 0x73, 0x75, 0x62, 0x6A, 0x65, 0x63, 0x74, 0x2D, 0x36, 0x22, 0x2C, 0x0D, 0x0A, 0x20, 0x20,
    0x20, 0x20, 0x20, 0x20, 0x20, 0x20, 0x22, 0x73, 0x69, 0x67, 0x6E, 0x61, 0x74, 0x75, 0x72, 0x65,
    0x22, 0x3A, 0x20, 0x22, 0x53, 0x79, 0x73, 0x74, 0x65, 0x6D, 0x2E, 0x56, 0x6F, 0x69, 0x64, 0x20,
    0x41, 0x74, 0x74, 0x72, 0x69, 0x62, 0x75, 0x74, 0x65, 0x73, 0x43, 0x75, 0x73, 0x74, 0x6F, 0x6D,
    0x4D, 0x65, 0x74, 0x61, 0x64, 0x61, 0x74, 0x61, 0x53, 0x75, 0x62, 0x6A, 0x65, 0x63, 0x74, 0x73,
    0x3A, 0x3A, 0x53, 0x75, 0x62, 0x6A, 0x65, 0x63, 0x74, 0x5F, 0x36, 0x28, 0x29, 0x22, 0x0D, 0x0A,
    0x20, 0x20, 0x20, 0x20, 0x20, 0x20, 0x7D, 0x2C, 0x0D, 0x0A, 0x20, 0x20, 0x20, 0x20, 0x20, 0x20,
    0x22, 0x6E, 0x61, 0x74, 0x69, 0x76, 0x65, 0x53, 0x79, 0x6D, 0x62, 0x6F, 0x6C, 0x22, 0x3A, 0x20,
    0x22, 0x41, 0x74, 0x74, 0x72, 0x69, 0x62, 0x75, 0x74, 0x65, 0x73, 0x43, 0x75, 0x73, 0x74, 0x6F,
    0x6D, 0x4D, 0x65, 0x74, 0x61, 0x64, 0x61, 0x74, 0x61, 0x53, 0x75, 0x62, 0x6A, 0x65, 0x63, 0x74,
    0x73, 0x5F, 0x41, 0x74, 0x74, 0x72, 0x69, 0x62, 0x75, 0x74, 0x65, 0x73, 0x43, 0x75, 0x73, 0x74,
    0x6F, 0x6D, 0x4D, 0x65, 0x74, 0x61, 0x64, 0x61, 0x74, 0x61, 0x53, 0x75, 0x62, 0x6A, 0x65, 0x63,
    0x74, 0x73, 0x5F, 0x53, 0x75, 0x62, 0x6A, 0x65, 0x63, 0x74, 0x5F, 0x36, 0x22, 0x2C, 0x0D, 0x0A,
    0x20, 0x20, 0x20, 0x20, 0x20, 0x20, 0x22, 0x69, 0x73, 0x53, 0x74, 0x61, 0x74, 0x69, 0x63, 0x22,
    0x3A, 0x20, 0x74, 0x72, 0x75, 0x65, 0x2C, 0x0D, 0x0A, 0x20, 0x20, 0x20, 0x20, 0x20, 0x20, 0x22,
    0x72, 0x65, 0x74, 0x75, 0x72, 0x6E, 0x54, 0x79, 0x70, 0x65, 0x22, 0x3A, 0x20, 0x22, 0x53, 0x79,
    0x73, 0x74, 0x65, 0x6D, 0x2E, 0x56, 0x6F, 0x69, 0x64, 0x22, 0x2C, 0x0D, 0x0A, 0x20, 0x20, 0x20,
    0x20, 0x20, 0x20, 0x22, 0x72, 0x65, 0x74, 0x75, 0x72, 0x6E, 0x41, 0x62, 0x69, 0x22, 0x3A, 0x20,
    0x7B, 0x0D, 0x0A, 0x20, 0x20, 0x20, 0x20, 0x20, 0x20, 0x20, 0x20, 0x22, 0x63, 0x61, 0x72, 0x72,
    0x69, 0x65, 0x72, 0x4B, 0x69, 0x6E, 0x64, 0x43, 0x6F, 0x64, 0x65, 0x22, 0x3A, 0x20, 0x30, 0x2C,
    0x0D, 0x0A, 0x20, 0x20, 0x20, 0x20, 0x20, 0x20, 0x20, 0x20, 0x22, 0x74, 0x79, 0x70, 0x65, 0x53,
    0x68, 0x61, 0x70, 0x65, 0x22, 0x3A, 0x20, 0x31, 0x0D, 0x0A, 0x20, 0x20, 0x20, 0x20, 0x20, 0x20,
    0x7D, 0x2C, 0x0D, 0x0A, 0x20, 0x20, 0x20, 0x20, 0x20, 0x20, 0x22, 0x70, 0x61, 0x72, 0x61, 0x6D,
    0x65, 0x74, 0x65, 0x72, 0x43, 0x6F, 0x75, 0x6E, 0x74, 0x22, 0x3A, 0x20, 0x30, 0x2C, 0x0D, 0x0A,
    0x20, 0x20, 0x20, 0x20, 0x20, 0x20, 0x22, 0x70, 0x61, 0x72, 0x61, 0x6D, 0x65, 0x74, 0x65, 0x72,
    0x41, 0x62, 0x69, 0x73, 0x22, 0x3A, 0x20, 0x5B, 0x5D, 0x2C, 0x0D, 0x0A, 0x20, 0x20, 0x20, 0x20,
    0x20, 0x20, 0x22, 0x6C, 0x6F, 0x63, 0x61, 0x6C, 0x43, 0x6F, 0x75, 0x6E, 0x74, 0x22, 0x3A, 0x20,
    0x31, 0x2C, 0x0D, 0x0A, 0x20, 0x20, 0x20, 0x20, 0x20, 0x20, 0x22, 0x65, 0x78, 0x63, 0x65, 0x70,
    0x74, 0x69, 0x6F, 0x6E, 0x52, 0x65, 0x67, 0x69, 0x6F, 0x6E, 0x43, 0x6F, 0x75, 0x6E, 0x74, 0x22,
    0x3A, 0x20, 0x30, 0x2C, 0x0D, 0x0A, 0x20, 0x20, 0x20, 0x20, 0x20, 0x20, 0x22, 0x65, 0x78, 0x63,
    0x65, 0x70, 0x74, 0x69, 0x6F, 0x6E, 0x52, 0x65, 0x67, 0x69, 0x6F, 0x6E, 0x73, 0x22, 0x3A, 0x20,
    0x5B, 0x5D, 0x2C, 0x0D, 0x0A, 0x20, 0x20, 0x20, 0x20, 0x20, 0x20, 0x22, 0x69, 0x6E, 0x73, 0x74,
    0x72, 0x75, 0x63, 0x74, 0x69, 0x6F, 0x6E, 0x73, 0x22, 0x3A, 0x20, 0x5B, 0x0D, 0x0A, 0x20, 0x20,
    0x20, 0x20, 0x20, 0x20, 0x20, 0x20, 0x7B, 0x0D, 0x0A, 0x20, 0x20, 0x20, 0x20, 0x20, 0x20, 0x20,
    0x20, 0x20, 0x20, 0x22, 0x6F, 0x70, 0x22, 0x3A, 0x20, 0x22, 0x6C, 0x64, 0x74, 0x6F, 0x6B, 0x65,
    0x6E, 0x22, 0x2C, 0x0D, 0x0A, 0x20, 0x20, 0x20, 0x20, 0x20, 0x20, 0x20, 0x20, 0x20, 0x20, 0x22,
    0x6F, 0x70, 0x43, 0x6F, 0x64, 0x65, 0x22, 0x3A, 0x20, 0x37, 0x30, 0x2C, 0x0D, 0x0A, 0x20, 0x20,
    0x20, 0x20, 0x20, 0x20, 0x20, 0x20, 0x20, 0x20, 0x22, 0x6F, 0x70, 0x65, 0x72, 0x61, 0x6E, 0x64,
    0x22, 0x3A, 0x20, 0x22, 0x53, 0x79, 0x73, 0x74, 0x65, 0x6D, 0x2E, 0x50, 0x72, 0x69, 0x76, 0x61,
    0x74, 0x65, 0x2E, 0x43, 0x6F, 0x72, 0x65, 0x4C, 0x69, 0x62, 0x2F, 0x53, 0x79, 0x73, 0x74, 0x65,
    0x6D, 0x2E, 0x42, 0x79, 0x74, 0x65, 0x22, 0x2C, 0x0D, 0x0A, 0x20, 0x20, 0x20, 0x20, 0x20, 0x20,
    0x20, 0x20, 0x20, 0x20, 0x22, 0x69, 0x6C, 0x4F, 0x66, 0x66, 0x73, 0x65, 0x74, 0x22, 0x3A, 0x20,
    0x31, 0x2C, 0x0D, 0x0A, 0x20, 0x20, 0x20, 0x20, 0x20, 0x20, 0x20, 0x20, 0x20, 0x20, 0x22, 0x72,
    0x65, 0x73, 0x75, 0x6C, 0x74, 0x54, 0x79, 0x70, 0x65, 0x22, 0x3A, 0x20, 0x22, 0x53, 0x79, 0x73,
    0x74, 0x65, 0x6D, 0x2E, 0x52, 0x75, 0x6E, 0x74, 0x69, 0x6D, 0x65, 0x54, 0x79, 0x70, 0x65, 0x48,
    0x61, 0x6E, 0x64, 0x6C, 0x65, 0x22, 0x2C, 0x0D, 0x0A, 0x20, 0x20, 0x20, 0x20, 0x20, 0x20, 0x20,
    0x20, 0x20, 0x20, 0x22, 0x72, 0x65, 0x66, 0x65, 0x72, 0x65, 0x6E, 0x63, 0x65, 0x22, 0x3A, 0x20,
    0x7B, 0x0D, 0x0A, 0x20, 0x20, 0x20, 0x20, 0x20, 0x20, 0x20, 0x20, 0x20, 0x20, 0x20, 0x20, 0x22,
    0x61, 0x73, 0x73, 0x65, 0x6D, 0x62, 0x6C, 0x79, 0x4E, 0x61, 0x6D, 0x65, 0x22, 0x3A, 0x20, 0x22,
    0x53, 0x79, 0x73, 0x74, 0x65, 0x6D, 0x2E, 0x50, 0x72, 0x69, 0x76, 0x61, 0x74, 0x65, 0x2E, 0x43,
    0x6F, 0x72, 0x65, 0x4C, 0x69, 0x62, 0x22, 0x2C, 0x0D, 0x0A, 0x20, 0x20, 0x20, 0x20, 0x20, 0x20,
    0x20, 0x20, 0x20, 0x20, 0x20, 0x20, 0x22, 0x73, 0x75, 0x62, 0x6A, 0x65, 0x63, 0x74, 0x4B, 0x69,
    0x6E, 0x64, 0x22, 0x3A, 0x20, 0x22, 0x74, 0x79, 0x70, 0x65, 0x22, 0x2C, 0x0D, 0x0A, 0x20, 0x20,
    0x20, 0x20, 0x20, 0x20, 0x20, 0x20, 0x20, 0x20, 0x20, 0x20, 0x22, 0x73, 0x75, 0x62, 0x6A, 0x65,
    0x63, 0x74, 0x49, 0x64, 0x22, 0x3A, 0x20, 0x22, 0x53, 0x79, 0x73, 0x74, 0x65, 0x6D, 0x2E, 0x50,
    0x72, 0x69, 0x76, 0x61, 0x74, 0x65, 0x2E, 0x43, 0x6F, 0x72, 0x65, 0x4C, 0x69, 0x62, 0x2F, 0x53,
    0x79, 0x73, 0x74, 0x65, 0x6D, 0x2E, 0x42, 0x79, 0x74, 0x65, 0x22, 0x0D, 0x0A, 0x20, 0x20, 0x20,
    0x20, 0x20, 0x20, 0x20, 0x20, 0x20, 0x20, 0x7D, 0x2C, 0x0D, 0x0A, 0x20, 0x20, 0x20, 0x20, 0x20,
    0x20, 0x20, 0x20, 0x20, 0x20, 0x22, 0x74, 0x61, 0x72, 0x67, 0x65, 0x74, 0x52, 0x65, 0x66, 0x65,
    0x72, 0x65, 0x6E, 0x63, 0x65, 0x22, 0x3A, 0x20, 0x7B, 0x0D, 0x0A, 0x20, 0x20, 0x20, 0x20, 0x20,
    0x20, 0x20, 0x20, 0x20, 0x20, 0x20, 0x20, 0x22, 0x6B, 0x69, 0x6E, 0x64, 0x22, 0x3A, 0x20, 0x31,
    0x2C, 0x0D, 0x0A, 0x20, 0x20, 0x20, 0x20, 0x20, 0x20, 0x20, 0x20, 0x20, 0x20, 0x20, 0x20, 0x22,
    0x61, 0x73, 0x73, 0x65, 0x6D, 0x62, 0x6C, 0x79, 0x4E, 0x61, 0x6D, 0x65, 0x22, 0x3A, 0x20, 0x22,
    0x53, 0x79, 0x73, 0x74, 0x65, 0x6D, 0x2E, 0x50, 0x72, 0x69, 0x76, 0x61, 0x74, 0x65, 0x2E, 0x43,
    0x6F, 0x72, 0x65, 0x4C, 0x69, 0x62, 0x22, 0x2C, 0x0D, 0x0A, 0x20, 0x20, 0x20, 0x20, 0x20, 0x20,
    0x20, 0x20, 0x20, 0x20, 0x20, 0x20, 0x22, 0x73, 0x75, 0x62, 0x6A, 0x65, 0x63, 0x74, 0x49, 0x64,
    0x22, 0x3A, 0x20, 0x22, 0x53, 0x79, 0x73, 0x74, 0x65, 0x6D, 0x2E, 0x50, 0x72, 0x69, 0x76, 0x61,
    0x74, 0x65, 0x2E, 0x43, 0x6F, 0x72, 0x65, 0x4C, 0x69, 0x62, 0x2F, 0x53, 0x79, 0x73, 0x74, 0x65,
    0x6D, 0x2E, 0x42, 0x79, 0x74, 0x65, 0x22, 0x2C, 0x0D, 0x0A, 0x20, 0x20, 0x20, 0x20, 0x20, 0x20,
    0x20, 0x20, 0x20, 0x20, 0x20, 0x20, 0x22, 0x74, 0x79, 0x70, 0x65, 0x53, 0x68, 0x61, 0x70, 0x65,
    0x22, 0x3A, 0x20, 0x31, 0x2C, 0x0D, 0x0A, 0x20, 0x20, 0x20, 0x20, 0x20, 0x20, 0x20, 0x20, 0x20,
    0x20, 0x20, 0x20, 0x22, 0x61, 0x72, 0x72, 0x61, 0x79, 0x45, 0x6C, 0x65, 0x6D, 0x65, 0x6E, 0x74,
    0x54, 0x79, 0x70, 0x65, 0x53, 0x68, 0x61, 0x70, 0x65, 0x22, 0x3A, 0x20, 0x30, 0x2C, 0x0D, 0x0A,
    0x20, 0x20, 0x20, 0x20, 0x20, 0x20, 0x20, 0x20, 0x20, 0x20, 0x20, 0x20, 0x22, 0x69, 0x73, 0x53,
    0x65, 0x61, 0x6C, 0x65, 0x64, 0x22, 0x3A, 0x20, 0x66, 0x61, 0x6C, 0x73, 0x65, 0x2C, 0x0D, 0x0A,
    0x20, 0x20, 0x20, 0x20, 0x20, 0x20, 0x20, 0x20, 0x20, 0x20, 0x20, 0x20, 0x22, 0x69, 0x73, 0x43,
    0x6F, 0x6D, 0x49, 0x6D, 0x70, 0x6F, 0x72, 0x74, 0x22, 0x3A, 0x20, 0x66, 0x61, 0x6C, 0x73, 0x65,
    0x2C, 0x0D, 0x0A, 0x20, 0x20, 0x20, 0x20, 0x20, 0x20, 0x20, 0x20, 0x20, 0x20, 0x20, 0x20, 0x22,
    0x63, 0x6F, 0x6D, 0x49, 0x6E, 0x74, 0x65, 0x72, 0x66, 0x61, 0x63, 0x65, 0x54, 0x79, 0x70, 0x65,
    0x4B, 0x69, 0x6E, 0x64, 0x22, 0x3A, 0x20, 0x30, 0x2C, 0x0D, 0x0A, 0x20, 0x20, 0x20, 0x20, 0x20,
    0x20, 0x20, 0x20, 0x20, 0x20, 0x20, 0x20, 0x22, 0x64, 0x65, 0x63, 0x6C, 0x61, 0x72, 0x69, 0x6E,
    0x67, 0x54, 0x79, 0x70, 0x65, 0x53, 0x68, 0x61, 0x70, 0x65, 0x22, 0x3A, 0x20, 0x30, 0x0D, 0x0A,
    0x20, 0x20, 0x20, 0x20, 0x20, 0x20, 0x20, 0x20, 0x20, 0x20, 0x7D, 0x2C, 0x0D, 0x0A, 0x20, 0x20,
    0x20, 0x20, 0x20, 0x20, 0x20, 0x20, 0x20, 0x20, 0x22, 0x69, 0x73, 0x50, 0x72, 0x65, 0x73, 0x65,
    0x72, 0x76, 0x65, 0x53, 0x69, 0x67, 0x22, 0x3A, 0x20, 0x66, 0x61, 0x6C, 0x73, 0x65, 0x0D, 0x0A,
    0x20, 0x20, 0x20, 0x20, 0x20, 0x20, 0x20, 0x20, 0x7D, 0x2C, 0x0D, 0x0A, 0x20, 0x20, 0x20, 0x20,
    0x20, 0x20, 0x20, 0x20, 0x7B, 0x0D, 0x0A, 0x20, 0x20, 0x20, 0x20, 0x20, 0x20, 0x20, 0x20, 0x20,
    0x20, 0x22, 0x6F, 0x70, 0x22, 0x3A, 0x20, 0x22, 0x63, 0x61, 0x6C, 0x6C, 0x22, 0x2C, 0x0D, 0x0A,
    0x20, 0x20, 0x20, 0x20, 0x20, 0x20, 0x20, 0x20, 0x20, 0x20, 0x22, 0x6F, 0x70, 0x43, 0x6F, 0x64,
    0x65, 0x22, 0x3A, 0x20, 0x31, 0x34, 0x2C, 0x0D, 0x0A, 0x20, 0x20, 0x20, 0x20, 0x20, 0x20, 0x20,
    0x20, 0x20, 0x20, 0x22, 0x69, 0x6C, 0x4F, 0x66, 0x66, 0x73, 0x65, 0x74, 0x22, 0x3A, 0x20, 0x36,
    0x2C, 0x0D, 0x0A, 0x20, 0x20, 0x20, 0x20, 0x20, 0x20, 0x20, 0x20, 0x20, 0x20, 0x22, 0x72, 0x65,
    0x73, 0x75, 0x6C, 0x74, 0x54, 0x79, 0x70, 0x65, 0x22, 0x3A, 0x20, 0x22, 0x53, 0x79, 0x73, 0x74,
    0x65, 0x6D, 0x2E, 0x54, 0x79, 0x70, 0x65, 0x22, 0x2C, 0x0D, 0x0A, 0x20, 0x20, 0x20, 0x20, 0x20,
    0x20, 0x20, 0x20, 0x20, 0x20, 0x22, 0x63, 0x61, 0x6C, 0x6C, 0x65, 0x65, 0x22, 0x3A, 0x20, 0x22,
    0x53, 0x79, 0x73, 0x74, 0x65, 0x6D, 0x2E, 0x50, 0x72, 0x69, 0x76, 0x61, 0x74, 0x65, 0x2E, 0x43,
    0x6F, 0x72, 0x65, 0x4C, 0x69, 0x62, 0x2F, 0x53, 0x79, 0x73, 0x74, 0x65, 0x6D, 0x2E, 0x54, 0x79,
    0x70, 0x65, 0x3A, 0x3A, 0x47, 0x65, 0x74, 0x54, 0x79, 0x70, 0x65, 0x46, 0x72, 0x6F, 0x6D, 0x48,
    0x61, 0x6E, 0x64, 0x6C, 0x65, 0x3A, 0x53, 0x79, 0x73, 0x74, 0x65, 0x6D, 0x2E, 0x54, 0x79, 0x70,
    0x65, 0x28, 0x53, 0x79, 0x73, 0x74, 0x65, 0x6D, 0x2E, 0x52, 0x75, 0x6E, 0x74, 0x69, 0x6D, 0x65,
    0x54, 0x79, 0x70, 0x65, 0x48, 0x61, 0x6E, 0x64, 0x6C, 0x65, 0x29, 0x22, 0x2C, 0x0D, 0x0A, 0x20,
    0x20, 0x20, 0x20, 0x20, 0x20, 0x20, 0x20, 0x20, 0x20, 0x22, 0x72, 0x65, 0x66, 0x65, 0x72, 0x65,
    0x6E, 0x63, 0x65, 0x22, 0x3A, 0x20, 0x7B, 0x0D, 0x0A, 0x20, 0x20, 0x20, 0x20, 0x20, 0x20, 0x20,
    0x20, 0x20, 0x20, 0x20, 0x20, 0x22, 0x61, 0x73, 0x73, 0x65, 0x6D, 0x62, 0x6C, 0x79, 0x4E, 0x61,
    0x6D, 0x65, 0x22, 0x3A, 0x20, 0x22, 0x53, 0x79, 0x73, 0x74, 0x65, 0x6D, 0x2E, 0x50, 0x72, 0x69,
    0x76, 0x61, 0x74, 0x65, 0x2E, 0x43, 0x6F, 0x72, 0x65, 0x4C, 0x69, 0x62, 0x22, 0x2C, 0x0D, 0x0A,
    0x20, 0x20, 0x20, 0x20, 0x20, 0x20, 0x20, 0x20, 0x20, 0x20, 0x20, 0x20, 0x22, 0x73, 0x75, 0x62,
    0x6A, 0x65, 0x63, 0x74, 0x4B, 0x69, 0x6E, 0x64, 0x22, 0x3A, 0x20, 0x22, 0x6D, 0x65, 0x74, 0x68,
    0x6F, 0x64, 0x22, 0x2C, 0x0D, 0x0A, 0x20, 0x20, 0x20, 0x20, 0x20, 0x20, 0x20, 0x20, 0x20, 0x20,
    0x20, 0x20, 0x22, 0x73, 0x75, 0x62, 0x6A, 0x65, 0x63, 0x74, 0x49, 0x64, 0x22, 0x3A, 0x20, 0x22,
    0x53, 0x79, 0x73, 0x74, 0x65, 0x6D, 0x2E, 0x50, 0x72, 0x69, 0x76, 0x61, 0x74, 0x65, 0x2E, 0x43,
    0x6F, 0x72, 0x65, 0x4C, 0x69, 0x62, 0x2F, 0x53, 0x79, 0x73, 0x74, 0x65, 0x6D, 0x2E, 0x54, 0x79,
    0x70, 0x65, 0x3A, 0x3A, 0x47, 0x65, 0x74, 0x54, 0x79, 0x70, 0x65, 0x46, 0x72, 0x6F, 0x6D, 0x48,
    0x61, 0x6E, 0x64, 0x6C, 0x65, 0x3A, 0x53, 0x79, 0x73, 0x74, 0x65, 0x6D, 0x2E, 0x54, 0x79, 0x70,
    0x65, 0x28, 0x53, 0x79, 0x73, 0x74, 0x65, 0x6D, 0x2E, 0x52, 0x75, 0x6E, 0x74, 0x69, 0x6D, 0x65,
    0x54, 0x79, 0x70, 0x65, 0x48, 0x61, 0x6E, 0x64, 0x6C, 0x65, 0x29, 0x22, 0x0D, 0x0A, 0x20, 0x20,
    0x20, 0x20, 0x20, 0x20, 0x20, 0x20, 0x20, 0x20, 0x7D, 0x2C, 0x0D, 0x0A, 0x20, 0x20, 0x20, 0x20,
    0x20, 0x20, 0x20, 0x20, 0x20, 0x20, 0x22, 0x74, 0x61, 0x72, 0x67, 0x65, 0x74, 0x52, 0x65, 0x66,
    0x65, 0x72, 0x65, 0x6E, 0x63, 0x65, 0x22, 0x3A, 0x20, 0x7B, 0x0D, 0x0A, 0x20, 0x20, 0x20, 0x20,
    0x20, 0x20, 0x20, 0x20, 0x20, 0x20, 0x20, 0x20, 0x22, 0x6B, 0x69, 0x6E, 0x64, 0x22, 0x3A, 0x20,
    0x33, 0x2C, 0x0D, 0x0A, 0x20, 0x20, 0x20, 0x20, 0x20, 0x20, 0x20, 0x20, 0x20, 0x20, 0x20, 0x20,
    0x22, 0x61, 0x73, 0x73, 0x65, 0x6D, 0x62, 0x6C, 0x79, 0x4E, 0x61, 0x6D, 0x65, 0x22, 0x3A, 0x20,
    0x22, 0x53, 0x79, 0x73, 0x74, 0x65, 0x6D, 0x2E, 0x50, 0x72, 0x69, 0x76, 0x61, 0x74, 0x65, 0x2E,
    0x43, 0x6F, 0x72, 0x65, 0x4C, 0x69, 0x62, 0x22, 0x2C, 0x0D, 0x0A, 0x20, 0x20, 0x20, 0x20, 0x20,
    0x20, 0x20, 0x20, 0x20, 0x20, 0x20, 0x20, 0x22, 0x73, 0x75, 0x62, 0x6A, 0x65, 0x63, 0x74, 0x49,
    0x64, 0x22, 0x3A, 0x20, 0x22, 0x53, 0x79, 0x73, 0x74, 0x65, 0x6D, 0x2E, 0x50, 0x72, 0x69, 0x76,
    0x61, 0x74, 0x65, 0x2E, 0x43, 0x6F, 0x72, 0x65, 0x4C, 0x69, 0x62, 0x2F, 0x53, 0x79, 0x73, 0x74,
    0x65, 0x6D, 0x2E, 0x54, 0x79, 0x70, 0x65, 0x3A, 0x3A, 0x47, 0x65, 0x74, 0x54, 0x79, 0x70, 0x65,
    0x46, 0x72, 0x6F, 0x6D, 0x48, 0x61, 0x6E, 0x64, 0x6C, 0x65, 0x3A, 0x53, 0x79, 0x73, 0x74, 0x65,
    0x6D, 0x2E, 0x54, 0x79, 0x70, 0x65, 0x28, 0x53, 0x79, 0x73, 0x74, 0x65, 0x6D, 0x2E, 0x52, 0x75,
    0x6E, 0x74, 0x69, 0x6D, 0x65, 0x54, 0x79, 0x70, 0x65, 0x48, 0x61, 0x6E, 0x64, 0x6C, 0x65, 0x29,
    0x22, 0x2C, 0x0D, 0x0A, 0x20, 0x20, 0x20, 0x20, 0x20, 0x20, 0x20, 0x20, 0x20, 0x20, 0x20, 0x20,
    0x22, 0x74, 0x79, 0x70, 0x65, 0x53, 0x68, 0x61, 0x70, 0x65, 0x22, 0x3A, 0x20, 0x30, 0x2C, 0x0D,
    0x0A, 0x20, 0x20, 0x20, 0x20, 0x20, 0x20, 0x20, 0x20, 0x20, 0x20, 0x20, 0x20, 0x22, 0x61, 0x72,
    0x72, 0x61, 0x79, 0x45, 0x6C, 0x65, 0x6D, 0x65, 0x6E, 0x74, 0x54, 0x79, 0x70, 0x65, 0x53, 0x68,
    0x61, 0x70, 0x65, 0x22, 0x3A, 0x20, 0x30, 0x2C, 0x0D, 0x0A, 0x20, 0x20, 0x20, 0x20, 0x20, 0x20,
    0x20, 0x20, 0x20, 0x20, 0x20, 0x20, 0x22, 0x69, 0x73, 0x53, 0x65, 0x61, 0x6C, 0x65, 0x64, 0x22,
    0x3A, 0x20, 0x66, 0x61, 0x6C, 0x73, 0x65, 0x2C, 0x0D, 0x0A, 0x20, 0x20, 0x20, 0x20, 0x20, 0x20,
    0x20, 0x20, 0x20, 0x20, 0x20, 0x20, 0x22, 0x69, 0x73, 0x43, 0x6F, 0x6D, 0x49, 0x6D, 0x70, 0x6F,
    0x72, 0x74, 0x22, 0x3A, 0x20, 0x66, 0x61, 0x6C, 0x73, 0x65, 0x2C, 0x0D, 0x0A, 0x20, 0x20, 0x20,
    0x20, 0x20, 0x20, 0x20, 0x20, 0x20, 0x20, 0x20, 0x20, 0x22, 0x63, 0x6F, 0x6D, 0x49, 0x6E, 0x74,
    0x65, 0x72, 0x66, 0x61, 0x63, 0x65, 0x54, 0x79, 0x70, 0x65, 0x4B, 0x69, 0x6E, 0x64, 0x22, 0x3A,
    0x20, 0x30, 0x2C, 0x0D, 0x0A, 0x20, 0x20, 0x20, 0x20, 0x20, 0x20, 0x20, 0x20, 0x20, 0x20, 0x20,
    0x20, 0x22, 0x64, 0x65, 0x63, 0x6C, 0x61, 0x72, 0x69, 0x6E, 0x67, 0x54, 0x79, 0x70, 0x65, 0x53,
    0x68, 0x61, 0x70, 0x65, 0x22, 0x3A, 0x20, 0x30, 0x0D, 0x0A, 0x20, 0x20, 0x20, 0x20, 0x20, 0x20,
    0x20, 0x20, 0x20, 0x20, 0x7D, 0x2C, 0x0D, 0x0A, 0x20, 0x20, 0x20, 0x20, 0x20, 0x20, 0x20, 0x20,
    0x20, 0x20, 0x22, 0x64, 0x69, 0x73, 0x70, 0x61, 0x74, 0x63, 0x68, 0x4B, 0x69, 0x6E, 0x64, 0x43,
    0x6F, 0x64, 0x65, 0x22, 0x3A, 0x20, 0x34, 0x2C, 0x0D, 0x0A, 0x20, 0x20, 0x20, 0x20, 0x20, 0x20,
    0x20, 0x20, 0x20, 0x20, 0x22, 0x69, 0x73, 0x50, 0x72, 0x65, 0x73, 0x65, 0x72, 0x76, 0x65, 0x53,
    0x69, 0x67, 0x22, 0x3A, 0x20, 0x66, 0x61, 0x6C, 0x73, 0x65, 0x0D, 0x0A, 0x20, 0x20, 0x20, 0x20,
    0x20, 0x20, 0x20, 0x20, 0x7D, 0x2C, 0x0D, 0x0A, 0x20, 0x20, 0x20, 0x20, 0x20, 0x20, 0x20, 0x20,
    0x7B, 0x0D, 0x0A, 0x20, 0x20, 0x20, 0x20, 0x20, 0x20, 0x20, 0x20, 0x20, 0x20, 0x22, 0x6F, 0x70,
    0x22, 0x3A, 0x20, 0x22, 0x63, 0x61, 0x6C, 0x6C, 0x76, 0x69, 0x72, 0x74, 0x22, 0x2C, 0x0D, 0x0A,
    0x20, 0x20, 0x20, 0x20, 0x20, 0x20, 0x20, 0x20, 0x20, 0x20, 0x22, 0x6F, 0x70, 0x43, 0x6F, 0x64,
    0x65, 0x22, 0x3A, 0x20, 0x31, 0x35, 0x2C, 0x0D, 0x0A, 0x20, 0x20, 0x20, 0x20, 0x20, 0x20, 0x20,
    0x20, 0x20, 0x20, 0x22, 0x69, 0x6C, 0x4F, 0x66, 0x66, 0x73, 0x65, 0x74, 0x22, 0x3A, 0x20, 0x31,
    0x31, 0x2C, 0x0D, 0x0A, 0x20, 0x20, 0x20, 0x20, 0x20, 0x20, 0x20, 0x20, 0x20, 0x20, 0x22, 0x72,
    0x65, 0x73, 0x75, 0x6C, 0x74, 0x54, 0x79, 0x70, 0x65, 0x22, 0x3A, 0x20, 0x22, 0x53, 0x79, 0x73,
    0x74, 0x65, 0x6D, 0x2E, 0x52, 0x65, 0x66, 0x6C, 0x65, 0x63, 0x74, 0x69, 0x6F, 0x6E, 0x2E, 0x41,
    0x73, 0x73, 0x65, 0x6D, 0x62, 0x6C, 0x79, 0x22, 0x2C, 0x0D, 0x0A, 0x20, 0x20, 0x20, 0x20, 0x20,
    0x20, 0x20, 0x20, 0x20, 0x20, 0x22, 0x63, 0x61, 0x6C, 0x6C, 0x65, 0x65, 0x22, 0x3A, 0x20, 0x22,
    0x53, 0x79, 0x73, 0x74, 0x65, 0x6D, 0x2E, 0x50, 0x72, 0x69, 0x76, 0x61, 0x74, 0x65, 0x2E, 0x43,
    0x6F, 0x72, 0x65, 0x4C, 0x69, 0x62, 0x2F, 0x53, 0x79, 0x73, 0x74, 0x65, 0x6D, 0x2E, 0x54, 0x79,
    0x70, 0x65, 0x3A, 0x3A, 0x67, 0x65, 0x74, 0x5F, 0x41, 0x73, 0x73, 0x65, 0x6D, 0x62, 0x6C, 0x79,
    0x3A, 0x53, 0x79, 0x73, 0x74, 0x65, 0x6D, 0x2E, 0x52, 0x65, 0x66, 0x6C, 0x65, 0x63, 0x74, 0x69,
    0x6F, 0x6E, 0x2E, 0x41, 0x73, 0x73, 0x65, 0x6D, 0x62, 0x6C, 0x79, 0x28, 0x29, 0x22, 0x2C, 0x0D,
    0x0A, 0x20, 0x20, 0x20, 0x20, 0x20, 0x20, 0x20, 0x20, 0x20, 0x20, 0x22, 0x72, 0x65, 0x66, 0x65,
    0x72, 0x65, 0x6E, 0x63, 0x65, 0x22, 0x3A, 0x20, 0x7B, 0x0D, 0x0A, 0x20, 0x20, 0x20, 0x20, 0x20,
    0x20, 0x20, 0x20, 0x20, 0x20, 0x20, 0x20, 0x22, 0x61, 0x73, 0x73, 0x65, 0x6D, 0x62, 0x6C, 0x79,
    0x4E, 0x61, 0x6D, 0x65, 0x22, 0x3A, 0x20, 0x22, 0x53, 0x79, 0x73, 0x74, 0x65, 0x6D, 0x2E, 0x50,
    0x72, 0x69, 0x76, 0x61, 0x74, 0x65, 0x2E, 0x43, 0x6F, 0x72, 0x65, 0x4C, 0x69, 0x62, 0x22, 0x2C,
    0x0D, 0x0A, 0x20, 0x20, 0x20, 0x20, 0x20, 0x20, 0x20, 0x20, 0x20, 0x20, 0x20, 0x20, 0x22, 0x73,
    0x75, 0x62, 0x6A, 0x65, 0x63, 0x74, 0x4B, 0x69, 0x6E, 0x64, 0x22, 0x3A, 0x20, 0x22, 0x6D, 0x65,
    0x74, 0x68, 0x6F, 0x64, 0x22, 0x2C, 0x0D, 0x0A, 0x20, 0x20, 0x20, 0x20, 0x20, 0x20, 0x20, 0x20,
    0x20, 0x20, 0x20, 0x20, 0x22, 0x73, 0x75, 0x62, 0x6A, 0x65, 0x63, 0x74, 0x49, 0x64, 0x22, 0x3A,
    0x20, 0x22, 0x53, 0x79, 0x73, 0x74, 0x65, 0x6D, 0x2E, 0x50, 0x72, 0x69, 0x76, 0x61, 0x74, 0x65,
    0x2E, 0x43, 0x6F, 0x72, 0x65, 0x4C, 0x69, 0x62, 0x2F, 0x53, 0x79, 0x73, 0x74, 0x65, 0x6D, 0x2E,
    0x54, 0x79, 0x70, 0x65, 0x3A, 0x3A, 0x67, 0x65, 0x74, 0x5F, 0x41, 0x73, 0x73, 0x65, 0x6D, 0x62,
    0x6C, 0x79, 0x3A, 0x53, 0x79, 0x73, 0x74, 0x65, 0x6D, 0x2E, 0x52, 0x65, 0x66, 0x6C, 0x65, 0x63,
    0x74, 0x69, 0x6F, 0x6E, 0x2E, 0x41, 0x73, 0x73, 0x65, 0x6D, 0x62, 0x6C, 0x79, 0x28, 0x29, 0x22,
    0x0D, 0x0A, 0x20, 0x20, 0x20, 0x20, 0x20, 0x20, 0x20, 0x20, 0x20, 0x20, 0x7D, 0x2C, 0x0D, 0x0A,
    0x20, 0x20, 0x20, 0x20, 0x20, 0x20, 0x20, 0x20, 0x20, 0x20, 0x22, 0x74, 0x61, 0x72, 0x67, 0x65,
    0x74, 0x52, 0x65, 0x66, 0x65, 0x72, 0x65, 0x6E, 0x63, 0x65, 0x22, 0x3A, 0x20, 0x7B, 0x0D, 0x0A,
    0x20, 0x20, 0x20, 0x20, 0x20, 0x20, 0x20, 0x20, 0x20, 0x20, 0x20, 0x20, 0x22, 0x6B, 0x69, 0x6E,
    0x64, 0x22, 0x3A, 0x20, 0x33, 0x2C, 0x0D, 0x0A, 0x20, 0x20, 0x20, 0x20, 0x20, 0x20, 0x20, 0x20,
    0x20, 0x20, 0x20, 0x20, 0x22, 0x61, 0x73, 0x73, 0x65, 0x6D, 0x62, 0x6C, 0x79, 0x4E, 0x61, 0x6D,
    0x65, 0x22, 0x3A, 0x20, 0x22, 0x53, 0x79, 0x73, 0x74, 0x65, 0x6D, 0x2E, 0x50, 0x72, 0x69, 0x76,
    0x61, 0x74, 0x65, 0x2E, 0x43, 0x6F, 0x72, 0x65, 0x4C, 0x69, 0x62, 0x22, 0x2C, 0x0D, 0x0A, 0x20,
    0x20, 0x20, 0x20, 0x20, 0x20, 0x20, 0x20, 0x20, 0x20, 0x20, 0x20, 0x22, 0x73, 0x75, 0x62, 0x6A,
    0x65, 0x63, 0x74, 0x49, 0x64, 0x22, 0x3A, 0x20, 0x22, 0x53, 0x79, 0x73, 0x74, 0x65, 0x6D, 0x2E,
    0x50, 0x72, 0x69, 0x76, 0x61, 0x74, 0x65, 0x2E, 0x43, 0x6F, 0x72, 0x65, 0x4C, 0x69, 0x62, 0x2F,
    0x53, 0x79, 0x73, 0x74, 0x65, 0x6D, 0x2E, 0x54, 0x79, 0x70, 0x65, 0x3A, 0x3A, 0x67, 0x65, 0x74,
    0x5F, 0x41, 0x73, 0x73, 0x65, 0x6D, 0x62, 0x6C, 0x79, 0x3A, 0x53, 0x79, 0x73, 0x74, 0x65, 0x6D,
    0x2E, 0x52, 0x65, 0x66, 0x6C, 0x65, 0x63, 0x74, 0x69, 0x6F, 0x6E, 0x2E, 0x41, 0x73, 0x73, 0x65,
    0x6D, 0x62, 0x6C, 0x79, 0x28, 0x29, 0x22, 0x2C, 0x0D, 0x0A, 0x20, 0x20, 0x20, 0x20, 0x20, 0x20,
    0x20, 0x20, 0x20, 0x20, 0x20, 0x20, 0x22, 0x74, 0x79, 0x70, 0x65, 0x53, 0x68, 0x61, 0x70, 0x65,
    0x22, 0x3A, 0x20, 0x30, 0x2C, 0x0D, 0x0A, 0x20, 0x20, 0x20, 0x20, 0x20, 0x20, 0x20, 0x20, 0x20,
    0x20, 0x20, 0x20, 0x22, 0x61, 0x72, 0x72, 0x61, 0x79, 0x45, 0x6C, 0x65, 0x6D, 0x65, 0x6E, 0x74,
    0x54, 0x79, 0x70, 0x65, 0x53, 0x68, 0x61, 0x70, 0x65, 0x22, 0x3A, 0x20, 0x30, 0x2C, 0x0D, 0x0A,
    0x20, 0x20, 0x20, 0x20, 0x20, 0x20, 0x20, 0x20, 0x20, 0x20, 0x20, 0x20, 0x22, 0x69, 0x73, 0x53,
    0x65, 0x61, 0x6C, 0x65, 0x64, 0x22, 0x3A, 0x20, 0x66, 0x61, 0x6C, 0x73, 0x65, 0x2C, 0x0D, 0x0A,
    0x20, 0x20, 0x20, 0x20, 0x20, 0x20, 0x20, 0x20, 0x20, 0x20, 0x20, 0x20, 0x22, 0x69, 0x73, 0x43,
    0x6F, 0x6D, 0x49, 0x6D, 0x70, 0x6F, 0x72, 0x74, 0x22, 0x3A, 0x20, 0x66, 0x61, 0x6C, 0x73, 0x65,
    0x2C, 0x0D, 0x0A, 0x20, 0x20, 0x20, 0x20, 0x20, 0x20, 0x20, 0x20, 0x20, 0x20, 0x20, 0x20, 0x22,
    0x63, 0x6F, 0x6D, 0x49, 0x6E, 0x74, 0x65, 0x72, 0x66, 0x61, 0x63, 0x65, 0x54, 0x79, 0x70, 0x65,
    0x4B, 0x69, 0x6E, 0x64, 0x22, 0x3A, 0x20, 0x30, 0x2C, 0x0D, 0x0A, 0x20, 0x20, 0x20, 0x20, 0x20,
    0x20, 0x20, 0x20, 0x20, 0x20, 0x20, 0x20, 0x22, 0x64, 0x65, 0x63, 0x6C, 0x61, 0x72, 0x69, 0x6E,
    0x67, 0x54, 0x79, 0x70, 0x65, 0x53, 0x68, 0x61, 0x70, 0x65, 0x22, 0x3A, 0x20, 0x30, 0x0D, 0x0A,
    0x20, 0x20, 0x20, 0x20, 0x20, 0x20, 0x20, 0x20, 0x20, 0x20, 0x7D, 0x2C, 0x0D, 0x0A, 0x20, 0x20,
    0x20, 0x20, 0x20, 0x20, 0x20, 0x20, 0x20, 0x20, 0x22, 0x64, 0x69, 0x73, 0x70, 0x61, 0x74, 0x63,
    0x68, 0x4B, 0x69, 0x6E, 0x64, 0x43, 0x6F, 0x64, 0x65, 0x22, 0x3A, 0x20, 0x34, 0x2C, 0x0D, 0x0A,
    0x20, 0x20, 0x20, 0x20, 0x20, 0x20, 0x20, 0x20, 0x20, 0x20, 0x22, 0x69, 0x73, 0x50, 0x72, 0x65,
    0x73, 0x65, 0x72, 0x76, 0x65, 0x53, 0x69, 0x67, 0x22, 0x3A, 0x20, 0x66, 0x61, 0x6C, 0x73, 0x65,
    0x0D, 0x0A, 0x20, 0x20, 0x20, 0x20, 0x20, 0x20, 0x20, 0x20, 0x7D, 0x2C, 0x0D, 0x0A, 0x20, 0x20,
    0x20, 0x20, 0x20, 0x20, 0x20, 0x20, 0x7B, 0x0D, 0x0A, 0x20, 0x20, 0x20, 0x20, 0x20, 0x20, 0x20,
    0x20, 0x20, 0x20, 0x22, 0x6F, 0x70, 0x22, 0x3A, 0x20, 0x22, 0x6C, 0x64, 0x74, 0x6F, 0x6B, 0x65,
    0x6E, 0x22, 0x2C, 0x0D, 0x0A, 0x20, 0x20, 0x20, 0x20, 0x20, 0x20, 0x20, 0x20, 0x20, 0x20, 0x22,
    0x6F, 0x70, 0x43, 0x6F, 0x64, 0x65, 0x22, 0x3A, 0x20, 0x37, 0x30, 0x2C, 0x0D, 0x0A, 0x20, 0x20,
    0x20, 0x20, 0x20, 0x20, 0x20, 0x20, 0x20, 0x20, 0x22, 0x6F, 0x70, 0x65, 0x72, 0x61, 0x6E, 0x64,
    0x22, 0x3A, 0x20, 0x22, 0x53, 0x79, 0x73, 0x74, 0x65, 0x6D, 0x2E, 0x50, 0x72, 0x69, 0x76, 0x61,
    0x74, 0x65, 0x2E, 0x43, 0x6F, 0x72, 0x65, 0x4C, 0x69, 0x62, 0x2F, 0x53, 0x79, 0x73, 0x74, 0x65,
    0x6D, 0x2E, 0x52, 0x65, 0x66, 0x6C, 0x65, 0x63, 0x74, 0x69, 0x6F, 0x6E, 0x2E, 0x41, 0x73, 0x73,
    0x65, 0x6D, 0x62, 0x6C, 0x79, 0x44, 0x65, 0x73, 0x63, 0x72, 0x69, 0x70, 0x74, 0x69, 0x6F, 0x6E,
    0x41, 0x74, 0x74, 0x72, 0x69, 0x62, 0x75, 0x74, 0x65, 0x22, 0x2C, 0x0D, 0x0A, 0x20, 0x20, 0x20,
    0x20, 0x20, 0x20, 0x20, 0x20, 0x20, 0x20, 0x22, 0x69, 0x6C, 0x4F, 0x66, 0x66, 0x73, 0x65, 0x74,
    0x22, 0x3A, 0x20, 0x31, 0x36, 0x2C, 0x0D, 0x0A, 0x20, 0x20, 0x20, 0x20, 0x20, 0x20, 0x20, 0x20,
    0x20, 0x20, 0x22, 0x72, 0x65, 0x73, 0x75, 0x6C, 0x74, 0x54, 0x79, 0x70, 0x65, 0x22, 0x3A, 0x20,
    0x22, 0x53, 0x79, 0x73, 0x74, 0x65, 0x6D, 0x2E, 0x52, 0x75, 0x6E, 0x74, 0x69, 0x6D, 0x65, 0x54,
    0x79, 0x70, 0x65, 0x48, 0x61, 0x6E, 0x64, 0x6C, 0x65, 0x22, 0x2C, 0x0D, 0x0A, 0x20, 0x20, 0x20,
    0x20, 0x20, 0x20, 0x20, 0x20, 0x20, 0x20, 0x22, 0x72, 0x65, 0x66, 0x65, 0x72, 0x65, 0x6E, 0x63,
    0x65, 0x22, 0x3A, 0x20, 0x7B, 0x0D, 0x0A, 0x20, 0x20, 0x20, 0x20, 0x20, 0x20, 0x20, 0x20, 0x20,
    0x20, 0x20, 0x20, 0x22, 0x61, 0x73, 0x73, 0x65, 0x6D, 0x62, 0x6C, 0x79, 0x4E, 0x61, 0x6D, 0x65,
    0x22, 0x3A, 0x20, 0x22, 0x53, 0x79, 0x73, 0x74, 0x65, 0x6D, 0x2E, 0x50, 0x72, 0x69, 0x76, 0x61,
    0x74, 0x65, 0x2E, 0x43, 0x6F, 0x72, 0x65, 0x4C, 0x69, 0x62, 0x22, 0x2C, 0x0D, 0x0A, 0x20, 0x20,
    0x20, 0x20, 0x20, 0x20, 0x20, 0x20, 0x20, 0x20, 0x20, 0x20, 0x22, 0x73, 0x75, 0x62, 0x6A, 0x65,
    0x63, 0x74, 0x4B, 0x69, 0x6E, 0x64, 0x22, 0x3A, 0x20, 0x22, 0x74, 0x79, 0x70, 0x65, 0x22, 0x2C,
    0x0D, 0x0A, 0x20, 0x20, 0x20, 0x20, 0x20, 0x20, 0x20, 0x20, 0x20, 0x20, 0x20, 0x20, 0x22, 0x73,
    0x75, 0x62, 0x6A, 0x65, 0x63, 0x74, 0x49, 0x64, 0x22, 0x3A, 0x20, 0x22, 0x53, 0x79, 0x73, 0x74,
    0x65, 0x6D, 0x2E, 0x50, 0x72, 0x69, 0x76, 0x61, 0x74, 0x65, 0x2E, 0x43, 0x6F, 0x72, 0x65, 0x4C,
    0x69, 0x62, 0x2F, 0x53, 0x79, 0x73, 0x74, 0x65, 0x6D, 0x2E, 0x52, 0x65, 0x66, 0x6C, 0x65, 0x63,
    0x74, 0x69, 0x6F, 0x6E, 0x2E, 0x41, 0x73, 0x73, 0x65, 0x6D, 0x62, 0x6C, 0x79, 0x44, 0x65, 0x73,
    0x63, 0x72, 0x69, 0x70, 0x74, 0x69, 0x6F, 0x6E, 0x41, 0x74, 0x74, 0x72, 0x69, 0x62, 0x75, 0x74,
    0x65, 0x22, 0x0D, 0x0A, 0x20, 0x20, 0x20, 0x20, 0x20, 0x20, 0x20, 0x20, 0x20, 0x20, 0x7D, 0x2C,
    0x0D, 0x0A, 0x20, 0x20, 0x20, 0x20, 0x20, 0x20, 0x20, 0x20, 0x20, 0x20, 0x22, 0x74, 0x61, 0x72,
    0x67, 0x65, 0x74, 0x52, 0x65, 0x66, 0x65, 0x72, 0x65, 0x6E, 0x63, 0x65, 0x22, 0x3A, 0x20, 0x7B,
    0x0D, 0x0A, 0x20, 0x20, 0x20, 0x20, 0x20, 0x20, 0x20, 0x20, 0x20, 0x20, 0x20, 0x20, 0x22, 0x6B,
    0x69, 0x6E, 0x64, 0x22, 0x3A, 0x20, 0x31, 0x2C, 0x0D, 0x0A, 0x20, 0x20, 0x20, 0x20, 0x20, 0x20,
    0x20, 0x20, 0x20, 0x20, 0x20, 0x20, 0x22, 0x61, 0x73, 0x73, 0x65, 0x6D, 0x62, 0x6C, 0x79, 0x4E,
    0x61, 0x6D, 0x65, 0x22, 0x3A, 0x20, 0x22, 0x53, 0x79, 0x73, 0x74, 0x65, 0x6D, 0x2E, 0x50, 0x72,
    0x69, 0x76, 0x61, 0x74, 0x65, 0x2E, 0x43, 0x6F, 0x72, 0x65, 0x4C, 0x69, 0x62, 0x22, 0x2C, 0x0D,
    0x0A, 0x20, 0x20, 0x20, 0x20, 0x20, 0x20, 0x20, 0x20, 0x20, 0x20, 0x20, 0x20, 0x22, 0x73, 0x75,
    0x62, 0x6A, 0x65, 0x63, 0x74, 0x49, 0x64, 0x22, 0x3A, 0x20, 0x22, 0x53, 0x79, 0x73, 0x74, 0x65,
    0x6D, 0x2E, 0x50, 0x72, 0x69, 0x76, 0x61, 0x74, 0x65, 0x2E, 0x43, 0x6F, 0x72, 0x65, 0x4C, 0x69,
    0x62, 0x2F, 0x53, 0x79, 0x73, 0x74, 0x65, 0x6D, 0x2E, 0x52, 0x65, 0x66, 0x6C, 0x65, 0x63, 0x74,
    0x69, 0x6F, 0x6E, 0x2E, 0x41, 0x73, 0x73, 0x65, 0x6D, 0x62, 0x6C, 0x79, 0x44, 0x65, 0x73, 0x63,
    0x72, 0x69, 0x70, 0x74, 0x69, 0x6F, 0x6E, 0x41, 0x74, 0x74, 0x72, 0x69, 0x62, 0x75, 0x74, 0x65,
    0x22, 0x2C, 0x0D, 0x0A, 0x20, 0x20, 0x20, 0x20, 0x20, 0x20, 0x20, 0x20, 0x20, 0x20, 0x20, 0x20,
    0x22, 0x74, 0x79, 0x70, 0x65, 0x53, 0x68, 0x61, 0x70, 0x65, 0x22, 0x3A, 0x20, 0x31, 0x2C, 0x0D,
    0x0A, 0x20, 0x20, 0x20, 0x20, 0x20, 0x20, 0x20, 0x20, 0x20, 0x20, 0x20, 0x20, 0x22, 0x61, 0x72,
    0x72, 0x61, 0x79, 0x45, 0x6C, 0x65, 0x6D, 0x65, 0x6E, 0x74, 0x54, 0x79, 0x70, 0x65, 0x53, 0x68,
    0x61, 0x70, 0x65, 0x22, 0x3A, 0x20, 0x30, 0x2C, 0x0D, 0x0A, 0x20, 0x20, 0x20, 0x20, 0x20, 0x20,
    0x20, 0x20, 0x20, 0x20, 0x20, 0x20, 0x22, 0x69, 0x73, 0x53, 0x65, 0x61, 0x6C, 0x65, 0x64, 0x22,
    0x3A, 0x20, 0x66, 0x61, 0x6C, 0x73, 0x65, 0x2C, 0x0D, 0x0A, 0x20, 0x20, 0x20, 0x20, 0x20, 0x20,
    0x20, 0x20, 0x20, 0x20, 0x20, 0x20, 0x22, 0x69, 0x73, 0x43, 0x6F, 0x6D, 0x49, 0x6D, 0x70, 0x6F,
    0x72, 0x74, 0x22, 0x3A, 0x20, 0x66, 0x61, 0x6C, 0x73, 0x65, 0x2C, 0x0D, 0x0A, 0x20, 0x20, 0x20,
    0x20, 0x20, 0x20, 0x20, 0x20, 0x20, 0x20, 0x20, 0x20, 0x22, 0x63, 0x6F, 0x6D, 0x49, 0x6E, 0x74,
    0x65, 0x72, 0x66, 0x61, 0x63, 0x65, 0x54, 0x79, 0x70, 0x65, 0x4B, 0x69, 0x6E, 0x64, 0x22, 0x3A,
    0x20, 0x30, 0x2C, 0x0D, 0x0A, 0x20, 0x20, 0x20, 0x20, 0x20, 0x20, 0x20, 0x20, 0x20, 0x20, 0x20,
    0x20, 0x22, 0x64, 0x65, 0x63, 0x6C, 0x61, 0x72, 0x69, 0x6E, 0x67, 0x54, 0x79, 0x70, 0x65, 0x53,
    0x68, 0x61, 0x70, 0x65, 0x22, 0x3A, 0x20, 0x30, 0x0D, 0x0A, 0x20, 0x20, 0x20, 0x20, 0x20, 0x20,
    0x20, 0x20, 0x20, 0x20, 0x7D, 0x2C, 0x0D, 0x0A, 0x20, 0x20, 0x20, 0x20, 0x20, 0x20, 0x20, 0x20,
    0x20, 0x20, 0x22, 0x69, 0x73, 0x50, 0x72, 0x65, 0x73, 0x65, 0x72, 0x76, 0x65, 0x53, 0x69, 0x67,
    0x22, 0x3A, 0x20, 0x66, 0x61, 0x6C, 0x73, 0x65, 0x0D, 0x0A, 0x20, 0x20, 0x20, 0x20, 0x20, 0x20,
    0x20, 0x20, 0x7D, 0x2C, 0x0D, 0x0A, 0x20, 0x20, 0x20, 0x20, 0x20, 0x20, 0x20, 0x20, 0x7B, 0x0D,
    0x0A, 0x20, 0x20, 0x20, 0x20, 0x20, 0x20, 0x20, 0x20, 0x20, 0x20, 0x22, 0x6F, 0x70, 0x22, 0x3A,
    0x20, 0x22, 0x63, 0x61, 0x6C, 0x6C, 0x22, 0x2C, 0x0D, 0x0A, 0x20, 0x20, 0x20, 0x20, 0x20, 0x20,
    0x20, 0x20, 0x20, 0x20, 0x22, 0x6F, 0x70, 0x43, 0x6F, 0x64, 0x65, 0x22, 0x3A, 0x20, 0x31, 0x34,
    0x2C, 0x0D, 0x0A, 0x20, 0x20, 0x20, 0x20, 0x20, 0x20, 0x20, 0x20, 0x20, 0x20, 0x22, 0x69, 0x6C,
    0x4F, 0x66, 0x66, 0x73, 0x65, 0x74, 0x22, 0x3A, 0x20, 0x32, 0x31, 0x2C, 0x0D, 0x0A, 0x20, 0x20,
    0x20, 0x20, 0x20, 0x20, 0x20, 0x20, 0x20, 0x20, 0x22, 0x72, 0x65, 0x73, 0x75, 0x6C, 0x74, 0x54,
    0x79, 0x70, 0x65, 0x22, 0x3A, 0x20, 0x22, 0x53, 0x79, 0x73, 0x74, 0x65, 0x6D, 0x2E, 0x54, 0x79,
    0x70, 0x65, 0x22, 0x2C, 0x0D, 0x0A, 0x20, 0x20, 0x20, 0x20, 0x20, 0x20, 0x20, 0x20, 0x20, 0x20,
    0x22, 0x63, 0x61, 0x6C, 0x6C, 0x65, 0x65, 0x22, 0x3A, 0x20, 0x22, 0x53, 0x79, 0x73, 0x74, 0x65,
    0x6D, 0x2E, 0x50, 0x72, 0x69, 0x76, 0x61, 0x74, 0x65, 0x2E, 0x43, 0x6F, 0x72, 0x65, 0x4C, 0x69,
    0x62, 0x2F, 0x53, 0x79, 0x73, 0x74, 0x65, 0x6D, 0x2E, 0x54, 0x79, 0x70, 0x65, 0x3A, 0x3A, 0x47,
    0x65, 0x74, 0x54, 0x79, 0x70, 0x65, 0x46, 0x72, 0x6F, 0x6D, 0x48, 0x61, 0x6E, 0x64, 0x6C, 0x65,
    0x3A, 0x53, 0x79, 0x73, 0x74, 0x65, 0x6D, 0x2E, 0x54, 0x79, 0x70, 0x65, 0x28, 0x53, 0x79, 0x73,
    0x74, 0x65, 0x6D, 0x2E, 0x52, 0x75, 0x6E, 0x74, 0x69, 0x6D, 0x65, 0x54, 0x79, 0x70, 0x65, 0x48,
    0x61, 0x6E, 0x64, 0x6C, 0x65, 0x29, 0x22, 0x2C, 0x0D, 0x0A, 0x20, 0x20, 0x20, 0x20, 0x20, 0x20,
    0x20, 0x20, 0x20, 0x20, 0x22, 0x72, 0x65, 0x66, 0x65, 0x72, 0x65, 0x6E, 0x63, 0x65, 0x22, 0x3A,
    0x20, 0x7B, 0x0D, 0x0A, 0x20, 0x20, 0x20, 0x20, 0x20, 0x20, 0x20, 0x20, 0x20, 0x20, 0x20, 0x20,
    0x22, 0x61, 0x73, 0x73, 0x65, 0x6D, 0x62, 0x6C, 0x79, 0x4E, 0x61, 0x6D, 0x65, 0x22, 0x3A, 0x20,
    0x22, 0x53, 0x79, 0x73, 0x74, 0x65, 0x6D, 0x2E, 0x50, 0x72, 0x69, 0x76, 0x61, 0x74, 0x65, 0x2E,
    0x43, 0x6F, 0x72, 0x65, 0x4C, 0x69, 0x62, 0x22, 0x2C, 0x0D, 0x0A, 0x20, 0x20, 0x20, 0x20, 0x20,
    0x20, 0x20, 0x20, 0x20, 0x20, 0x20, 0x20, 0x22, 0x73, 0x75, 0x62, 0x6A, 0x65, 0x63, 0x74, 0x4B,
    0x69, 0x6E, 0x64, 0x22, 0x3A, 0x20, 0x22, 0x6D, 0x65, 0x74, 0x68, 0x6F, 0x64, 0x22, 0x2C, 0x0D,
    0x0A, 0x20, 0x20, 0x20, 0x20, 0x20, 0x20, 0x20, 0x20, 0x20, 0x20, 0x20, 0x20, 0x22, 0x73, 0x75,
    0x62, 0x6A, 0x65, 0x63, 0x74, 0x49, 0x64, 0x22, 0x3A, 0x20, 0x22, 0x53, 0x79, 0x73, 0x74, 0x65,
    0x6D, 0x2E, 0x50, 0x72, 0x69, 0x76, 0x61, 0x74, 0x65, 0x2E, 0x43, 0x6F, 0x72, 0x65, 0x4C, 0x69,
    0x62, 0x2F, 0x53, 0x79, 0x73, 0x74, 0x65, 0x6D, 0x2E, 0x54, 0x79, 0x70, 0x65, 0x3A, 0x3A, 0x47,
    0x65, 0x74, 0x54, 0x79, 0x70, 0x65, 0x46, 0x72, 0x6F, 0x6D, 0x48, 0x61, 0x6E, 0x64, 0x6C, 0x65,
    0x3A, 0x53, 0x79, 0x73, 0x74, 0x65, 0x6D, 0x2E, 0x54, 0x79, 0x70, 0x65, 0x28, 0x53, 0x79, 0x73,
    0x74, 0x65, 0x6D, 0x2E, 0x52, 0x75, 0x6E, 0x74, 0x69, 0x6D, 0x65, 0x54, 0x79, 0x70, 0x65, 0x48,
    0x61, 0x6E, 0x64, 0x6C, 0x65, 0x29, 0x22, 0x0D, 0x0A, 0x20, 0x20, 0x20, 0x20, 0x20, 0x20, 0x20,
    0x20, 0x20, 0x20, 0x7D, 0x2C, 0x0D, 0x0A, 0x20, 0x20, 0x20, 0x20, 0x20, 0x20, 0x20, 0x20, 0x20,
    0x20, 0x22, 0x74, 0x61, 0x72, 0x67, 0x65, 0x74, 0x52, 0x65, 0x66, 0x65, 0x72, 0x65, 0x6E, 0x63,
    0x65, 0x22, 0x3A, 0x20, 0x7B, 0x0D, 0x0A, 0x20, 0x20, 0x20, 0x20, 0x20, 0x20, 0x20, 0x20, 0x20,
    0x20, 0x20, 0x20, 0x22, 0x6B, 0x69, 0x6E, 0x64, 0x22, 0x3A, 0x20, 0x33, 0x2C, 0x0D, 0x0A, 0x20,
    0x20, 0x20, 0x20, 0x20, 0x20, 0x20, 0x20, 0x20, 0x20, 0x20, 0x20, 0x22, 0x61, 0x73, 0x73, 0x65,
    0x6D, 0x62, 0x6C, 0x79, 0x4E, 0x61, 0x6D, 0x65, 0x22, 0x3A, 0x20, 0x22, 0x53, 0x79, 0x73, 0x74,
    0x65, 0x6D, 0x2E, 0x50, 0x72, 0x69, 0x76, 0x61, 0x74, 0x65, 0x2E, 0x43, 0x6F, 0x72, 0x65, 0x4C,
    0x69, 0x62, 0x22, 0x2C, 0x0D, 0x0A, 0x20, 0x20, 0x20, 0x20, 0x20, 0x20, 0x20, 0x20, 0x20, 0x20,
    0x20, 0x20, 0x22, 0x73, 0x75, 0x62, 0x6A, 0x65, 0x63, 0x74, 0x49, 0x64, 0x22, 0x3A, 0x20, 0x22,
    0x53, 0x79, 0x73, 0x74, 0x65, 0x6D, 0x2E, 0x50, 0x72, 0x69, 0x76, 0x61, 0x74, 0x65, 0x2E, 0x43,
    0x6F, 0x72, 0x65, 0x4C, 0x69, 0x62, 0x2F, 0x53, 0x79, 0x73, 0x74, 0x65, 0x6D, 0x2E, 0x54, 0x79,
    0x70, 0x65, 0x3A, 0x3A, 0x47, 0x65, 0x74, 0x54, 0x79, 0x70, 0x65, 0x46, 0x72, 0x6F, 0x6D, 0x48,
    0x61, 0x6E, 0x64, 0x6C, 0x65, 0x3A, 0x53, 0x79, 0x73, 0x74, 0x65, 0x6D, 0x2E, 0x54, 0x79, 0x70,
    0x65, 0x28, 0x53, 0x79, 0x73, 0x74, 0x65, 0x6D, 0x2E, 0x52, 0x75, 0x6E, 0x74, 0x69, 0x6D, 0x65,
    0x54, 0x79, 0x70, 0x65, 0x48, 0x61, 0x6E, 0x64, 0x6C, 0x65, 0x29, 0x22, 0x2C, 0x0D, 0x0A, 0x20,
    0x20, 0x20, 0x20, 0x20, 0x20, 0x20, 0x20, 0x20, 0x20, 0x20, 0x20, 0x22, 0x74, 0x79, 0x70, 0x65,
    0x53, 0x68, 0x61, 0x70, 0x65, 0x22, 0x3A, 0x20, 0x30, 0x2C, 0x0D, 0x0A, 0x20, 0x20, 0x20, 0x20,
    0x20, 0x20, 0x20, 0x20, 0x20, 0x20, 0x20, 0x20, 0x22, 0x61, 0x72, 0x72, 0x61, 0x79, 0x45, 0x6C,
    0x65, 0x6D, 0x65, 0x6E, 0x74, 0x54, 0x79, 0x70, 0x65, 0x53, 0x68, 0x61, 0x70, 0x65, 0x22, 0x3A,
    0x20, 0x30, 0x2C, 0x0D, 0x0A, 0x20, 0x20, 0x20, 0x20, 0x20, 0x20, 0x20, 0x20, 0x20, 0x20, 0x20,
    0x20, 0x22, 0x69, 0x73, 0x53, 0x65, 0x61, 0x6C, 0x65, 0x64, 0x22, 0x3A, 0x20, 0x66, 0x61, 0x6C,
    0x73, 0x65, 0x2C, 0x0D, 0x0A, 0x20, 0x20, 0x20, 0x20, 0x20, 0x20, 0x20, 0x20, 0x20, 0x20, 0x20,
    0x20, 0x22, 0x69, 0x73, 0x43, 0x6F, 0x6D, 0x49, 0x6D, 0x70, 0x6F, 0x72, 0x74, 0x22, 0x3A, 0x20,
    0x66, 0x61, 0x6C, 0x73, 0x65, 0x2C, 0x0D, 0x0A, 0x20, 0x20, 0x20, 0x20, 0x20, 0x20, 0x20, 0x20,
    0x20, 0x20, 0x20, 0x20, 0x22, 0x63, 0x6F, 0x6D, 0x49, 0x6E, 0x74, 0x65, 0x72, 0x66, 0x61, 0x63,
    0x65, 0x54, 0x79, 0x70, 0x65, 0x4B, 0x69, 0x6E, 0x64, 0x22, 0x3A, 0x20, 0x30, 0x2C, 0x0D, 0x0A,
    0x20, 0x20, 0x20, 0x20, 0x20, 0x20, 0x20, 0x20, 0x20, 0x20, 0x20, 0x20, 0x22, 0x64, 0x65, 0x63,
    0x6C, 0x61, 0x72, 0x69, 0x6E, 0x67, 0x54, 0x79, 0x70, 0x65, 0x53, 0x68, 0x61, 0x70, 0x65, 0x22,
    0x3A, 0x20, 0x30, 0x0D, 0x0A, 0x20, 0x20, 0x20, 0x20, 0x20, 0x20, 0x20, 0x20, 0x20, 0x20, 0x7D,
    0x2C, 0x0D, 0x0A, 0x20, 0x20, 0x20, 0x20, 0x20, 0x20, 0x20, 0x20, 0x20, 0x20, 0x22, 0x64, 0x69,
    0x73, 0x70, 0x61, 0x74, 0x63, 0x68, 0x4B, 0x69, 0x6E, 0x64, 0x43, 0x6F, 0x64, 0x65, 0x22, 0x3A,
    0x20, 0x34, 0x2C, 0x0D, 0x0A, 0x20, 0x20, 0x20, 0x20, 0x20, 0x20, 0x20, 0x20, 0x20, 0x20, 0x22,
    0x69, 0x73, 0x50, 0x72, 0x65, 0x73, 0x65, 0x72, 0x76, 0x65, 0x53, 0x69, 0x67, 0x22, 0x3A, 0x20,
    0x66, 0x61, 0x6C, 0x73, 0x65, 0x0D, 0x0A, 0x20, 0x20, 0x20, 0x20, 0x20, 0x20, 0x20, 0x20, 0x7D,
    0x2C, 0x0D, 0x0A, 0x20, 0x20, 0x20, 0x20, 0x20, 0x20, 0x20, 0x20, 0x7B, 0x0D, 0x0A, 0x20, 0x20,
    0x20, 0x20, 0x20, 0x20, 0x20, 0x20, 0x20, 0x20, 0x22, 0x6F, 0x70, 0x22, 0x3A, 0x20, 0x22, 0x63,
    0x61, 0x6C, 0x6C, 0x22, 0x2C, 0x0D, 0x0A, 0x20, 0x20, 0x20, 0x20, 0x20, 0x20, 0x20, 0x20, 0x20,
    0x20, 0x22, 0x6F, 0x70, 0x43, 0x6F, 0x64, 0x65, 0x22, 0x3A, 0x20, 0x31, 0x34, 0x2C, 0x0D, 0x0A,
    0x20, 0x20, 0x20, 0x20, 0x20, 0x20, 0x20, 0x20, 0x20, 0x20, 0x22, 0x69, 0x6C, 0x4F, 0x66, 0x66,
    0x73, 0x65, 0x74, 0x22, 0x3A, 0x20, 0x32, 0x36, 0x2C, 0x0D, 0x0A, 0x20, 0x20, 0x20, 0x20, 0x20,
    0x20, 0x20, 0x20, 0x20, 0x20, 0x22, 0x72, 0x65, 0x73, 0x75, 0x6C, 0x74, 0x54, 0x79, 0x70, 0x65,
    0x22, 0x3A, 0x20, 0x22, 0x53, 0x79, 0x73, 0x74, 0x65, 0x6D, 0x2E, 0x42, 0x6F, 0x6F, 0x6C, 0x65,
    0x61, 0x6E, 0x22, 0x2C, 0x0D, 0x0A, 0x20, 0x20, 0x20, 0x20, 0x20, 0x20, 0x20, 0x20, 0x20, 0x20,
    0x22, 0x63, 0x61, 0x6C, 0x6C, 0x65, 0x65, 0x22, 0x3A, 0x20, 0x22, 0x53, 0x79, 0x73, 0x74, 0x65,
    0x6D, 0x2E, 0x50, 0x72, 0x69, 0x76, 0x61, 0x74, 0x65, 0x2E, 0x43, 0x6F, 0x72, 0x65, 0x4C, 0x69,
    0x62, 0x2F, 0x53, 0x79, 0x73, 0x74, 0x65, 0x6D, 0x2E, 0x52, 0x65, 0x66, 0x6C, 0x65, 0x63, 0x74,
    0x69, 0x6F, 0x6E, 0x2E, 0x43, 0x75, 0x73, 0x74, 0x6F, 0x6D, 0x41, 0x74, 0x74, 0x72, 0x69, 0x62,
    0x75, 0x74, 0x65, 0x45, 0x78, 0x74, 0x65, 0x6E, 0x73, 0x69, 0x6F, 0x6E, 0x73, 0x3A, 0x3A, 0x49,
    0x73, 0x44, 0x65, 0x66, 0x69, 0x6E, 0x65, 0x64, 0x3A, 0x53, 0x79, 0x73, 0x74, 0x65, 0x6D, 0x2E,
    0x42, 0x6F, 0x6F, 0x6C, 0x65, 0x61, 0x6E, 0x28, 0x53, 0x79, 0x73, 0x74, 0x65, 0x6D, 0x2E, 0x52,
    0x65, 0x66, 0x6C, 0x65, 0x63, 0x74, 0x69, 0x6F, 0x6E, 0x2E, 0x41, 0x73, 0x73, 0x65, 0x6D, 0x62,
    0x6C, 0x79, 0x2C, 0x53, 0x79, 0x73, 0x74, 0x65, 0x6D, 0x2E, 0x54, 0x79, 0x70, 0x65, 0x29, 0x22,
    0x2C, 0x0D, 0x0A, 0x20, 0x20, 0x20, 0x20, 0x20, 0x20, 0x20, 0x20, 0x20, 0x20, 0x22, 0x72, 0x65,
    0x66, 0x65, 0x72, 0x65, 0x6E, 0x63, 0x65, 0x22, 0x3A, 0x20, 0x7B, 0x0D, 0x0A, 0x20, 0x20, 0x20,
    0x20, 0x20, 0x20, 0x20, 0x20, 0x20, 0x20, 0x20, 0x20, 0x22, 0x61, 0x73, 0x73, 0x65, 0x6D, 0x62,
    0x6C, 0x79, 0x4E, 0x61, 0x6D, 0x65, 0x22, 0x3A, 0x20, 0x22, 0x53, 0x79, 0x73, 0x74, 0x65, 0x6D,
    0x2E, 0x50, 0x72, 0x69, 0x76, 0x61, 0x74, 0x65, 0x2E, 0x43, 0x6F, 0x72, 0x65, 0x4C, 0x69, 0x62,
    0x22, 0x2C, 0x0D, 0x0A, 0x20, 0x20, 0x20, 0x20, 0x20, 0x20, 0x20, 0x20, 0x20, 0x20, 0x20, 0x20,
    0x22, 0x73, 0x75, 0x62, 0x6A, 0x65, 0x63, 0x74, 0x4B, 0x69, 0x6E, 0x64, 0x22, 0x3A, 0x20, 0x22,
    0x6D, 0x65, 0x74, 0x68, 0x6F, 0x64, 0x22, 0x2C, 0x0D, 0x0A, 0x20, 0x20, 0x20, 0x20, 0x20, 0x20,
    0x20, 0x20, 0x20, 0x20, 0x20, 0x20, 0x22, 0x73, 0x75, 0x62, 0x6A, 0x65, 0x63, 0x74, 0x49, 0x64,
    0x22, 0x3A, 0x20, 0x22, 0x53, 0x79, 0x73, 0x74, 0x65, 0x6D, 0x2E, 0x50, 0x72, 0x69, 0x76, 0x61,
    0x74, 0x65, 0x2E, 0x43, 0x6F, 0x72, 0x65, 0x4C, 0x69, 0x62, 0x2F, 0x53, 0x79, 0x73, 0x74, 0x65,
    0x6D, 0x2E, 0x52, 0x65, 0x66, 0x6C, 0x65, 0x63, 0x74, 0x69, 0x6F, 0x6E, 0x2E, 0x43, 0x75, 0x73,
    0x74, 0x6F, 0x6D, 0x41, 0x74, 0x74, 0x72, 0x69, 0x62, 0x75, 0x74, 0x65, 0x45, 0x78, 0x74, 0x65,
    0x6E, 0x73, 0x69, 0x6F, 0x6E, 0x73, 0x3A, 0x3A, 0x49, 0x73, 0x44, 0x65, 0x66, 0x69, 0x6E, 0x65,
    0x64, 0x3A, 0x53, 0x79, 0x73, 0x74, 0x65, 0x6D, 0x2E, 0x42, 0x6F, 0x6F, 0x6C, 0x65, 0x61, 0x6E,
    0x28, 0x53, 0x79, 0x73, 0x74, 0x65, 0x6D, 0x2E, 0x52, 0x65, 0x66, 0x6C, 0x65, 0x63, 0x74, 0x69,
    0x6F, 0x6E, 0x2E, 0x41, 0x73, 0x73, 0x65, 0x6D, 0x62, 0x6C, 0x79, 0x2C, 0x53, 0x79, 0x73, 0x74,
    0x65, 0x6D, 0x2E, 0x54, 0x79, 0x70, 0x65, 0x29, 0x22, 0x0D, 0x0A, 0x20, 0x20, 0x20, 0x20, 0x20,
    0x20, 0x20, 0x20, 0x20, 0x20, 0x7D, 0x2C, 0x0D, 0x0A, 0x20, 0x20, 0x20, 0x20, 0x20, 0x20, 0x20,
    0x20, 0x20, 0x20, 0x22, 0x74, 0x61, 0x72, 0x67, 0x65, 0x74, 0x52, 0x65, 0x66, 0x65, 0x72, 0x65,
    0x6E, 0x63, 0x65, 0x22, 0x3A, 0x20, 0x7B, 0x0D, 0x0A, 0x20, 0x20, 0x20, 0x20, 0x20, 0x20, 0x20,
    0x20, 0x20, 0x20, 0x20, 0x20, 0x22, 0x6B, 0x69, 0x6E, 0x64, 0x22, 0x3A, 0x20, 0x33, 0x2C, 0x0D,
    0x0A, 0x20, 0x20, 0x20, 0x20, 0x20, 0x20, 0x20, 0x20, 0x20, 0x20, 0x20, 0x20, 0x22, 0x61, 0x73,
    0x73, 0x65, 0x6D, 0x62, 0x6C, 0x79, 0x4E, 0x61, 0x6D, 0x65, 0x22, 0x3A, 0x20, 0x22, 0x53, 0x79,
    0x73, 0x74, 0x65, 0x6D, 0x2E, 0x50, 0x72, 0x69, 0x76, 0x61, 0x74, 0x65, 0x2E, 0x43, 0x6F, 0x72,
    0x65, 0x4C, 0x69, 0x62, 0x22, 0x2C, 0x0D, 0x0A, 0x20, 0x20, 0x20, 0x20, 0x20, 0x20, 0x20, 0x20,
    0x20, 0x20, 0x20, 0x20, 0x22, 0x73, 0x75, 0x62, 0x6A, 0x65, 0x63, 0x74, 0x49, 0x64, 0x22, 0x3A,
    0x20, 0x22, 0x53, 0x79, 0x73, 0x74, 0x65, 0x6D, 0x2E, 0x50, 0x72, 0x69, 0x76, 0x61, 0x74, 0x65,
    0x2E, 0x43, 0x6F, 0x72, 0x65, 0x4C, 0x69, 0x62, 0x2F, 0x53, 0x79, 0x73, 0x74, 0x65, 0x6D, 0x2E,
    0x52, 0x65, 0x66, 0x6C, 0x65, 0x63, 0x74, 0x69, 0x6F, 0x6E, 0x2E, 0x43, 0x75, 0x73, 0x74, 0x6F,
    0x6D, 0x41, 0x74, 0x74, 0x72, 0x69, 0x62, 0x75, 0x74, 0x65, 0x45, 0x78, 0x74, 0x65, 0x6E, 0x73,
    0x69, 0x6F, 0x6E, 0x73, 0x3A, 0x3A, 0x49, 0x73, 0x44, 0x65, 0x66, 0x69, 0x6E, 0x65, 0x64, 0x3A,
    0x53, 0x79, 0x73, 0x74, 0x65, 0x6D, 0x2E, 0x42, 0x6F, 0x6F, 0x6C, 0x65, 0x61, 0x6E, 0x28, 0x53,
    0x79, 0x73, 0x74, 0x65, 0x6D, 0x2E, 0x52, 0x65, 0x66, 0x6C, 0x65, 0x63, 0x74, 0x69, 0x6F, 0x6E,
    0x2E, 0x41, 0x73, 0x73, 0x65, 0x6D, 0x62, 0x6C, 0x79, 0x2C, 0x53, 0x79, 0x73, 0x74, 0x65, 0x6D,
    0x2E, 0x54, 0x79, 0x70, 0x65, 0x29, 0x22, 0x2C, 0x0D, 0x0A, 0x20, 0x20, 0x20, 0x20, 0x20, 0x20,
    0x20, 0x20, 0x20, 0x20, 0x20, 0x20, 0x22, 0x74, 0x79, 0x70, 0x65, 0x53, 0x68, 0x61, 0x70, 0x65,
    0x22, 0x3A, 0x20, 0x30, 0x2C, 0x0D, 0x0A, 0x20, 0x20, 0x20, 0x20, 0x20, 0x20, 0x20, 0x20, 0x20,
    0x20, 0x20, 0x20, 0x22, 0x61, 0x72, 0x72, 0x61, 0x79, 0x45, 0x6C, 0x65, 0x6D, 0x65, 0x6E, 0x74,
    0x54, 0x79, 0x70, 0x65, 0x53, 0x68, 0x61, 0x70, 0x65, 0x22, 0x3A, 0x20, 0x30, 0x2C, 0x0D, 0x0A,
    0x20, 0x20, 0x20, 0x20, 0x20, 0x20, 0x20, 0x20, 0x20, 0x20, 0x20, 0x20, 0x22, 0x69, 0x73, 0x53,
    0x65, 0x61, 0x6C, 0x65, 0x64, 0x22, 0x3A, 0x20, 0x66, 0x61, 0x6C, 0x73, 0x65, 0x2C, 0x0D, 0x0A,
    0x20, 0x20, 0x20, 0x20, 0x20, 0x20, 0x20, 0x20, 0x20, 0x20, 0x20, 0x20, 0x22, 0x69, 0x73, 0x43,
    0x6F, 0x6D, 0x49, 0x6D, 0x70, 0x6F, 0x72, 0x74, 0x22, 0x3A, 0x20, 0x66, 0x61, 0x6C, 0x73, 0x65,
    0x2C, 0x0D, 0x0A, 0x20, 0x20, 0x20, 0x20, 0x20, 0x20, 0x20, 0x20, 0x20, 0x20, 0x20, 0x20, 0x22,
    0x63, 0x6F, 0x6D, 0x49, 0x6E, 0x74, 0x65, 0x72, 0x66, 0x61, 0x63, 0x65, 0x54, 0x79, 0x70, 0x65,
    0x4B, 0x69, 0x6E, 0x64, 0x22, 0x3A, 0x20, 0x30, 0x2C, 0x0D, 0x0A, 0x20, 0x20, 0x20, 0x20, 0x20,
    0x20, 0x20, 0x20, 0x20, 0x20, 0x20, 0x20, 0x22, 0x64, 0x65, 0x63, 0x6C, 0x61, 0x72, 0x69, 0x6E,
    0x67, 0x54, 0x79, 0x70, 0x65, 0x53, 0x68, 0x61, 0x70, 0x65, 0x22, 0x3A, 0x20, 0x30, 0x0D, 0x0A,
    0x20, 0x20, 0x20, 0x20, 0x20, 0x20, 0x20, 0x20, 0x20, 0x20, 0x7D, 0x2C, 0x0D, 0x0A, 0x20, 0x20,
    0x20, 0x20, 0x20, 0x20, 0x20, 0x20, 0x20, 0x20, 0x22, 0x64, 0x69, 0x73, 0x70, 0x61, 0x74, 0x63,
    0x68, 0x4B, 0x69, 0x6E, 0x64, 0x43, 0x6F, 0x64, 0x65, 0x22, 0x3A, 0x20, 0x34, 0x2C, 0x0D, 0x0A,
    0x20, 0x20, 0x20, 0x20, 0x20, 0x20, 0x20, 0x20, 0x20, 0x20, 0x22, 0x69, 0x73, 0x50, 0x72, 0x65,
    0x73, 0x65, 0x72, 0x76, 0x65, 0x53, 0x69, 0x67, 0x22, 0x3A, 0x20, 0x66, 0x61, 0x6C, 0x73, 0x65,
    0x0D, 0x0A, 0x20, 0x20, 0x20, 0x20, 0x20, 0x20, 0x20, 0x20, 0x7D, 0x2C, 0x0D, 0x0A, 0x20, 0x20,
    0x20, 0x20, 0x20, 0x20, 0x20, 0x20, 0x7B, 0x0D, 0x0A, 0x20, 0x20, 0x20, 0x20, 0x20, 0x20, 0x20,
    0x20, 0x20, 0x20, 0x22, 0x6F, 0x70, 0x22, 0x3A, 0x20, 0x22, 0x62, 0x72, 0x74, 0x72, 0x75, 0x65,
    0x22, 0x2C, 0x0D, 0x0A, 0x20, 0x20, 0x20, 0x20, 0x20, 0x20, 0x20, 0x20, 0x20, 0x20, 0x22, 0x6F,
    0x70, 0x43, 0x6F, 0x64, 0x65, 0x22, 0x3A, 0x20, 0x31, 0x38, 0x2C, 0x0D, 0x0A, 0x20, 0x20, 0x20,
    0x20, 0x20, 0x20, 0x20, 0x20, 0x20, 0x20, 0x22, 0x6F, 0x70, 0x65, 0x72, 0x61, 0x6E, 0x64, 0x22,
    0x3A, 0x20, 0x33, 0x36, 0x2C, 0x0D, 0x0A, 0x20, 0x20, 0x20, 0x20, 0x20, 0x20, 0x20, 0x20, 0x20,
    0x20, 0x22, 0x69, 0x6C, 0x4F, 0x66, 0x66, 0x73, 0x65, 0x74, 0x22, 0x3A, 0x20, 0x33, 0x31, 0x2C,
    0x0D, 0x0A, 0x20, 0x20, 0x20, 0x20, 0x20, 0x20, 0x20, 0x20, 0x20, 0x20, 0x22, 0x72, 0x65, 0x73,
    0x75, 0x6C, 0x74, 0x54, 0x79, 0x70, 0x65, 0x22, 0x3A, 0x20, 0x22, 0x53, 0x79, 0x73, 0x74, 0x65,
    0x6D, 0x2E, 0x56, 0x6F, 0x69, 0x64, 0x22, 0x2C, 0x0D, 0x0A, 0x20, 0x20, 0x20, 0x20, 0x20, 0x20,
    0x20, 0x20, 0x20, 0x20, 0x22, 0x69, 0x73, 0x50, 0x72, 0x65, 0x73, 0x65, 0x72, 0x76, 0x65, 0x53,
    0x69, 0x67, 0x22, 0x3A, 0x20, 0x66, 0x61, 0x6C, 0x73, 0x65, 0x0D, 0x0A, 0x20, 0x20, 0x20, 0x20,
    0x20, 0x20, 0x20, 0x20, 0x7D, 0x2C, 0x0D, 0x0A, 0x20, 0x20, 0x20, 0x20, 0x20, 0x20, 0x20, 0x20,
    0x7B, 0x0D, 0x0A, 0x20, 0x20, 0x20, 0x20, 0x20, 0x20, 0x20, 0x20, 0x20, 0x20, 0x22, 0x6F, 0x70,
    0x22, 0x3A, 0x20, 0x22, 0x6C, 0x64, 0x63, 0x2E, 0x69, 0x34, 0x22, 0x2C, 0x0D, 0x0A, 0x20, 0x20,
    0x20, 0x20, 0x20, 0x20, 0x20, 0x20, 0x20, 0x20, 0x22, 0x6F, 0x70, 0x43, 0x6F, 0x64, 0x65, 0x22,
    0x3A, 0x20, 0x30, 0x2C, 0x0D, 0x0A, 0x20, 0x20, 0x20, 0x20, 0x20, 0x20, 0x20, 0x20, 0x20, 0x20,
    0x22, 0x6F, 0x70, 0x65, 0x72, 0x61, 0x6E, 0x64, 0x22, 0x3A, 0x20, 0x30, 0x2C, 0x0D, 0x0A, 0x20,
    0x20, 0x20, 0x20, 0x20, 0x20, 0x20, 0x20, 0x20, 0x20, 0x22, 0x69, 0x6C, 0x4F, 0x66, 0x66, 0x73,
    0x65, 0x74, 0x22, 0x3A, 0x20, 0x33, 0x33, 0x2C, 0x0D, 0x0A, 0x20, 0x20, 0x20, 0x20, 0x20, 0x20,
    0x20, 0x20, 0x20, 0x20, 0x22, 0x72, 0x65, 0x73, 0x75, 0x6C, 0x74, 0x54, 0x79, 0x70, 0x65, 0x22,
    0x3A, 0x20, 0x22, 0x53, 0x79, 0x73, 0x74, 0x65, 0x6D, 0x2E, 0x49, 0x6E, 0x74, 0x33, 0x32, 0x22,
    0x2C, 0x0D, 0x0A, 0x20, 0x20, 0x20, 0x20, 0x20, 0x20, 0x20, 0x20, 0x20, 0x20, 0x22, 0x69, 0x73,
    0x50, 0x72, 0x65, 0x73, 0x65, 0x72, 0x76, 0x65, 0x53, 0x69, 0x67, 0x22, 0x3A, 0x20, 0x66, 0x61,
    0x6C, 0x73, 0x65, 0x0D, 0x0A, 0x20, 0x20, 0x20, 0x20, 0x20, 0x20, 0x20, 0x20, 0x7D, 0x2C, 0x0D,
    0x0A, 0x20, 0x20, 0x20, 0x20, 0x20, 0x20, 0x20, 0x20, 0x7B, 0x0D, 0x0A, 0x20, 0x20, 0x20, 0x20,
    0x20, 0x20, 0x20, 0x20, 0x20, 0x20, 0x22, 0x6F, 0x70, 0x22, 0x3A, 0x20, 0x22, 0x62, 0x72, 0x22,
    0x2C, 0x0D, 0x0A, 0x20, 0x20, 0x20, 0x20, 0x20, 0x20, 0x20, 0x20, 0x20, 0x20, 0x22, 0x6F, 0x70,
    0x43, 0x6F, 0x64, 0x65, 0x22, 0x3A, 0x20, 0x31, 0x37, 0x2C, 0x0D, 0x0A, 0x20, 0x20, 0x20, 0x20,
    0x20, 0x20, 0x20, 0x20, 0x20, 0x20, 0x22, 0x6F, 0x70, 0x65, 0x72, 0x61, 0x6E, 0x64, 0x22, 0x3A,
    0x20, 0x33, 0x37, 0x2C, 0x0D, 0x0A, 0x20, 0x20, 0x20, 0x20, 0x20, 0x20, 0x20, 0x20, 0x20, 0x20,
    0x22, 0x69, 0x6C, 0x4F, 0x66, 0x66, 0x73, 0x65, 0x74, 0x22, 0x3A, 0x20, 0x33, 0x34, 0x2C, 0x0D,
    0x0A, 0x20, 0x20, 0x20, 0x20, 0x20, 0x20, 0x20, 0x20, 0x20, 0x20, 0x22, 0x72, 0x65, 0x73, 0x75,
    0x6C, 0x74, 0x54, 0x79, 0x70, 0x65, 0x22, 0x3A, 0x20, 0x22, 0x53, 0x79, 0x73, 0x74, 0x65, 0x6D,
    0x2E, 0x56, 0x6F, 0x69, 0x64, 0x22, 0x2C, 0x0D, 0x0A, 0x20, 0x20, 0x20, 0x20, 0x20, 0x20, 0x20,
    0x20, 0x20, 0x20, 0x22, 0x69, 0x73, 0x50, 0x72, 0x65, 0x73, 0x65, 0x72, 0x76, 0x65, 0x53, 0x69,
    0x67, 0x22, 0x3A, 0x20, 0x66, 0x61, 0x6C, 0x73, 0x65, 0x0D, 0x0A, 0x20, 0x20, 0x20, 0x20, 0x20,
    0x20, 0x20, 0x20, 0x7D, 0x2C, 0x0D, 0x0A, 0x20, 0x20, 0x20, 0x20, 0x20, 0x20, 0x20, 0x20, 0x7B,
    0x0D, 0x0A, 0x20, 0x20, 0x20, 0x20, 0x20, 0x20, 0x20, 0x20, 0x20, 0x20, 0x22, 0x6F, 0x70, 0x22,
    0x3A, 0x20, 0x22, 0x6C, 0x64, 0x63, 0x2E, 0x69, 0x34, 0x22, 0x2C, 0x0D, 0x0A, 0x20, 0x20, 0x20,
    0x20, 0x20, 0x20, 0x20, 0x20, 0x20, 0x20, 0x22, 0x6F, 0x70, 0x43, 0x6F, 0x64, 0x65, 0x22, 0x3A,
    0x20, 0x30, 0x2C, 0x0D, 0x0A, 0x20, 0x20, 0x20, 0x20, 0x20, 0x20, 0x20, 0x20, 0x20, 0x20, 0x22,
    0x6F, 0x70, 0x65, 0x72, 0x61, 0x6E, 0x64, 0x22, 0x3A, 0x20, 0x31, 0x2C, 0x0D, 0x0A, 0x20, 0x20,
    0x20, 0x20, 0x20, 0x20, 0x20, 0x20, 0x20, 0x20, 0x22, 0x69, 0x6C, 0x4F, 0x66, 0x66, 0x73, 0x65,
    0x74, 0x22, 0x3A, 0x20, 0x33, 0x36, 0x2C, 0x0D, 0x0A, 0x20, 0x20, 0x20, 0x20, 0x20, 0x20, 0x20,
    0x20, 0x20, 0x20, 0x22, 0x72, 0x65, 0x73, 0x75, 0x6C, 0x74, 0x54, 0x79, 0x70, 0x65, 0x22, 0x3A,
    0x20, 0x22, 0x53, 0x79, 0x73, 0x74, 0x65, 0x6D, 0x2E, 0x49, 0x6E, 0x74, 0x33, 0x32, 0x22, 0x2C,
    0x0D, 0x0A, 0x20, 0x20, 0x20, 0x20, 0x20, 0x20, 0x20, 0x20, 0x20, 0x20, 0x22, 0x69, 0x73, 0x50,
    0x72, 0x65, 0x73, 0x65, 0x72, 0x76, 0x65, 0x53, 0x69, 0x67, 0x22, 0x3A, 0x20, 0x66, 0x61, 0x6C,
    0x73, 0x65, 0x0D, 0x0A, 0x20, 0x20, 0x20, 0x20, 0x20, 0x20, 0x20, 0x20, 0x7D, 0x2C, 0x0D, 0x0A,
    0x20, 0x20, 0x20, 0x20, 0x20, 0x20, 0x20, 0x20, 0x7B, 0x0D, 0x0A, 0x20, 0x20, 0x20, 0x20, 0x20,
    0x20, 0x20, 0x20, 0x20, 0x20, 0x22, 0x6F, 0x70, 0x22, 0x3A, 0x20, 0x22, 0x6C, 0x64, 0x63, 0x2E,
    0x69, 0x34, 0x22, 0x2C, 0x0D, 0x0A, 0x20, 0x20, 0x20, 0x20, 0x20, 0x20, 0x20, 0x20, 0x20, 0x20,
    0x22, 0x6F, 0x70, 0x43, 0x6F, 0x64, 0x65, 0x22, 0x3A, 0x20, 0x30, 0x2C, 0x0D, 0x0A, 0x20, 0x20,
    0x20, 0x20, 0x20, 0x20, 0x20, 0x20, 0x20, 0x20, 0x22, 0x6F, 0x70, 0x65, 0x72, 0x61, 0x6E, 0x64,
    0x22, 0x3A, 0x20, 0x31, 0x2C, 0x0D, 0x0A, 0x20, 0x20, 0x20, 0x20, 0x20, 0x20, 0x20, 0x20, 0x20,
    0x20, 0x22, 0x69, 0x6C, 0x4F, 0x66, 0x66, 0x73, 0x65, 0x74, 0x22, 0x3A, 0x20, 0x33, 0x37, 0x2C,
    0x0D, 0x0A, 0x20, 0x20, 0x20, 0x20, 0x20, 0x20, 0x20, 0x20, 0x20, 0x20, 0x22, 0x72, 0x65, 0x73,
    0x75, 0x6C, 0x74, 0x54, 0x79, 0x70, 0x65, 0x22, 0x3A, 0x20, 0x22, 0x53, 0x79, 0x73, 0x74, 0x65,
    0x6D, 0x2E, 0x49, 0x6E, 0x74, 0x33, 0x32, 0x22, 0x2C, 0x0D, 0x0A, 0x20, 0x20, 0x20, 0x20, 0x20,
    0x20, 0x20, 0x20, 0x20, 0x20, 0x22, 0x69, 0x73, 0x50, 0x72, 0x65, 0x73, 0x65, 0x72, 0x76, 0x65,
    0x53, 0x69, 0x67, 0x22, 0x3A, 0x20, 0x66, 0x61, 0x6C, 0x73, 0x65, 0x0D, 0x0A, 0x20, 0x20, 0x20,
    0x20, 0x20, 0x20, 0x20, 0x20, 0x7D, 0x2C, 0x0D, 0x0A, 0x20, 0x20, 0x20, 0x20, 0x20, 0x20, 0x20,
    0x20, 0x7B, 0x0D, 0x0A, 0x20, 0x20, 0x20, 0x20, 0x20, 0x20, 0x20, 0x20, 0x20, 0x20, 0x22, 0x6F,
    0x70, 0x22, 0x3A, 0x20, 0x22, 0x63, 0x65, 0x71, 0x22, 0x2C, 0x0D, 0x0A, 0x20, 0x20, 0x20, 0x20,
    0x20, 0x20, 0x20, 0x20, 0x20, 0x20, 0x22, 0x6F, 0x70, 0x43, 0x6F, 0x64, 0x65, 0x22, 0x3A, 0x20,
    0x33, 0x31, 0x2C, 0x0D, 0x0A, 0x20, 0x20, 0x20, 0x20, 0x20, 0x20, 0x20, 0x20, 0x20, 0x20, 0x22,
    0x69, 0x6C, 0x4F, 0x66, 0x66, 0x73, 0x65, 0x74, 0x22, 0x3A, 0x20, 0x33, 0x38, 0x2C, 0x0D, 0x0A,
    0x20, 0x20, 0x20, 0x20, 0x20, 0x20, 0x20, 0x20, 0x20, 0x20, 0x22, 0x72, 0x65, 0x73, 0x75, 0x6C,
    0x74, 0x54, 0x79, 0x70, 0x65, 0x22, 0x3A, 0x20, 0x22, 0x53, 0x79, 0x73, 0x74, 0x65, 0x6D, 0x2E,
    0x49, 0x6E, 0x74, 0x33, 0x32, 0x22, 0x2C, 0x0D, 0x0A, 0x20, 0x20, 0x20, 0x20, 0x20, 0x20, 0x20,
    0x20, 0x20, 0x20, 0x22, 0x69, 0x73, 0x50, 0x72, 0x65, 0x73, 0x65, 0x72, 0x76, 0x65, 0x53, 0x69,
    0x67, 0x22, 0x3A, 0x20, 0x66, 0x61, 0x6C, 0x73, 0x65, 0x0D, 0x0A, 0x20, 0x20, 0x20, 0x20, 0x20,
    0x20, 0x20, 0x20, 0x7D, 0x2C, 0x0D, 0x0A, 0x20, 0x20, 0x20, 0x20, 0x20, 0x20, 0x20, 0x20, 0x7B,
    0x0D, 0x0A, 0x20, 0x20, 0x20, 0x20, 0x20, 0x20, 0x20, 0x20, 0x20, 0x20, 0x22, 0x6F, 0x70, 0x22,
    0x3A, 0x20, 0x22, 0x6C, 0x64, 0x63, 0x2E, 0x69, 0x34, 0x22, 0x2C, 0x0D, 0x0A, 0x20, 0x20, 0x20,
    0x20, 0x20, 0x20, 0x20, 0x20, 0x20, 0x20, 0x22, 0x6F, 0x70, 0x43, 0x6F, 0x64, 0x65, 0x22, 0x3A,
    0x20, 0x30, 0x2C, 0x0D, 0x0A, 0x20, 0x20, 0x20, 0x20, 0x20, 0x20, 0x20, 0x20, 0x20, 0x20, 0x22,
    0x6F, 0x70, 0x65, 0x72, 0x61, 0x6E, 0x64, 0x22, 0x3A, 0x20, 0x30, 0x2C, 0x0D, 0x0A, 0x20, 0x20,
    0x20, 0x20, 0x20, 0x20, 0x20, 0x20, 0x20, 0x20, 0x22, 0x69, 0x6C, 0x4F, 0x66, 0x66, 0x73, 0x65,
    0x74, 0x22, 0x3A, 0x20, 0x34, 0x30, 0x2C, 0x0D, 0x0A, 0x20, 0x20, 0x20, 0x20, 0x20, 0x20, 0x20,
    0x20, 0x20, 0x20, 0x22, 0x72, 0x65, 0x73, 0x75, 0x6C, 0x74, 0x54, 0x79, 0x70, 0x65, 0x22, 0x3A,
    0x20, 0x22, 0x53, 0x79, 0x73, 0x74, 0x65, 0x6D, 0x2E, 0x49, 0x6E, 0x74, 0x33, 0x32, 0x22, 0x2C,
    0x0D, 0x0A, 0x20, 0x20, 0x20, 0x20, 0x20, 0x20, 0x20, 0x20, 0x20, 0x20, 0x22, 0x69, 0x73, 0x50,
    0x72, 0x65, 0x73, 0x65, 0x72, 0x76, 0x65, 0x53, 0x69, 0x67, 0x22, 0x3A, 0x20, 0x66, 0x61, 0x6C,
    0x73, 0x65, 0x0D, 0x0A, 0x20, 0x20, 0x20, 0x20, 0x20, 0x20, 0x20, 0x20, 0x7D, 0x2C, 0x0D, 0x0A,
    0x20, 0x20, 0x20, 0x20, 0x20, 0x20, 0x20, 0x20, 0x7B, 0x0D, 0x0A, 0x20, 0x20, 0x20, 0x20, 0x20,
    0x20, 0x20, 0x20, 0x20, 0x20, 0x22, 0x6F, 0x70, 0x22, 0x3A, 0x20, 0x22, 0x63, 0x65, 0x71, 0x22,
    0x2C, 0x0D, 0x0A, 0x20, 0x20, 0x20, 0x20, 0x20, 0x20, 0x20, 0x20, 0x20, 0x20, 0x22, 0x6F, 0x70,
    0x43, 0x6F, 0x64, 0x65, 0x22, 0x3A, 0x20, 0x33, 0x31, 0x2C, 0x0D, 0x0A, 0x20, 0x20, 0x20, 0x20,
    0x20, 0x20, 0x20, 0x20, 0x20, 0x20, 0x22, 0x69, 0x6C, 0x4F, 0x66, 0x66, 0x73, 0x65, 0x74, 0x22,
    0x3A, 0x20, 0x34, 0x31, 0x2C, 0x0D, 0x0A, 0x20, 0x20, 0x20, 0x20, 0x20, 0x20, 0x20, 0x20, 0x20,
    0x20, 0x22, 0x72, 0x65, 0x73, 0x75, 0x6C, 0x74, 0x54, 0x79, 0x70, 0x65, 0x22, 0x3A, 0x20, 0x22,
    0x53, 0x79, 0x73, 0x74, 0x65, 0x6D, 0x2E, 0x49, 0x6E, 0x74, 0x33, 0x32, 0x22, 0x2C, 0x0D, 0x0A,
    0x20, 0x20, 0x20, 0x20, 0x20, 0x20, 0x20, 0x20, 0x20, 0x20, 0x22, 0x69, 0x73, 0x50, 0x72, 0x65,
    0x73, 0x65, 0x72, 0x76, 0x65, 0x53, 0x69, 0x67, 0x22, 0x3A, 0x20, 0x66, 0x61, 0x6C, 0x73, 0x65,
    0x0D, 0x0A, 0x20, 0x20, 0x20, 0x20, 0x20, 0x20, 0x20, 0x20, 0x7D, 0x2C, 0x0D, 0x0A, 0x20, 0x20,
    0x20, 0x20, 0x20, 0x20, 0x20, 0x20, 0x7B, 0x0D, 0x0A, 0x20, 0x20, 0x20, 0x20, 0x20, 0x20, 0x20,
    0x20, 0x20, 0x20, 0x22, 0x6F, 0x70, 0x22, 0x3A, 0x20, 0x22, 0x73, 0x74, 0x6C, 0x6F, 0x63, 0x22,
    0x2C, 0x0D, 0x0A, 0x20, 0x20, 0x20, 0x20, 0x20, 0x20, 0x20, 0x20, 0x20, 0x20, 0x22, 0x6F, 0x70,
    0x43, 0x6F, 0x64, 0x65, 0x22, 0x3A, 0x20, 0x38, 0x2C, 0x0D, 0x0A, 0x20, 0x20, 0x20, 0x20, 0x20,
    0x20, 0x20, 0x20, 0x20, 0x20, 0x22, 0x6F, 0x70, 0x65, 0x72, 0x61, 0x6E, 0x64, 0x22, 0x3A, 0x20,
    0x30, 0x2C, 0x0D, 0x0A, 0x20, 0x20, 0x20, 0x20, 0x20, 0x20, 0x20, 0x20, 0x20, 0x20, 0x22, 0x69,
    0x6C, 0x4F, 0x66, 0x66, 0x73, 0x65, 0x74, 0x22, 0x3A, 0x20, 0x34, 0x33, 0x2C, 0x0D, 0x0A, 0x20,
    0x20, 0x20, 0x20, 0x20, 0x20, 0x20, 0x20, 0x20, 0x20, 0x22, 0x72, 0x65, 0x73, 0x75, 0x6C, 0x74,
    0x54, 0x79, 0x70, 0x65, 0x22, 0x3A, 0x20, 0x22, 0x53, 0x79, 0x73, 0x74, 0x65, 0x6D, 0x2E, 0x56,
    0x6F, 0x69, 0x64, 0x22, 0x2C, 0x0D, 0x0A, 0x20, 0x20, 0x20, 0x20, 0x20, 0x20, 0x20, 0x20, 0x20,
    0x20, 0x22, 0x69, 0x73, 0x50, 0x72, 0x65, 0x73, 0x65, 0x72, 0x76, 0x65, 0x53, 0x69, 0x67, 0x22,
    0x3A, 0x20, 0x66, 0x61, 0x6C, 0x73, 0x65, 0x0D, 0x0A, 0x20, 0x20, 0x20, 0x20, 0x20, 0x20, 0x20,
    0x20, 0x7D, 0x2C, 0x0D, 0x0A, 0x20, 0x20, 0x20, 0x20, 0x20, 0x20, 0x20, 0x20, 0x7B, 0x0D, 0x0A,
    0x20, 0x20, 0x20, 0x20, 0x20, 0x20, 0x20, 0x20, 0x20, 0x20, 0x22, 0x6F, 0x70, 0x22, 0x3A, 0x20,
    0x22, 0x6C, 0x64, 0x6C, 0x6F, 0x63, 0x22, 0x2C, 0x0D, 0x0A, 0x20, 0x20, 0x20, 0x20, 0x20, 0x20,
    0x20, 0x20, 0x20, 0x20, 0x22, 0x6F, 0x70, 0x43, 0x6F, 0x64, 0x65, 0x22, 0x3A, 0x20, 0x37, 0x2C,
    0x0D, 0x0A, 0x20, 0x20, 0x20, 0x20, 0x20, 0x20, 0x20, 0x20, 0x20, 0x20, 0x22, 0x6F, 0x70, 0x65,
    0x72, 0x61, 0x6E, 0x64, 0x22, 0x3A, 0x20, 0x30, 0x2C, 0x0D, 0x0A, 0x20, 0x20, 0x20, 0x20, 0x20,
    0x20, 0x20, 0x20, 0x20, 0x20, 0x22, 0x69, 0x6C, 0x4F, 0x66, 0x66, 0x73, 0x65, 0x74, 0x22, 0x3A,
    0x20, 0x34, 0x34, 0x2C, 0x0D, 0x0A, 0x20, 0x20, 0x20, 0x20, 0x20, 0x20, 0x20, 0x20, 0x20, 0x20,
    0x22, 0x69, 0x73, 0x50, 0x72, 0x65, 0x73, 0x65, 0x72, 0x76, 0x65, 0x53, 0x69, 0x67, 0x22, 0x3A,
    0x20, 0x66, 0x61, 0x6C, 0x73, 0x65, 0x0D, 0x0A, 0x20, 0x20, 0x20, 0x20, 0x20, 0x20, 0x20, 0x20,
    0x7D, 0x2C, 0x0D, 0x0A, 0x20, 0x20, 0x20, 0x20, 0x20, 0x20, 0x20, 0x20, 0x7B, 0x0D, 0x0A, 0x20,
    0x20, 0x20, 0x20, 0x20, 0x20, 0x20, 0x20, 0x20, 0x20, 0x22, 0x6F, 0x70, 0x22, 0x3A, 0x20, 0x22,
    0x62, 0x72, 0x66, 0x61, 0x6C, 0x73, 0x65, 0x22, 0x2C, 0x0D, 0x0A, 0x20, 0x20, 0x20, 0x20, 0x20,
    0x20, 0x20, 0x20, 0x20, 0x20, 0x22, 0x6F, 0x70, 0x43, 0x6F, 0x64, 0x65, 0x22, 0x3A, 0x20, 0x31,
    0x39, 0x2C, 0x0D, 0x0A, 0x20, 0x20, 0x20, 0x20, 0x20, 0x20, 0x20, 0x20, 0x20, 0x20, 0x22, 0x6F,
    0x70, 0x65, 0x72, 0x61, 0x6E, 0x64, 0x22, 0x3A, 0x20, 0x35, 0x33, 0x2C, 0x0D, 0x0A, 0x20, 0x20,
    0x20, 0x20, 0x20, 0x20, 0x20, 0x20, 0x20, 0x20, 0x22, 0x69, 0x6C, 0x4F, 0x66, 0x66, 0x73, 0x65,
    0x74, 0x22, 0x3A, 0x20, 0x34, 0x35, 0x2C, 0x0D, 0x0A, 0x20, 0x20, 0x20, 0x20, 0x20, 0x20, 0x20,
    0x20, 0x20, 0x20, 0x22, 0x72, 0x65, 0x73, 0x75, 0x6C, 0x74, 0x54, 0x79, 0x70, 0x65, 0x22, 0x3A,
    0x20, 0x22, 0x53, 0x79, 0x73, 0x74, 0x65, 0x6D, 0x2E, 0x56, 0x6F, 0x69, 0x64, 0x22, 0x2C, 0x0D,
    0x0A, 0x20, 0x20, 0x20, 0x20, 0x20, 0x20, 0x20, 0x20, 0x20, 0x20, 0x22, 0x69, 0x73, 0x50, 0x72,
    0x65, 0x73, 0x65, 0x72, 0x76, 0x65, 0x53, 0x69, 0x67, 0x22, 0x3A, 0x20, 0x66, 0x61, 0x6C, 0x73,
    0x65, 0x0D, 0x0A, 0x20, 0x20, 0x20, 0x20, 0x20, 0x20, 0x20, 0x20, 0x7D, 0x2C, 0x0D, 0x0A, 0x20,
    0x20, 0x20, 0x20, 0x20, 0x20, 0x20, 0x20, 0x7B, 0x0D, 0x0A, 0x20, 0x20, 0x20, 0x20, 0x20, 0x20,
    0x20, 0x20, 0x20, 0x20, 0x22, 0x6F, 0x70, 0x22, 0x3A, 0x20, 0x22, 0x6C, 0x64, 0x63, 0x2E, 0x69,
    0x34, 0x22, 0x2C, 0x0D, 0x0A, 0x20, 0x20, 0x20, 0x20, 0x20, 0x20, 0x20, 0x20, 0x20, 0x20, 0x22,
    0x6F, 0x70, 0x43, 0x6F, 0x64, 0x65, 0x22, 0x3A, 0x20, 0x30, 0x2C, 0x0D, 0x0A, 0x20, 0x20, 0x20,
    0x20, 0x20, 0x20, 0x20, 0x20, 0x20, 0x20, 0x22, 0x6F, 0x70, 0x65, 0x72, 0x61, 0x6E, 0x64, 0x22,
    0x3A, 0x20, 0x31, 0x2C, 0x0D, 0x0A, 0x20, 0x20, 0x20, 0x20, 0x20, 0x20, 0x20, 0x20, 0x20, 0x20,
    0x22, 0x69, 0x6C, 0x4F, 0x66, 0x66, 0x73, 0x65, 0x74, 0x22, 0x3A, 0x20, 0x34, 0x37, 0x2C, 0x0D,
    0x0A, 0x20, 0x20, 0x20, 0x20, 0x20, 0x20, 0x20, 0x20, 0x20, 0x20, 0x22, 0x72, 0x65, 0x73, 0x75,
    0x6C, 0x74, 0x54, 0x79, 0x70, 0x65, 0x22, 0x3A, 0x20, 0x22, 0x53, 0x79, 0x73, 0x74, 0x65, 0x6D,
    0x2E, 0x49, 0x6E, 0x74, 0x33, 0x32, 0x22, 0x2C, 0x0D, 0x0A, 0x20, 0x20, 0x20, 0x20, 0x20, 0x20,
    0x20, 0x20, 0x20, 0x20, 0x22, 0x69, 0x73, 0x50, 0x72, 0x65, 0x73, 0x65, 0x72, 0x76, 0x65, 0x53,
    0x69, 0x67, 0x22, 0x3A, 0x20, 0x66, 0x61, 0x6C, 0x73, 0x65, 0x0D, 0x0A, 0x20, 0x20, 0x20, 0x20,
    0x20, 0x20, 0x20, 0x20, 0x7D, 0x2C, 0x0D, 0x0A, 0x20, 0x20, 0x20, 0x20, 0x20, 0x20, 0x20, 0x20,
    0x7B, 0x0D, 0x0A, 0x20, 0x20, 0x20, 0x20, 0x20, 0x20, 0x20, 0x20, 0x20, 0x20, 0x22, 0x6F, 0x70,
    0x22, 0x3A, 0x20, 0x22, 0x73, 0x74, 0x73, 0x66, 0x6C, 0x64, 0x22, 0x2C, 0x0D, 0x0A, 0x20, 0x20,
    0x20, 0x20, 0x20, 0x20, 0x20, 0x20, 0x20, 0x20, 0x22, 0x6F, 0x70, 0x43, 0x6F, 0x64, 0x65, 0x22,
    0x3A, 0x20, 0x31, 0x33, 0x2C, 0x0D, 0x0A, 0x20, 0x20, 0x20, 0x20, 0x20, 0x20, 0x20, 0x20, 0x20,
    0x20, 0x22, 0x6F, 0x70, 0x65, 0x72, 0x61, 0x6E, 0x64, 0x22, 0x3A, 0x20, 0x22, 0x41, 0x74, 0x74,
    0x72, 0x69, 0x62, 0x75, 0x74, 0x65, 0x73, 0x43, 0x75, 0x73, 0x74, 0x6F, 0x6D, 0x4D, 0x65, 0x74,
    0x61, 0x64, 0x61, 0x74, 0x61, 0x53, 0x75, 0x62, 0x6A, 0x65, 0x63, 0x74, 0x73, 0x2F, 0x41, 0x74,
    0x74, 0x72, 0x69, 0x62, 0x75, 0x74, 0x65, 0x73, 0x43, 0x75, 0x73, 0x74, 0x6F, 0x6D, 0x4D, 0x65,
    0x74, 0x61, 0x64, 0x61, 0x74, 0x61, 0x53, 0x75, 0x62, 0x6A, 0x65, 0x63, 0x74, 0x73, 0x3A, 0x3A,
    0x5F, 0x65, 0x78, 0x69, 0x74, 0x43, 0x6F, 0x64, 0x65, 0x22, 0x2C, 0x0D, 0x0A, 0x20, 0x20, 0x20,
    0x20, 0x20, 0x20, 0x20, 0x20, 0x20, 0x20, 0x22, 0x69, 0x6C, 0x4F, 0x66, 0x66, 0x73, 0x65, 0x74,
    0x22, 0x3A, 0x20, 0x34, 0x38, 0x2C, 0x0D, 0x0A, 0x20, 0x20, 0x20, 0x20, 0x20, 0x20, 0x20, 0x20,
    0x20, 0x20, 0x22, 0x72, 0x65, 0x73, 0x75, 0x6C, 0x74, 0x54, 0x79, 0x70, 0x65, 0x22, 0x3A, 0x20,
    0x22, 0x53, 0x79, 0x73, 0x74, 0x65, 0x6D, 0x2E, 0x56, 0x6F, 0x69, 0x64, 0x22, 0x2C, 0x0D, 0x0A,
    0x20, 0x20, 0x20, 0x20, 0x20, 0x20, 0x20, 0x20, 0x20, 0x20, 0x22, 0x72, 0x65, 0x66, 0x65, 0x72,
    0x65, 0x6E, 0x63, 0x65, 0x22, 0x3A, 0x20, 0x7B, 0x0D, 0x0A, 0x20, 0x20, 0x20, 0x20, 0x20, 0x20,
    0x20, 0x20, 0x20, 0x20, 0x20, 0x20, 0x22, 0x61, 0x73, 0x73, 0x65, 0x6D, 0x62, 0x6C, 0x79, 0x4E,
    0x61, 0x6D, 0x65, 0x22, 0x3A, 0x20, 0x22, 0x41, 0x74, 0x74, 0x72, 0x69, 0x62, 0x75, 0x74, 0x65,
    0x73, 0x43, 0x75, 0x73, 0x74, 0x6F, 0x6D, 0x4D, 0x65, 0x74, 0x61, 0x64, 0x61, 0x74, 0x61, 0x53,
    0x75, 0x62, 0x6A, 0x65, 0x63, 0x74, 0x73, 0x22, 0x2C, 0x0D, 0x0A, 0x20, 0x20, 0x20, 0x20, 0x20,
    0x20, 0x20, 0x20, 0x20, 0x20, 0x20, 0x20, 0x22, 0x73, 0x75, 0x62, 0x6A, 0x65, 0x63, 0x74, 0x4B,
    0x69, 0x6E, 0x64, 0x22, 0x3A, 0x20, 0x22, 0x66, 0x69, 0x65, 0x6C, 0x64, 0x22, 0x2C, 0x0D, 0x0A,
    0x20, 0x20, 0x20, 0x20, 0x20, 0x20, 0x20, 0x20, 0x20, 0x20, 0x20, 0x20, 0x22, 0x73, 0x75, 0x62,
    0x6A, 0x65, 0x63, 0x74, 0x49, 0x64, 0x22, 0x3A, 0x20, 0x22, 0x41, 0x74, 0x74, 0x72, 0x69, 0x62,
    0x75, 0x74, 0x65, 0x73, 0x43, 0x75, 0x73, 0x74, 0x6F, 0x6D, 0x4D, 0x65, 0x74, 0x61, 0x64, 0x61,
    0x74, 0x61, 0x53, 0x75, 0x62, 0x6A, 0x65, 0x63, 0x74, 0x73, 0x2F, 0x41, 0x74, 0x74, 0x72, 0x69,
    0x62, 0x75, 0x74, 0x65, 0x73, 0x43, 0x75, 0x73, 0x74, 0x6F, 0x6D, 0x4D, 0x65, 0x74, 0x61, 0x64,
    0x61, 0x74, 0x61, 0x53, 0x75, 0x62, 0x6A, 0x65, 0x63, 0x74, 0x73, 0x3A, 0x3A, 0x5F, 0x65, 0x78,
    0x69, 0x74, 0x43, 0x6F, 0x64, 0x65, 0x22, 0x0D, 0x0A, 0x20, 0x20, 0x20, 0x20, 0x20, 0x20, 0x20,
    0x20, 0x20, 0x20, 0x7D, 0x2C, 0x0D, 0x0A, 0x20, 0x20, 0x20, 0x20, 0x20, 0x20, 0x20, 0x20, 0x20,
    0x20, 0x22, 0x74, 0x61, 0x72, 0x67, 0x65, 0x74, 0x52, 0x65, 0x66, 0x65, 0x72, 0x65, 0x6E, 0x63,
    0x65, 0x22, 0x3A, 0x20, 0x7B, 0x0D, 0x0A, 0x20, 0x20, 0x20, 0x20, 0x20, 0x20, 0x20, 0x20, 0x20,
    0x20, 0x20, 0x20, 0x22, 0x6B, 0x69, 0x6E, 0x64, 0x22, 0x3A, 0x20, 0x32, 0x2C, 0x0D, 0x0A, 0x20,
    0x20, 0x20, 0x20, 0x20, 0x20, 0x20, 0x20, 0x20, 0x20, 0x20, 0x20, 0x22, 0x61, 0x73, 0x73, 0x65,
    0x6D, 0x62, 0x6C, 0x79, 0x4E, 0x61, 0x6D, 0x65, 0x22, 0x3A, 0x20, 0x22, 0x41, 0x74, 0x74, 0x72,
    0x69, 0x62, 0x75, 0x74, 0x65, 0x73, 0x43, 0x75, 0x73, 0x74, 0x6F, 0x6D, 0x4D, 0x65, 0x74, 0x61,
    0x64, 0x61, 0x74, 0x61, 0x53, 0x75, 0x62, 0x6A, 0x65, 0x63, 0x74, 0x73, 0x22, 0x2C, 0x0D, 0x0A,
    0x20, 0x20, 0x20, 0x20, 0x20, 0x20, 0x20, 0x20, 0x20, 0x20, 0x20, 0x20, 0x22, 0x73, 0x75, 0x62,
    0x6A, 0x65, 0x63, 0x74, 0x49, 0x64, 0x22, 0x3A, 0x20, 0x22, 0x41, 0x74, 0x74, 0x72, 0x69, 0x62,
    0x75, 0x74, 0x65, 0x73, 0x43, 0x75, 0x73, 0x74, 0x6F, 0x6D, 0x4D, 0x65, 0x74, 0x61, 0x64, 0x61,
    0x74, 0x61, 0x53, 0x75, 0x62, 0x6A, 0x65, 0x63, 0x74, 0x73, 0x2F, 0x41, 0x74, 0x74, 0x72, 0x69,
    0x62, 0x75, 0x74, 0x65, 0x73, 0x43, 0x75, 0x73, 0x74, 0x6F, 0x6D, 0x4D, 0x65, 0x74, 0x61, 0x64,
    0x61, 0x74, 0x61, 0x53, 0x75, 0x62, 0x6A, 0x65, 0x63, 0x74, 0x73, 0x3A, 0x3A, 0x5F, 0x65, 0x78,
    0x69, 0x74, 0x43, 0x6F, 0x64, 0x65, 0x22, 0x2C, 0x0D, 0x0A, 0x20, 0x20, 0x20, 0x20, 0x20, 0x20,
    0x20, 0x20, 0x20, 0x20, 0x20, 0x20, 0x22, 0x74, 0x79, 0x70, 0x65, 0x53, 0x68, 0x61, 0x70, 0x65,
    0x22, 0x3A, 0x20, 0x30, 0x2C, 0x0D, 0x0A, 0x20, 0x20, 0x20, 0x20, 0x20, 0x20, 0x20, 0x20, 0x20,
    0x20, 0x20, 0x20, 0x22, 0x61, 0x72, 0x72, 0x61, 0x79, 0x45, 0x6C, 0x65, 0x6D, 0x65, 0x6E, 0x74,
    0x54, 0x79, 0x70, 0x65, 0x53, 0x68, 0x61, 0x70, 0x65, 0x22, 0x3A, 0x20, 0x30, 0x2C, 0x0D, 0x0A,
    0x20, 0x20, 0x20, 0x20, 0x20, 0x20, 0x20, 0x20, 0x20, 0x20, 0x20, 0x20, 0x22, 0x69, 0x73, 0x53,
    0x65, 0x61, 0x6C, 0x65, 0x64, 0x22, 0x3A, 0x20, 0x66, 0x61, 0x6C, 0x73, 0x65, 0x2C, 0x0D, 0x0A,
    0x20, 0x20, 0x20, 0x20, 0x20, 0x20, 0x20, 0x20, 0x20, 0x20, 0x20, 0x20, 0x22, 0x69, 0x73, 0x43,
    0x6F, 0x6D, 0x49, 0x6D, 0x70, 0x6F, 0x72, 0x74, 0x22, 0x3A, 0x20, 0x66, 0x61, 0x6C, 0x73, 0x65,
    0x2C, 0x0D, 0x0A, 0x20, 0x20, 0x20, 0x20, 0x20, 0x20, 0x20, 0x20, 0x20, 0x20, 0x20, 0x20, 0x22,
    0x63, 0x6F, 0x6D, 0x49, 0x6E, 0x74, 0x65, 0x72, 0x66, 0x61, 0x63, 0x65, 0x54, 0x79, 0x70, 0x65,
    0x4B, 0x69, 0x6E, 0x64, 0x22, 0x3A, 0x20, 0x30, 0x2C, 0x0D, 0x0A, 0x20, 0x20, 0x20, 0x20, 0x20,
    0x20, 0x20, 0x20, 0x20, 0x20, 0x20, 0x20, 0x22, 0x64, 0x65, 0x63, 0x6C, 0x61, 0x72, 0x69, 0x6E,
    0x67, 0x54, 0x79, 0x70, 0x65, 0x53, 0x75, 0x62, 0x6A, 0x65, 0x63, 0x74, 0x49, 0x64, 0x22, 0x3A,
    0x20, 0x22, 0x41, 0x74, 0x74, 0x72, 0x69, 0x62, 0x75, 0x74, 0x65, 0x73, 0x43, 0x75, 0x73, 0x74,
    0x6F, 0x6D, 0x4D, 0x65, 0x74, 0x61, 0x64, 0x61, 0x74, 0x61, 0x53, 0x75, 0x62, 0x6A, 0x65, 0x63,
    0x74, 0x73, 0x2F, 0x41, 0x74, 0x74, 0x72, 0x69, 0x62, 0x75, 0x74, 0x65, 0x73, 0x43, 0x75, 0x73,
    0x74, 0x6F, 0x6D, 0x4D, 0x65, 0x74, 0x61, 0x64, 0x61, 0x74, 0x61, 0x53, 0x75, 0x62, 0x6A, 0x65,
    0x63, 0x74, 0x73, 0x22, 0x2C, 0x0D, 0x0A, 0x20, 0x20, 0x20, 0x20, 0x20, 0x20, 0x20, 0x20, 0x20,
    0x20, 0x20, 0x20, 0x22, 0x64, 0x65, 0x63, 0x6C, 0x61, 0x72, 0x69, 0x6E, 0x67, 0x54, 0x79, 0x70,
    0x65, 0x53, 0x68, 0x61, 0x70, 0x65, 0x22, 0x3A, 0x20, 0x31, 0x2C, 0x0D, 0x0A, 0x20, 0x20, 0x20,
    0x20, 0x20, 0x20, 0x20, 0x20, 0x20, 0x20, 0x20, 0x20, 0x22, 0x66, 0x69, 0x65, 0x6C, 0x64, 0x54,
    0x79, 0x70, 0x65, 0x53, 0x75, 0x62, 0x6A, 0x65, 0x63, 0x74, 0x49, 0x64, 0x22, 0x3A, 0x20, 0x22,
    0x53, 0x79, 0x73, 0x74, 0x65, 0x6D, 0x2E, 0x49, 0x6E, 0x74, 0x33, 0x32, 0x22, 0x0D, 0x0A, 0x20,
    0x20, 0x20, 0x20, 0x20, 0x20, 0x20, 0x20, 0x20, 0x20, 0x7D, 0x2C, 0x0D, 0x0A, 0x20, 0x20, 0x20,
    0x20, 0x20, 0x20, 0x20, 0x20, 0x20, 0x20, 0x22, 0x72, 0x75, 0x6E, 0x74, 0x69, 0x6D, 0x65, 0x53,
    0x65, 0x72, 0x76, 0x69, 0x63, 0x65, 0x4B, 0x69, 0x6E, 0x64, 0x22, 0x3A, 0x20, 0x35, 0x2C, 0x0D,
    0x0A, 0x20, 0x20, 0x20, 0x20, 0x20, 0x20, 0x20, 0x20, 0x20, 0x20, 0x22, 0x69, 0x73, 0x50, 0x72,
    0x65, 0x73, 0x65, 0x72, 0x76, 0x65, 0x53, 0x69, 0x67, 0x22, 0x3A, 0x20, 0x66, 0x61, 0x6C, 0x73,
    0x65, 0x0D, 0x0A, 0x20, 0x20, 0x20, 0x20, 0x20, 0x20, 0x20, 0x20, 0x7D, 0x2C, 0x0D, 0x0A, 0x20,
    0x20, 0x20, 0x20, 0x20, 0x20, 0x20, 0x20, 0x7B, 0x0D, 0x0A, 0x20, 0x20, 0x20, 0x20, 0x20, 0x20,
    0x20, 0x20, 0x20, 0x20, 0x22, 0x6F, 0x70, 0x22, 0x3A, 0x20, 0x22, 0x72, 0x65, 0x74, 0x22, 0x2C,
    0x0D, 0x0A, 0x20, 0x20, 0x20, 0x20, 0x20, 0x20, 0x20, 0x20, 0x20, 0x20, 0x22, 0x6F, 0x70, 0x43,
    0x6F, 0x64, 0x65, 0x22, 0x3A, 0x20, 0x35, 0x33, 0x2C, 0x0D, 0x0A, 0x20, 0x20, 0x20, 0x20, 0x20,
    0x20, 0x20, 0x20, 0x20, 0x20, 0x22, 0x69, 0x6C, 0x4F, 0x66, 0x66, 0x73, 0x65, 0x74, 0x22, 0x3A,
    0x20, 0x35, 0x33, 0x2C, 0x0D, 0x0A, 0x20, 0x20, 0x20, 0x20, 0x20, 0x20, 0x20, 0x20, 0x20, 0x20,
    0x22, 0x69, 0x73, 0x50, 0x72, 0x65, 0x73, 0x65, 0x72, 0x76, 0x65, 0x53, 0x69, 0x67, 0x22, 0x3A,
    0x20, 0x66, 0x61, 0x6C, 0x73, 0x65, 0x0D, 0x0A, 0x20, 0x20, 0x20, 0x20, 0x20, 0x20, 0x20, 0x20,
    0x7D, 0x0D, 0x0A, 0x20, 0x20, 0x20, 0x20, 0x20, 0x20, 0x5D, 0x2C, 0x0D, 0x0A, 0x20, 0x20, 0x20,
    0x20, 0x20, 0x20, 0x22, 0x69, 0x73, 0x50, 0x49, 0x6E, 0x76, 0x6F, 0x6B, 0x65, 0x22, 0x3A, 0x20,
    0x66, 0x61, 0x6C, 0x73, 0x65, 0x2C, 0x0D, 0x0A, 0x20, 0x20, 0x20, 0x20, 0x20, 0x20, 0x22, 0x69,
    0x73, 0x55, 0x6E, 0x6D, 0x61, 0x6E, 0x61, 0x67, 0x65, 0x64, 0x43, 0x61, 0x6C, 0x6C, 0x65, 0x72,
    0x73, 0x4F, 0x6E, 0x6C, 0x79, 0x22, 0x3A, 0x20, 0x66, 0x61, 0x6C, 0x73, 0x65, 0x2C, 0x0D, 0x0A,
    0x20, 0x20, 0x20, 0x20, 0x20, 0x20, 0x22, 0x69, 0x6D, 0x70, 0x6F, 0x72, 0x74, 0x43, 0x61, 0x6C,
    0x6C, 0x69, 0x6E, 0x67, 0x43, 0x6F, 0x6E, 0x76, 0x65, 0x6E, 0x74, 0x69, 0x6F, 0x6E, 0x22, 0x3A,
    0x20, 0x30, 0x2C, 0x0D, 0x0A, 0x20, 0x20, 0x20, 0x20, 0x20, 0x20, 0x22, 0x69, 0x6D, 0x70, 0x6F,
    0x72, 0x74, 0x43, 0x68, 0x61, 0x72, 0x53, 0x65, 0x74, 0x22, 0x3A, 0x20, 0x30, 0x2C, 0x0D, 0x0A,
    0x20, 0x20, 0x20, 0x20, 0x20, 0x20, 0x22, 0x69, 0x6D, 0x70, 0x6F, 0x72, 0x74, 0x53, 0x65, 0x74,
    0x4C, 0x61, 0x73, 0x74, 0x45, 0x72, 0x72, 0x6F, 0x72, 0x22, 0x3A, 0x20, 0x66, 0x61, 0x6C, 0x73,
    0x65, 0x2C, 0x0D, 0x0A, 0x20, 0x20, 0x20, 0x20, 0x20, 0x20, 0x22, 0x69, 0x73, 0x49, 0x6E, 0x74,
    0x65, 0x72, 0x6E, 0x61, 0x6C, 0x4C, 0x69, 0x6E, 0x6B, 0x22, 0x3A, 0x20, 0x66, 0x61, 0x6C, 0x73,
    0x65, 0x2C, 0x0D, 0x0A, 0x20, 0x20, 0x20, 0x20, 0x20, 0x20, 0x22, 0x69, 0x73, 0x53, 0x75, 0x70,
    0x70, 0x72, 0x65, 0x73, 0x73, 0x47, 0x43, 0x54, 0x72, 0x61, 0x6E, 0x73, 0x69, 0x74, 0x69, 0x6F,
    0x6E, 0x22, 0x3A, 0x20, 0x66, 0x61, 0x6C, 0x73, 0x65, 0x2C, 0x0D, 0x0A, 0x20, 0x20, 0x20, 0x20,
    0x20, 0x20, 0x22, 0x68, 0x61, 0x73, 0x42, 0x6C, 0x69, 0x74, 0x74, 0x61, 0x62, 0x6C, 0x65, 0x53,
    0x74, 0x72, 0x75, 0x63, 0x74, 0x52, 0x65, 0x74, 0x75, 0x72, 0x6E, 0x22, 0x3A, 0x20, 0x66, 0x61,
    0x6C, 0x73, 0x65, 0x2C, 0x0D, 0x0A, 0x20, 0x20, 0x20, 0x20, 0x20, 0x20, 0x22, 0x64, 0x65, 0x63,
    0x6C, 0x61, 0x72, 0x69, 0x6E, 0x67, 0x41, 0x73, 0x73, 0x65, 0x6D, 0x62, 0x6C, 0x79, 0x4E, 0x61,
    0x6D, 0x65, 0x22, 0x3A, 0x20, 0x22, 0x41, 0x74, 0x74, 0x72, 0x69, 0x62, 0x75, 0x74, 0x65, 0x73,
    0x43, 0x75, 0x73, 0x74, 0x6F, 0x6D, 0x4D, 0x65, 0x74, 0x61, 0x64, 0x61, 0x74, 0x61, 0x53, 0x75,
    0x62, 0x6A, 0x65, 0x63, 0x74, 0x73, 0x22, 0x0D, 0x0A, 0x20, 0x20, 0x20, 0x20, 0x7D, 0x00, 0x7B,
    0x0D, 0x0A, 0x20, 0x20, 0x20, 0x20, 0x20, 0x20, 0x22, 0x6D, 0x65, 0x74, 0x68, 0x6F, 0x64, 0x49,
    0x64, 0x22, 0x3A, 0x20, 0x22, 0x61, 0x74, 0x74, 0x72, 0x69, 0x62, 0x75, 0x74, 0x65, 0x73, 0x2D,
    0x63, 0x75, 0x73, 0x74, 0x6F, 0x6D, 0x2D, 0x6D, 0x65, 0x74, 0x61, 0x64, 0x61, 0x74, 0x61, 0x2D,
    0x73, 0x75, 0x62, 0x6A, 0x65, 0x63, 0x74, 0x73, 0x2E, 0x61, 0x74, 0x74, 0x72, 0x69, 0x62, 0x75,
    0x74, 0x65, 0x73, 0x2D, 0x63, 0x75, 0x73, 0x74, 0x6F, 0x6D, 0x2D, 0x6D, 0x65, 0x74, 0x61, 0x64,
    0x61, 0x74, 0x61, 0x2D, 0x73, 0x75, 0x62, 0x6A, 0x65, 0x63, 0x74, 0x73, 0x2E, 0x73, 0x75, 0x62,
    0x6A, 0x65, 0x63, 0x74, 0x2D, 0x37, 0x22, 0x2C, 0x0D, 0x0A, 0x20, 0x20, 0x20, 0x20, 0x20, 0x20,
    0x22, 0x73, 0x75, 0x62, 0x6A, 0x65, 0x63, 0x74, 0x49, 0x64, 0x22, 0x3A, 0x20, 0x22, 0x41, 0x74,
    0x74, 0x72, 0x69, 0x62, 0x75, 0x74, 0x65, 0x73, 0x43, 0x75, 0x73, 0x74, 0x6F, 0x6D, 0x4D, 0x65,
    0x74, 0x61, 0x64, 0x61, 0x74, 0x61, 0x53, 0x75, 0x62, 0x6A, 0x65, 0x63, 0x74, 0x73, 0x2F, 0x41,
    0x74, 0x74, 0x72, 0x69, 0x62, 0x75, 0x74, 0x65, 0x73, 0x43, 0x75, 0x73, 0x74, 0x6F, 0x6D, 0x4D,
    0x65, 0x74, 0x61, 0x64, 0x61, 0x74, 0x61, 0x53, 0x75, 0x62, 0x6A, 0x65, 0x63, 0x74, 0x73, 0x3A,
    0x3A, 0x53, 0x75, 0x62, 0x6A, 0x65, 0x63, 0x74, 0x5F, 0x37, 0x3A, 0x53, 0x79, 0x73, 0x74, 0x65,
    0x6D, 0x2E, 0x56, 0x6F, 0x69, 0x64, 0x28, 0x29, 0x22, 0x2C, 0x0D, 0x0A, 0x20, 0x20, 0x20, 0x20,
    0x20, 0x20, 0x22, 0x73, 0x69, 0x67, 0x6E, 0x61, 0x74, 0x75, 0x72, 0x65, 0x22, 0x3A, 0x20, 0x22,
    0x53, 0x79, 0x73, 0x74, 0x65, 0x6D, 0x2E, 0x56, 0x6F, 0x69, 0x64, 0x20, 0x41, 0x74, 0x74, 0x72,
    0x69, 0x62, 0x75, 0x74, 0x65, 0x73, 0x43, 0x75, 0x73, 0x74, 0x6F, 0x6D, 0x4D, 0x65, 0x74, 0x61,
    0x64, 0x61, 0x74, 0x61, 0x53, 0x75, 0x62, 0x6A, 0x65, 0x63, 0x74, 0x73, 0x3A, 0x3A, 0x53, 0x75,
    0x62, 0x6A, 0x65, 0x63, 0x74, 0x5F, 0x37, 0x28, 0x29, 0x22, 0x2C, 0x0D, 0x0A, 0x20, 0x20, 0x20,
    0x20, 0x20, 0x20, 0x22, 0x69, 0x64, 0x65, 0x6E, 0x74, 0x69, 0x74, 0x79, 0x22, 0x3A, 0x20, 0x7B,
    0x0D, 0x0A, 0x20, 0x20, 0x20, 0x20, 0x20, 0x20, 0x20, 0x20, 0x22, 0x61, 0x73, 0x73, 0x65, 0x6D,
    0x62, 0x6C, 0x79, 0x4E, 0x61, 0x6D, 0x65, 0x22, 0x3A, 0x20, 0x22, 0x41, 0x74, 0x74, 0x72, 0x69,
    0x62, 0x75, 0x74, 0x65, 0x73, 0x43, 0x75, 0x73, 0x74, 0x6F, 0x6D, 0x4D, 0x65, 0x74, 0x61, 0x64,
    0x61, 0x74, 0x61, 0x53, 0x75, 0x62, 0x6A, 0x65, 0x63, 0x74, 0x73, 0x22, 0x2C, 0x0D, 0x0A, 0x20,
    0x20, 0x20, 0x20, 0x20, 0x20, 0x20, 0x20, 0x22, 0x64, 0x65, 0x63, 0x6C, 0x61, 0x72, 0x69, 0x6E,
    0x67, 0x54, 0x79, 0x70, 0x65, 0x53, 0x75, 0x62, 0x6A, 0x65, 0x63, 0x74, 0x49, 0x64, 0x22, 0x3A,
    0x20, 0x22, 0x41, 0x74, 0x74, 0x72, 0x69, 0x62, 0x75, 0x74, 0x65, 0x73, 0x43, 0x75, 0x73, 0x74,
    0x6F, 0x6D, 0x4D, 0x65, 0x74, 0x61, 0x64, 0x61, 0x74, 0x61, 0x53, 0x75, 0x62, 0x6A, 0x65, 0x63,
    0x74, 0x73, 0x2F, 0x41, 0x74, 0x74, 0x72, 0x69, 0x62, 0x75, 0x74, 0x65, 0x73, 0x43, 0x75, 0x73,
    0x74, 0x6F, 0x6D, 0x4D, 0x65, 0x74, 0x61, 0x64, 0x61, 0x74, 0x61, 0x53, 0x75, 0x62, 0x6A, 0x65,
    0x63, 0x74, 0x73, 0x22, 0x2C, 0x0D, 0x0A, 0x20, 0x20, 0x20, 0x20, 0x20, 0x20, 0x20, 0x20, 0x22,
    0x64, 0x65, 0x66, 0x69, 0x6E, 0x69, 0x74, 0x69, 0x6F, 0x6E, 0x53, 0x75, 0x62, 0x6A, 0x65, 0x63,
    0x74, 0x49, 0x64, 0x22, 0x3A, 0x20, 0x22, 0x41, 0x74, 0x74, 0x72, 0x69, 0x62, 0x75, 0x74, 0x65,
    0x73, 0x43, 0x75, 0x73, 0x74, 0x6F, 0x6D, 0x4D, 0x65, 0x74, 0x61, 0x64, 0x61, 0x74, 0x61, 0x53,
    0x75, 0x62, 0x6A, 0x65, 0x63, 0x74, 0x73, 0x2F, 0x41, 0x74, 0x74, 0x72, 0x69, 0x62, 0x75, 0x74,
    0x65, 0x73, 0x43, 0x75, 0x73, 0x74, 0x6F, 0x6D, 0x4D, 0x65, 0x74, 0x61, 0x64, 0x61, 0x74, 0x61,
    0x53, 0x75, 0x62, 0x6A, 0x65, 0x63, 0x74, 0x73, 0x3A, 0x3A, 0x53, 0x75, 0x62, 0x6A, 0x65, 0x63,
    0x74, 0x5F, 0x37, 0x3A, 0x53, 0x79, 0x73, 0x74, 0x65, 0x6D, 0x2E, 0x56, 0x6F, 0x69, 0x64, 0x28,
    0x29, 0x22, 0x2C, 0x0D, 0x0A, 0x20, 0x20, 0x20, 0x20, 0x20, 0x20, 0x20, 0x20, 0x22, 0x73, 0x75,
    0x62, 0x6A, 0x65, 0x63, 0x74, 0x49, 0x64, 0x22, 0x3A, 0x20, 0x22, 0x41, 0x74, 0x74, 0x72, 0x69,
    0x62, 0x75, 0x74, 0x65, 0x73, 0x43, 0x75, 0x73, 0x74, 0x6F, 0x6D, 0x4D, 0x65, 0x74, 0x61, 0x64,
    0x61, 0x74, 0x61, 0x53, 0x75, 0x62, 0x6A, 0x65, 0x63, 0x74, 0x73, 0x2F, 0x41, 0x74, 0x74, 0x72,
    0x69, 0x62, 0x75, 0x74, 0x65, 0x73, 0x43, 0x75, 0x73, 0x74, 0x6F, 0x6D, 0x4D, 0x65, 0x74, 0x61,
    0x64, 0x61, 0x74, 0x61, 0x53, 0x75, 0x62, 0x6A, 0x65, 0x63, 0x74, 0x73, 0x3A, 0x3A, 0x53, 0x75,
    0x62, 0x6A, 0x65, 0x63, 0x74, 0x5F, 0x37, 0x3A, 0x53, 0x79, 0x73, 0x74, 0x65, 0x6D, 0x2E, 0x56,
    0x6F, 0x69, 0x64, 0x28, 0x29, 0x22, 0x2C, 0x0D, 0x0A, 0x20, 0x20, 0x20, 0x20, 0x20, 0x20, 0x20,
    0x20, 0x22, 0x6D, 0x65, 0x74, 0x68, 0x6F, 0x64, 0x49, 0x64, 0x22, 0x3A, 0x20, 0x22, 0x61, 0x74,
    0x74, 0x72, 0x69, 0x62, 0x75, 0x74, 0x65, 0x73, 0x2D, 0x63, 0x75, 0x73, 0x74, 0x6F, 0x6D, 0x2D,
    0x6D, 0x65, 0x74, 0x61, 0x64, 0x61, 0x74, 0x61, 0x2D, 0x73, 0x75, 0x62, 0x6A, 0x65, 0x63, 0x74,
    0x73, 0x2E, 0x61, 0x74, 0x74, 0x72, 0x69, 0x62, 0x75, 0x74, 0x65, 0x73, 0x2D, 0x63, 0x75, 0x73,
    0x74, 0x6F, 0x6D, 0x2D, 0x6D, 0x65, 0x74, 0x61, 0x64, 0x61, 0x74, 0x61, 0x2D, 0x73, 0x75, 0x62,
    0x6A, 0x65, 0x63, 0x74, 0x73, 0x2E, 0x73, 0x75, 0x62, 0x6A, 0x65, 0x63, 0x74, 0x2D, 0x37, 0x22,
    0x2C, 0x0D, 0x0A, 0x20, 0x20, 0x20, 0x20, 0x20, 0x20, 0x20, 0x20, 0x22, 0x73, 0x69, 0x67, 0x6E,
    0x61, 0x74, 0x75, 0x72, 0x65, 0x22, 0x3A, 0x20, 0x22, 0x53, 0x79, 0x73, 0x74, 0x65, 0x6D, 0x2E,
    0x56, 0x6F, 0x69, 0x64, 0x20, 0x41, 0x74, 0x74, 0x72, 0x69, 0x62, 0x75, 0x74, 0x65, 0x73, 0x43,
    0x75, 0x73, 0x74, 0x6F, 0x6D, 0x4D, 0x65, 0x74, 0x61, 0x64, 0x61, 0x74, 0x61, 0x53, 0x75, 0x62,
    0x6A, 0x65, 0x63, 0x74, 0x73, 0x3A, 0x3A, 0x53, 0x75, 0x62, 0x6A, 0x65, 0x63, 0x74, 0x5F, 0x37,
    0x28, 0x29, 0x22, 0x0D, 0x0A, 0x20, 0x20, 0x20, 0x20, 0x20, 0x20, 0x7D, 0x2C, 0x0D, 0x0A, 0x20,
    0x20, 0x20, 0x20, 0x20, 0x20, 0x22, 0x6E, 0x61, 0x74, 0x69, 0x76, 0x65, 0x53, 0x79, 0x6D, 0x62,
    0x6F, 0x6C, 0x22, 0x3A, 0x20, 0x22, 0x41, 0x74, 0x74, 0x72, 0x69, 0x62, 0x75, 0x74, 0x65, 0x73,
    0x43, 0x75, 0x73, 0x74, 0x6F, 0x6D, 0x4D, 0x65, 0x74, 0x61, 0x64, 0x61, 0x74, 0x61, 0x53, 0x75,
    0x62, 0x6A, 0x65, 0x63, 0x74, 0x73, 0x5F, 0x41, 0x74, 0x74, 0x72, 0x69, 0x62, 0x75, 0x74, 0x65,
    0x73, 0x43, 0x75, 0x73, 0x74, 0x6F, 0x6D, 0x4D, 0x65, 0x74, 0x61, 0x64, 0x61, 0x74, 0x61, 0x53,
    0x75, 0x62, 0x6A, 0x65, 0x63, 0x74, 0x73, 0x5F, 0x53, 0x75, 0x62, 0x6A, 0x65, 0x63, 0x74, 0x5F,
    0x37, 0x22, 0x2C, 0x0D, 0x0A, 0x20, 0x20, 0x20, 0x20, 0x20, 0x20, 0x22, 0x69, 0x73, 0x53, 0x74,
    0x61, 0x74, 0x69, 0x63, 0x22, 0x3A, 0x20, 0x74, 0x72, 0x75, 0x65, 0x2C, 0x0D, 0x0A, 0x20, 0x20,
    0x20, 0x20, 0x20, 0x20, 0x22, 0x72, 0x65, 0x74, 0x75, 0x72, 0x6E, 0x54, 0x79, 0x70, 0x65, 0x22,
    0x3A, 0x20, 0x22, 0x53, 0x79, 0x73, 0x74, 0x65, 0x6D, 0x2E, 0x56, 0x6F, 0x69, 0x64, 0x22, 0x2C,
    0x0D, 0x0A, 0x20, 0x20, 0x20, 0x20, 0x20, 0x20, 0x22, 0x72, 0x65, 0x74, 0x75, 0x72, 0x6E, 0x41,
    0x62, 0x69, 0x22, 0x3A, 0x20, 0x7B, 0x0D, 0x0A, 0x20, 0x20, 0x20, 0x20, 0x20, 0x20, 0x20, 0x20,
    0x22, 0x63, 0x61, 0x72, 0x72, 0x69, 0x65, 0x72, 0x4B, 0x69, 0x6E, 0x64, 0x43, 0x6F, 0x64, 0x65,
    0x22, 0x3A, 0x20, 0x30, 0x2C, 0x0D, 0x0A, 0x20, 0x20, 0x20, 0x20, 0x20, 0x20, 0x20, 0x20, 0x22,
    0x74, 0x79, 0x70, 0x65, 0x53, 0x68, 0x61, 0x70, 0x65, 0x22, 0x3A, 0x20, 0x31, 0x0D, 0x0A, 0x20,
    0x20, 0x20, 0x20, 0x20, 0x20, 0x7D, 0x2C, 0x0D, 0x0A, 0x20, 0x20, 0x20, 0x20, 0x20, 0x20, 0x22,
    0x70, 0x61, 0x72, 0x61, 0x6D, 0x65, 0x74, 0x65, 0x72, 0x43, 0x6F, 0x75, 0x6E, 0x74, 0x22, 0x3A,
    0x20, 0x30, 0x2C, 0x0D, 0x0A, 0x20, 0x20, 0x20, 0x20, 0x20, 0x20, 0x22, 0x70, 0x61, 0x72, 0x61,
    0x6D, 0x65, 0x74, 0x65, 0x72, 0x41, 0x62, 0x69, 0x73, 0x22, 0x3A, 0x20, 0x5B, 0x5D, 0x2C, 0x0D,
    0x0A, 0x20, 0x20, 0x20, 0x20, 0x20, 0x20, 0x22, 0x6C, 0x6F, 0x63, 0x61, 0x6C, 0x43, 0x6F, 0x75,
    0x6E, 0x74, 0x22, 0x3A, 0x20, 0x31, 0x2C, 0x0D, 0x0A, 0x20, 0x20, 0x20, 0x20, 0x20, 0x20, 0x22,
    0x65, 0x78, 0x63, 0x65, 0x70, 0x74, 0x69, 0x6F, 0x6E, 0x52, 0x65, 0x67, 0x69, 0x6F, 0x6E, 0x43,
    0x6F, 0x75, 0x6E, 0x74, 0x22, 0x3A, 0x20, 0x30, 0x2C, 0x0D, 0x0A, 0x20, 0x20, 0x20, 0x20, 0x20,
    0x20, 0x22, 0x65, 0x78, 0x63, 0x65, 0x70, 0x74, 0x69, 0x6F, 0x6E, 0x52, 0x65, 0x67, 0x69, 0x6F,
    0x6E, 0x73, 0x22, 0x3A, 0x20, 0x5B, 0x5D, 0x2C, 0x0D, 0x0A, 0x20, 0x20, 0x20, 0x20, 0x20, 0x20,
    0x22, 0x69, 0x6E, 0x73, 0x74, 0x72, 0x75, 0x63, 0x74, 0x69, 0x6F, 0x6E, 0x73, 0x22, 0x3A, 0x20,
    0x5B, 0x0D, 0x0A, 0x20, 0x20, 0x20, 0x20, 0x20, 0x20, 0x20, 0x20, 0x7B, 0x0D, 0x0A, 0x20, 0x20,
    0x20, 0x20, 0x20, 0x20, 0x20, 0x20, 0x20, 0x20, 0x22, 0x6F, 0x70, 0x22, 0x3A, 0x20, 0x22, 0x6C,
    0x64, 0x74, 0x6F, 0x6B, 0x65, 0x6E, 0x22, 0x2C, 0x0D, 0x0A, 0x20, 0x20, 0x20, 0x20, 0x20, 0x20,
    0x20, 0x20, 0x20, 0x20, 0x22, 0x6F, 0x70, 0x43, 0x6F, 0x64, 0x65, 0x22, 0x3A, 0x20, 0x37, 0x30,
    0x2C, 0x0D, 0x0A, 0x20, 0x20, 0x20, 0x20, 0x20, 0x20, 0x20, 0x20, 0x20, 0x20, 0x22, 0x6F, 0x70,
    0x65, 0x72, 0x61, 0x6E, 0x64, 0x22, 0x3A, 0x20, 0x22, 0x53, 0x79, 0x73, 0x74, 0x65, 0x6D, 0x2E,
    0x50, 0x72, 0x69, 0x76, 0x61, 0x74, 0x65, 0x2E, 0x43, 0x6F, 0x72, 0x65, 0x4C, 0x69, 0x62, 0x2F,
    0x53, 0x79, 0x73, 0x74, 0x65, 0x6D, 0x2E, 0x42, 0x79, 0x74, 0x65, 0x22, 0x2C, 0x0D, 0x0A, 0x20,
    0x20, 0x20, 0x20, 0x20, 0x20, 0x20, 0x20, 0x20, 0x20, 0x22, 0x69, 0x6C, 0x4F, 0x66, 0x66, 0x73,
    0x65, 0x74, 0x22, 0x3A, 0x20, 0x31, 0x2C, 0x0D, 0x0A, 0x20, 0x20, 0x20, 0x20, 0x20, 0x20, 0x20,
    0x20, 0x20, 0x20, 0x22, 0x72, 0x65, 0x73, 0x75, 0x6C, 0x74, 0x54, 0x79, 0x70, 0x65, 0x22, 0x3A,
    0x20, 0x22, 0x53, 0x79, 0x73, 0x74, 0x65, 0x6D, 0x2E, 0x52, 0x75, 0x6E, 0x74, 0x69, 0x6D, 0x65,
    0x54, 0x79, 0x70, 0x65, 0x48, 0x61, 0x6E, 0x64, 0x6C, 0x65, 0x22, 0x2C, 0x0D, 0x0A, 0x20, 0x20,
    0x20, 0x20, 0x20, 0x20, 0x20, 0x20, 0x20, 0x20, 0x22, 0x72, 0x65, 0x66, 0x65, 0x72, 0x65, 0x6E,
    0x63, 0x65, 0x22, 0x3A, 0x20, 0x7B, 0x0D, 0x0A, 0x20, 0x20, 0x20, 0x20, 0x20, 0x20, 0x20, 0x20,
    0x20, 0x20, 0x20, 0x20, 0x22, 0x61, 0x73, 0x73, 0x65, 0x6D, 0x62, 0x6C, 0x79, 0x4E, 0x61, 0x6D,
    0x65, 0x22, 0x3A, 0x20, 0x22, 0x53, 0x79, 0x73, 0x74, 0x65, 0x6D, 0x2E, 0x50, 0x72, 0x69, 0x76,
    0x61, 0x74, 0x65, 0x2E, 0x43, 0x6F, 0x72, 0x65, 0x4C, 0x69, 0x62, 0x22, 0x2C, 0x0D, 0x0A, 0x20,
    0x20, 0x20, 0x20, 0x20, 0x20, 0x20, 0x20, 0x20, 0x20, 0x20, 0x20, 0x22, 0x73, 0x75, 0x62, 0x6A,
    0x65, 0x63, 0x74, 0x4B, 0x69, 0x6E, 0x64, 0x22, 0x3A, 0x20, 0x22, 0x74, 0x79, 0x70, 0x65, 0x22,
    0x2C, 0x0D, 0x0A, 0x20, 0x20, 0x20, 0x20, 0x20, 0x20, 0x20, 0x20, 0x20, 0x20, 0x20, 0x20, 0x22,
    0x73, 0x75, 0x62, 0x6A, 0x65, 0x63, 0x74, 0x49, 0x64, 0x22, 0x3A, 0x20, 0x22, 0x53, 0x79, 0x73,
    0x74, 0x65, 0x6D, 0x2E, 0x50, 0x72, 0x69, 0x76, 0x61, 0x74, 0x65, 0x2E, 0x43, 0x6F, 0x72, 0x65,
    0x4C, 0x69, 0x62, 0x2F, 0x53, 0x79, 0x73, 0x74, 0x65, 0x6D, 0x2E, 0x42, 0x79, 0x74, 0x65, 0x22,
    0x0D, 0x0A, 0x20, 0x20, 0x20, 0x20, 0x20, 0x20, 0x20, 0x20, 0x20, 0x20, 0x7D, 0x2C, 0x0D, 0x0A,
    0x20, 0x20, 0x20, 0x20, 0x20, 0x20, 0x20, 0x20, 0x20, 0x20, 0x22, 0x74, 0x61, 0x72, 0x67, 0x65,
    0x74, 0x52, 0x65, 0x66, 0x65, 0x72, 0x65, 0x6E, 0x63, 0x65, 0x22, 0x3A, 0x20, 0x7B, 0x0D, 0x0A,
    0x20, 0x20, 0x20, 0x20, 0x20, 0x20, 0x20, 0x20, 0x20, 0x20, 0x20, 0x20, 0x22, 0x6B, 0x69, 0x6E,
    0x64, 0x22, 0x3A, 0x20, 0x31, 0x2C, 0x0D, 0x0A, 0x20, 0x20, 0x20, 0x20, 0x20, 0x20, 0x20, 0x20,
    0x20, 0x20, 0x20, 0x20, 0x22, 0x61, 0x73, 0x73, 0x65, 0x6D, 0x62, 0x6C, 0x79, 0x4E, 0x61, 0x6D,
    0x65, 0x22, 0x3A, 0x20, 0x22, 0x53, 0x79, 0x73, 0x74, 0x65, 0x6D, 0x2E, 0x50, 0x72, 0x69, 0x76,
    0x61, 0x74, 0x65, 0x2E, 0x43, 0x6F, 0x72, 0x65, 0x4C, 0x69, 0x62, 0x22, 0x2C, 0x0D, 0x0A, 0x20,
    0x20, 0x20, 0x20, 0x20, 0x20, 0x20, 0x20, 0x20, 0x20, 0x20, 0x20, 0x22, 0x73, 0x75, 0x62, 0x6A,
    0x65, 0x63, 0x74, 0x49, 0x64, 0x22, 0x3A, 0x20, 0x22, 0x53, 0x79, 0x73, 0x74, 0x65, 0x6D, 0x2E,
    0x50, 0x72, 0x69, 0x76, 0x61, 0x74, 0x65, 0x2E, 0x43, 0x6F, 0x72, 0x65, 0x4C, 0x69, 0x62, 0x2F,
    0x53, 0x79, 0x73, 0x74, 0x65, 0x6D, 0x2E, 0x42, 0x79, 0x74, 0x65, 0x22, 0x2C, 0x0D, 0x0A, 0x20,
    0x20, 0x20, 0x20, 0x20, 0x20, 0x20, 0x20, 0x20, 0x20, 0x20, 0x20, 0x22, 0x74, 0x79, 0x70, 0x65,
    0x53, 0x68, 0x61, 0x70, 0x65, 0x22, 0x3A, 0x20, 0x31, 0x2C, 0x0D, 0x0A, 0x20, 0x20, 0x20, 0x20,
    0x20, 0x20, 0x20, 0x20, 0x20, 0x20, 0x20, 0x20, 0x22, 0x61, 0x72, 0x72, 0x61, 0x79, 0x45, 0x6C,
    0x65, 0x6D, 0x65, 0x6E, 0x74, 0x54, 0x79, 0x70, 0x65, 0x53, 0x68, 0x61, 0x70, 0x65, 0x22, 0x3A,
    0x20, 0x30, 0x2C, 0x0D, 0x0A, 0x20, 0x20, 0x20, 0x20, 0x20, 0x20, 0x20, 0x20, 0x20, 0x20, 0x20,
    0x20, 0x22, 0x69, 0x73, 0x53, 0x65, 0x61, 0x6C, 0x65, 0x64, 0x22, 0x3A, 0x20, 0x66, 0x61, 0x6C,
    0x73, 0x65, 0x2C, 0x0D, 0x0A, 0x20, 0x20, 0x20, 0x20, 0x20, 0x20, 0x20, 0x20, 0x20, 0x20, 0x20,
    0x20, 0x22, 0x69, 0x73, 0x43, 0x6F, 0x6D, 0x49, 0x6D, 0x70, 0x6F, 0x72, 0x74, 0x22, 0x3A, 0x20,
    0x66, 0x61, 0x6C, 0x73, 0x65, 0x2C, 0x0D, 0x0A, 0x20, 0x20, 0x20, 0x20, 0x20, 0x20, 0x20, 0x20,
    0x20, 0x20, 0x20, 0x20, 0x22, 0x63, 0x6F, 0x6D, 0x49, 0x6E, 0x74, 0x65, 0x72, 0x66, 0x61, 0x63,
    0x65, 0x54, 0x79, 0x70, 0x65, 0x4B, 0x69, 0x6E, 0x64, 0x22, 0x3A, 0x20, 0x30, 0x2C, 0x0D, 0x0A,
    0x20, 0x20, 0x20, 0x20, 0x20, 0x20, 0x20, 0x20, 0x20, 0x20, 0x20, 0x20, 0x22, 0x64, 0x65, 0x63,
    0x6C, 0x61, 0x72, 0x69, 0x6E, 0x67, 0x54, 0x79, 0x70, 0x65, 0x53, 0x68, 0x61, 0x70, 0x65, 0x22,
    0x3A, 0x20, 0x30, 0x0D, 0x0A, 0x20, 0x20, 0x20, 0x20, 0x20, 0x20, 0x20, 0x20, 0x20, 0x20, 0x7D,
    0x2C, 0x0D, 0x0A, 0x20, 0x20, 0x20, 0x20, 0x20, 0x20, 0x20, 0x20, 0x20, 0x20, 0x22, 0x69, 0x73,
    0x50, 0x72, 0x65, 0x73, 0x65, 0x72, 0x76, 0x65, 0x53, 0x69, 0x67, 0x22, 0x3A, 0x20, 0x66, 0x61,
    0x6C, 0x73, 0x65, 0x0D, 0x0A, 0x20, 0x20, 0x20, 0x20, 0x20, 0x20, 0x20, 0x20, 0x7D, 0x2C, 0x0D,
    0x0A, 0x20, 0x20, 0x20, 0x20, 0x20, 0x20, 0x20, 0x20, 0x7B, 0x0D, 0x0A, 0x20, 0x20, 0x20, 0x20,
    0x20, 0x20, 0x20, 0x20, 0x20, 0x20, 0x22, 0x6F, 0x70, 0x22, 0x3A, 0x20, 0x22, 0x63, 0x61, 0x6C,
    0x6C, 0x22, 0x2C, 0x0D, 0x0A, 0x20, 0x20, 0x20, 0x20, 0x20, 0x20, 0x20, 0x20, 0x20, 0x20, 0x22,
    0x6F, 0x70, 0x43, 0x6F, 0x64, 0x65, 0x22, 0x3A, 0x20, 0x31, 0x34, 0x2C, 0x0D, 0x0A, 0x20, 0x20,
    0x20, 0x20, 0x20, 0x20, 0x20, 0x20, 0x20, 0x20, 0x22, 0x69, 0x6C, 0x4F, 0x66, 0x66, 0x73, 0x65,
    0x74, 0x22, 0x3A, 0x20, 0x36, 0x2C, 0x0D, 0x0A, 0x20, 0x20, 0x20, 0x20, 0x20, 0x20, 0x20, 0x20,
    0x20, 0x20, 0x22, 0x72, 0x65, 0x73, 0x75, 0x6C, 0x74, 0x54, 0x79, 0x70, 0x65, 0x22, 0x3A, 0x20,
    0x22, 0x53, 0x79, 0x73, 0x74, 0x65, 0x6D, 0x2E, 0x54, 0x79, 0x70, 0x65, 0x22, 0x2C, 0x0D, 0x0A,
    0x20, 0x20, 0x20, 0x20, 0x20, 0x20, 0x20, 0x20, 0x20, 0x20, 0x22, 0x63, 0x61, 0x6C, 0x6C, 0x65,
    0x65, 0x22, 0x3A, 0x20, 0x22, 0x53, 0x79, 0x73, 0x74, 0x65, 0x6D, 0x2E, 0x50, 0x72, 0x69, 0x76,
    0x61, 0x74, 0x65, 0x2E, 0x43, 0x6F, 0x72, 0x65, 0x4C, 0x69, 0x62, 0x2F, 0x53, 0x79, 0x73, 0x74,
    0x65, 0x6D, 0x2E, 0x54, 0x79, 0x70, 0x65, 0x3A, 0x3A, 0x47, 0x65, 0x74, 0x54, 0x79, 0x70, 0x65,
    0x46, 0x72, 0x6F, 0x6D, 0x48, 0x61, 0x6E, 0x64, 0x6C, 0x65, 0x3A, 0x53, 0x79, 0x73, 0x74, 0x65,
    0x6D, 0x2E, 0x54, 0x79, 0x70, 0x65, 0x28, 0x53, 0x79, 0x73, 0x74, 0x65, 0x6D, 0x2E, 0x52, 0x75,
    0x6E, 0x74, 0x69, 0x6D, 0x65, 0x54, 0x79, 0x70, 0x65, 0x48, 0x61, 0x6E, 0x64, 0x6C, 0x65, 0x29,
    0x22, 0x2C, 0x0D, 0x0A, 0x20, 0x20, 0x20, 0x20, 0x20, 0x20, 0x20, 0x20, 0x20, 0x20, 0x22, 0x72,
    0x65, 0x66, 0x65, 0x72, 0x65, 0x6E, 0x63, 0x65, 0x22, 0x3A, 0x20, 0x7B, 0x0D, 0x0A, 0x20, 0x20,
    0x20, 0x20, 0x20, 0x20, 0x20, 0x20, 0x20, 0x20, 0x20, 0x20, 0x22, 0x61, 0x73, 0x73, 0x65, 0x6D,
    0x62, 0x6C, 0x79, 0x4E, 0x61, 0x6D, 0x65, 0x22, 0x3A, 0x20, 0x22, 0x53, 0x79, 0x73, 0x74, 0x65,
    0x6D, 0x2E, 0x50, 0x72, 0x69, 0x76, 0x61, 0x74, 0x65, 0x2E, 0x43, 0x6F, 0x72, 0x65, 0x4C, 0x69,
    0x62, 0x22, 0x2C, 0x0D, 0x0A, 0x20, 0x20, 0x20, 0x20, 0x20, 0x20, 0x20, 0x20, 0x20, 0x20, 0x20,
    0x20, 0x22, 0x73, 0x75, 0x62, 0x6A, 0x65, 0x63, 0x74, 0x4B, 0x69, 0x6E, 0x64, 0x22, 0x3A, 0x20,
    0x22, 0x6D, 0x65, 0x74, 0x68, 0x6F, 0x64, 0x22, 0x2C, 0x0D, 0x0A, 0x20, 0x20, 0x20, 0x20, 0x20,
    0x20, 0x20, 0x20, 0x20, 0x20, 0x20, 0x20, 0x22, 0x73, 0x75, 0x62, 0x6A, 0x65, 0x63, 0x74, 0x49,
    0x64, 0x22, 0x3A, 0x20, 0x22, 0x53, 0x79, 0x73, 0x74, 0x65, 0x6D, 0x2E, 0x50, 0x72, 0x69, 0x76,
    0x61, 0x74, 0x65, 0x2E, 0x43, 0x6F, 0x72, 0x65, 0x4C, 0x69, 0x62, 0x2F, 0x53, 0x79, 0x73, 0x74,
    0x65, 0x6D, 0x2E, 0x54, 0x79, 0x70, 0x65, 0x3A, 0x3A, 0x47, 0x65, 0x74, 0x54, 0x79, 0x70, 0x65,
    0x46, 0x72, 0x6F, 0x6D, 0x48, 0x61, 0x6E, 0x64, 0x6C, 0x65, 0x3A, 0x53, 0x79, 0x73, 0x74, 0x65,
    0x6D, 0x2E, 0x54, 0x79, 0x70, 0x65, 0x28, 0x53, 0x79, 0x73, 0x74, 0x65, 0x6D, 0x2E, 0x52, 0x75,
    0x6E, 0x74, 0x69, 0x6D, 0x65, 0x54, 0x79, 0x70, 0x65, 0x48, 0x61, 0x6E, 0x64, 0x6C, 0x65, 0x29,
    0x22, 0x0D, 0x0A, 0x20, 0x20, 0x20, 0x20, 0x20, 0x20, 0x20, 0x20, 0x20, 0x20, 0x7D, 0x2C, 0x0D,
    0x0A, 0x20, 0x20, 0x20, 0x20, 0x20, 0x20, 0x20, 0x20, 0x20, 0x20, 0x22, 0x74, 0x61, 0x72, 0x67,
    0x65, 0x74, 0x52, 0x65, 0x66, 0x65, 0x72, 0x65, 0x6E, 0x63, 0x65, 0x22, 0x3A, 0x20, 0x7B, 0x0D,
    0x0A, 0x20, 0x20, 0x20, 0x20, 0x20, 0x20, 0x20, 0x20, 0x20, 0x20, 0x20, 0x20, 0x22, 0x6B, 0x69,
    0x6E, 0x64, 0x22, 0x3A, 0x20, 0x33, 0x2C, 0x0D, 0x0A, 0x20, 0x20, 0x20, 0x20, 0x20, 0x20, 0x20,
    0x20, 0x20, 0x20, 0x20, 0x20, 0x22, 0x61, 0x73, 0x73, 0x65, 0x6D, 0x62, 0x6C, 0x79, 0x4E, 0x61,
    0x6D, 0x65, 0x22, 0x3A, 0x20, 0x22, 0x53, 0x79, 0x73, 0x74, 0x65, 0x6D, 0x2E, 0x50, 0x72, 0x69,
    0x76, 0x61, 0x74, 0x65, 0x2E, 0x43, 0x6F, 0x72, 0x65, 0x4C, 0x69, 0x62, 0x22, 0x2C, 0x0D, 0x0A,
    0x20, 0x20, 0x20, 0x20, 0x20, 0x20, 0x20, 0x20, 0x20, 0x20, 0x20, 0x20, 0x22, 0x73, 0x75, 0x62,
    0x6A, 0x65, 0x63, 0x74, 0x49, 0x64, 0x22, 0x3A, 0x20, 0x22, 0x53, 0x79, 0x73, 0x74, 0x65, 0x6D,
    0x2E, 0x50, 0x72, 0x69, 0x76, 0x61, 0x74, 0x65, 0x2E, 0x43, 0x6F, 0x72, 0x65, 0x4C, 0x69, 0x62,
    0x2F, 0x53, 0x79, 0x73, 0x74, 0x65, 0x6D, 0x2E, 0x54, 0x79, 0x70, 0x65, 0x3A, 0x3A, 0x47, 0x65,
    0x74, 0x54, 0x79, 0x70, 0x65, 0x46, 0x72, 0x6F, 0x6D, 0x48, 0x61, 0x6E, 0x64, 0x6C, 0x65, 0x3A,
    0x53, 0x79, 0x73, 0x74, 0x65, 0x6D, 0x2E, 0x54, 0x79, 0x70, 0x65, 0x28, 0x53, 0x79, 0x73, 0x74,
    0x65, 0x6D, 0x2E, 0x52, 0x75, 0x6E, 0x74, 0x69, 0x6D, 0x65, 0x54, 0x79, 0x70, 0x65, 0x48, 0x61,
    0x6E, 0x64, 0x6C, 0x65, 0x29, 0x22, 0x2C, 0x0D, 0x0A, 0x20, 0x20, 0x20, 0x20, 0x20, 0x20, 0x20,
    0x20, 0x20, 0x20, 0x20, 0x20, 0x22, 0x74, 0x79, 0x70, 0x65, 0x53, 0x68, 0x61, 0x70, 0x65, 0x22,
    0x3A, 0x20, 0x30, 0x2C, 0x0D, 0x0A, 0x20, 0x20, 0x20, 0x20, 0x20, 0x20, 0x20, 0x20, 0x20, 0x20,
    0x20, 0x20, 0x22, 0x61, 0x72, 0x72, 0x61, 0x79, 0x45, 0x6C, 0x65, 0x6D, 0x65, 0x6E, 0x74, 0x54,
    0x79, 0x70, 0x65, 0x53, 0x68, 0x61, 0x70, 0x65, 0x22, 0x3A, 0x20, 0x30, 0x2C, 0x0D, 0x0A, 0x20,
    0x20, 0x20, 0x20, 0x20, 0x20, 0x20, 0x20, 0x20, 0x20, 0x20, 0x20, 0x22, 0x69, 0x73, 0x53, 0x65,
    0x61, 0x6C, 0x65, 0x64, 0x22, 0x3A, 0x20, 0x66, 0x61, 0x6C, 0x73, 0x65, 0x2C, 0x0D, 0x0A, 0x20,
    0x20, 0x20, 0x20, 0x20, 0x20, 0x20, 0x20, 0x20, 0x20, 0x20, 0x20, 0x22, 0x69, 0x73, 0x43, 0x6F,
    0x6D, 0x49, 0x6D, 0x70, 0x6F, 0x72, 0x74, 0x22, 0x3A, 0x20, 0x66, 0x61, 0x6C, 0x73, 0x65, 0x2C,
    0x0D, 0x0A, 0x20, 0x20, 0x20, 0x20, 0x20, 0x20, 0x20, 0x20, 0x20, 0x20, 0x20, 0x20, 0x22, 0x63,
    0x6F, 0x6D, 0x49, 0x6E, 0x74, 0x65, 0x72, 0x66, 0x61, 0x63, 0x65, 0x54, 0x79, 0x70, 0x65, 0x4B,
    0x69, 0x6E, 0x64, 0x22, 0x3A, 0x20, 0x30, 0x2C, 0x0D, 0x0A, 0x20, 0x20, 0x20, 0x20, 0x20, 0x20,
    0x20, 0x20, 0x20, 0x20, 0x20, 0x20, 0x22, 0x64, 0x65, 0x63, 0x6C, 0x61, 0x72, 0x69, 0x6E, 0x67,
    0x54, 0x79, 0x70, 0x65, 0x53, 0x68, 0x61, 0x70, 0x65, 0x22, 0x3A, 0x20, 0x30, 0x0D, 0x0A, 0x20,
    0x20, 0x20, 0x20, 0x20, 0x20, 0x20, 0x20, 0x20, 0x20, 0x7D, 0x2C, 0x0D, 0x0A, 0x20, 0x20, 0x20,
    0x20, 0x20, 0x20, 0x20, 0x20, 0x20, 0x20, 0x22, 0x64, 0x69, 0x73, 0x70, 0x61, 0x74, 0x63, 0x68,
    0x4B, 0x69, 0x6E, 0x64, 0x43, 0x6F, 0x64, 0x65, 0x22, 0x3A, 0x20, 0x34, 0x2C, 0x0D, 0x0A, 0x20,
    0x20, 0x20, 0x20, 0x20, 0x20, 0x20, 0x20, 0x20, 0x20, 0x22, 0x69, 0x73, 0x50, 0x72, 0x65, 0x73,
    0x65, 0x72, 0x76, 0x65, 0x53, 0x69, 0x67, 0x22, 0x3A, 0x20, 0x66, 0x61, 0x6C, 0x73, 0x65, 0x0D,
    0x0A, 0x20, 0x20, 0x20, 0x20, 0x20, 0x20, 0x20, 0x20, 0x7D, 0x2C, 0x0D, 0x0A, 0x20, 0x20, 0x20,
    0x20, 0x20, 0x20, 0x20, 0x20, 0x7B, 0x0D, 0x0A, 0x20, 0x20, 0x20, 0x20, 0x20, 0x20, 0x20, 0x20,
    0x20, 0x20, 0x22, 0x6F, 0x70, 0x22, 0x3A, 0x20, 0x22, 0x63, 0x61, 0x6C, 0x6C, 0x76, 0x69, 0x72,
    0x74, 0x22, 0x2C, 0x0D, 0x0A, 0x20, 0x20, 0x20, 0x20, 0x20, 0x20, 0x20, 0x20, 0x20, 0x20, 0x22,
    0x6F, 0x70, 0x43, 0x6F, 0x64, 0x65, 0x22, 0x3A, 0x20, 0x31, 0x35, 0x2C, 0x0D, 0x0A, 0x20, 0x20,
    0x20, 0x20, 0x20, 0x20, 0x20, 0x20, 0x20, 0x20, 0x22, 0x69, 0x6C, 0x4F, 0x66, 0x66, 0x73, 0x65,
    0x74, 0x22, 0x3A, 0x20, 0x31, 0x31, 0x2C, 0x0D, 0x0A, 0x20, 0x20, 0x20, 0x20, 0x20, 0x20, 0x20,
    0x20, 0x20, 0x20, 0x22, 0x72, 0x65, 0x73, 0x75, 0x6C, 0x74, 0x54, 0x79, 0x70, 0x65, 0x22, 0x3A,
    0x20, 0x22, 0x53, 0x79, 0x73, 0x74, 0x65, 0x6D, 0x2E, 0x52, 0x65, 0x66, 0x6C, 0x65, 0x63, 0x74,
    0x69, 0x6F, 0x6E, 0x2E, 0x41, 0x73, 0x73, 0x65, 0x6D, 0x62, 0x6C, 0x79, 0x22, 0x2C, 0x0D, 0x0A,
    0x20, 0x20, 0x20, 0x20, 0x20, 0x20, 0x20, 0x20, 0x20, 0x20, 0x22, 0x63, 0x61, 0x6C, 0x6C, 0x65,
    0x65, 0x22, 0x3A, 0x20, 0x22, 0x53, 0x79, 0x73, 0x74, 0x65, 0x6D, 0x2E, 0x50, 0x72, 0x69, 0x76,
    0x61, 0x74, 0x65, 0x2E, 0x43, 0x6F, 0x72, 0x65, 0x4C, 0x69, 0x62, 0x2F, 0x53, 0x79, 0x73, 0x74,
    0x65, 0x6D, 0x2E, 0x54, 0x79, 0x70, 0x65, 0x3A, 0x3A, 0x67, 0x65, 0x74, 0x5F, 0x41, 0x73, 0x73,
    0x65, 0x6D, 0x62, 0x6C, 0x79, 0x3A, 0x53, 0x79, 0x73, 0x74, 0x65, 0x6D, 0x2E, 0x52, 0x65, 0x66,
    0x6C, 0x65, 0x63, 0x74, 0x69, 0x6F, 0x6E, 0x2E, 0x41, 0x73, 0x73, 0x65, 0x6D, 0x62, 0x6C, 0x79,
    0x28, 0x29, 0x22, 0x2C, 0x0D, 0x0A, 0x20, 0x20, 0x20, 0x20, 0x20, 0x20, 0x20, 0x20, 0x20, 0x20,
    0x22, 0x72, 0x65, 0x66, 0x65, 0x72, 0x65, 0x6E, 0x63, 0x65, 0x22, 0x3A, 0x20, 0x7B, 0x0D, 0x0A,
    0x20, 0x20, 0x20, 0x20, 0x20, 0x20, 0x20, 0x20, 0x20, 0x20, 0x20, 0x20, 0x22, 0x61, 0x73, 0x73,
    0x65, 0x6D, 0x62, 0x6C, 0x79, 0x4E, 0x61, 0x6D, 0x65, 0x22, 0x3A, 0x20, 0x22, 0x53, 0x79, 0x73,
    0x74, 0x65, 0x6D, 0x2E, 0x50, 0x72, 0x69, 0x76, 0x61, 0x74, 0x65, 0x2E, 0x43, 0x6F, 0x72, 0x65,
    0x4C, 0x69, 0x62, 0x22, 0x2C, 0x0D, 0x0A, 0x20, 0x20, 0x20, 0x20, 0x20, 0x20, 0x20, 0x20, 0x20,
    0x20, 0x20, 0x20, 0x22, 0x73, 0x75, 0x62, 0x6A, 0x65, 0x63, 0x74, 0x4B, 0x69, 0x6E, 0x64, 0x22,
    0x3A, 0x20, 0x22, 0x6D, 0x65, 0x74, 0x68, 0x6F, 0x64, 0x22, 0x2C, 0x0D, 0x0A, 0x20, 0x20, 0x20,
    0x20, 0x20, 0x20, 0x20, 0x20, 0x20, 0x20, 0x20, 0x20, 0x22, 0x73, 0x75, 0x62, 0x6A, 0x65, 0x63,
    0x74, 0x49, 0x64, 0x22, 0x3A, 0x20, 0x22, 0x53, 0x79, 0x73, 0x74, 0x65, 0x6D, 0x2E, 0x50, 0x72,
    0x69, 0x76, 0x61, 0x74, 0x65, 0x2E, 0x43, 0x6F, 0x72, 0x65, 0x4C, 0x69, 0x62, 0x2F, 0x53, 0x79,
    0x73, 0x74, 0x65, 0x6D, 0x2E, 0x54, 0x79, 0x70, 0x65, 0x3A, 0x3A, 0x67, 0x65, 0x74, 0x5F, 0x41,
    0x73, 0x73, 0x65, 0x6D, 0x62, 0x6C, 0x79, 0x3A, 0x53, 0x79, 0x73, 0x74, 0x65, 0x6D, 0x2E, 0x52,
    0x65, 0x66, 0x6C, 0x65, 0x63, 0x74, 0x69, 0x6F, 0x6E, 0x2E, 0x41, 0x73, 0x73, 0x65, 0x6D, 0x62,
    0x6C, 0x79, 0x28, 0x29, 0x22, 0x0D, 0x0A, 0x20, 0x20, 0x20, 0x20, 0x20, 0x20, 0x20, 0x20, 0x20,
    0x20, 0x7D, 0x2C, 0x0D, 0x0A, 0x20, 0x20, 0x20, 0x20, 0x20, 0x20, 0x20, 0x20, 0x20, 0x20, 0x22,
    0x74, 0x61, 0x72, 0x67, 0x65, 0x74, 0x52, 0x65, 0x66, 0x65, 0x72, 0x65, 0x6E, 0x63, 0x65, 0x22,
    0x3A, 0x20, 0x7B, 0x0D, 0x0A, 0x20, 0x20, 0x20, 0x20, 0x20, 0x20, 0x20, 0x20, 0x20, 0x20, 0x20,
    0x20, 0x22, 0x6B, 0x69, 0x6E, 0x64, 0x22, 0x3A, 0x20, 0x33, 0x2C, 0x0D, 0x0A, 0x20, 0x20, 0x20,
    0x20, 0x20, 0x20, 0x20, 0x20, 0x20, 0x20, 0x20, 0x20, 0x22, 0x61, 0x73, 0x73, 0x65, 0x6D, 0x62,
    0x6C, 0x79, 0x4E, 0x61, 0x6D, 0x65, 0x22, 0x3A, 0x20, 0x22, 0x53, 0x79, 0x73, 0x74, 0x65, 0x6D,
    0x2E, 0x50, 0x72, 0x69, 0x76, 0x61, 0x74, 0x65, 0x2E, 0x43, 0x6F, 0x72, 0x65, 0x4C, 0x69, 0x62,
    0x22, 0x2C, 0x0D, 0x0A, 0x20, 0x20, 0x20, 0x20, 0x20, 0x20, 0x20, 0x20, 0x20, 0x20, 0x20, 0x20,
    0x22, 0x73, 0x75, 0x62, 0x6A, 0x65, 0x63, 0x74, 0x49, 0x64, 0x22, 0x3A, 0x20, 0x22, 0x53, 0x79,
    0x73, 0x74, 0x65, 0x6D, 0x2E, 0x50, 0x72, 0x69, 0x76, 0x61, 0x74, 0x65, 0x2E, 0x43, 0x6F, 0x72,
    0x65, 0x4C, 0x69, 0x62, 0x2F, 0x53, 0x79, 0x73, 0x74, 0x65, 0x6D, 0x2E, 0x54, 0x79, 0x70, 0x65,
    0x3A, 0x3A, 0x67, 0x65, 0x74, 0x5F, 0x41, 0x73, 0x73, 0x65, 0x6D, 0x62, 0x6C, 0x79, 0x3A, 0x53,
    0x79, 0x73, 0x74, 0x65, 0x6D, 0x2E, 0x52, 0x65, 0x66, 0x6C, 0x65, 0x63, 0x74, 0x69, 0x6F, 0x6E,
    0x2E, 0x41, 0x73, 0x73, 0x65, 0x6D, 0x62, 0x6C, 0x79, 0x28, 0x29, 0x22, 0x2C, 0x0D, 0x0A, 0x20,
    0x20, 0x20, 0x20, 0x20, 0x20, 0x20, 0x20, 0x20, 0x20, 0x20, 0x20, 0x22, 0x74, 0x79, 0x70, 0x65,
    0x53, 0x68, 0x61, 0x70, 0x65, 0x22, 0x3A, 0x20, 0x30, 0x2C, 0x0D, 0x0A, 0x20, 0x20, 0x20, 0x20,
    0x20, 0x20, 0x20, 0x20, 0x20, 0x20, 0x20, 0x20, 0x22, 0x61, 0x72, 0x72, 0x61, 0x79, 0x45, 0x6C,
    0x65, 0x6D, 0x65, 0x6E, 0x74, 0x54, 0x79, 0x70, 0x65, 0x53, 0x68, 0x61, 0x70, 0x65, 0x22, 0x3A,
    0x20, 0x30, 0x2C, 0x0D, 0x0A, 0x20, 0x20, 0x20, 0x20, 0x20, 0x20, 0x20, 0x20, 0x20, 0x20, 0x20,
    0x20, 0x22, 0x69, 0x73, 0x53, 0x65, 0x61, 0x6C, 0x65, 0x64, 0x22, 0x3A, 0x20, 0x66, 0x61, 0x6C,
    0x73, 0x65, 0x2C, 0x0D, 0x0A, 0x20, 0x20, 0x20, 0x20, 0x20, 0x20, 0x20, 0x20, 0x20, 0x20, 0x20,
    0x20, 0x22, 0x69, 0x73, 0x43, 0x6F, 0x6D, 0x49, 0x6D, 0x70, 0x6F, 0x72, 0x74, 0x22, 0x3A, 0x20,
    0x66, 0x61, 0x6C, 0x73, 0x65, 0x2C, 0x0D, 0x0A, 0x20, 0x20, 0x20, 0x20, 0x20, 0x20, 0x20, 0x20,
    0x20, 0x20, 0x20, 0x20, 0x22, 0x63, 0x6F, 0x6D, 0x49, 0x6E, 0x74, 0x65, 0x72, 0x66, 0x61, 0x63,
    0x65, 0x54, 0x79, 0x70, 0x65, 0x4B, 0x69, 0x6E, 0x64, 0x22, 0x3A, 0x20, 0x30, 0x2C, 0x0D, 0x0A,
    0x20, 0x20, 0x20, 0x20, 0x20, 0x20, 0x20, 0x20, 0x20, 0x20, 0x20, 0x20, 0x22, 0x64, 0x65, 0x63,
    0x6C, 0x61, 0x72, 0x69, 0x6E, 0x67, 0x54, 0x79, 0x70, 0x65, 0x53, 0x68, 0x61, 0x70, 0x65, 0x22,
    0x3A, 0x20, 0x30, 0x0D, 0x0A, 0x20, 0x20, 0x20, 0x20, 0x20, 0x20, 0x20, 0x20, 0x20, 0x20, 0x7D,
    0x2C, 0x0D, 0x0A, 0x20, 0x20, 0x20, 0x20, 0x20, 0x20, 0x20, 0x20, 0x20, 0x20, 0x22, 0x64, 0x69,
    0x73, 0x70, 0x61, 0x74, 0x63, 0x68, 0x4B, 0x69, 0x6E, 0x64, 0x43, 0x6F, 0x64, 0x65, 0x22, 0x3A,
    0x20, 0x34, 0x2C, 0x0D, 0x0A, 0x20, 0x20, 0x20, 0x20, 0x20, 0x20, 0x20, 0x20, 0x20, 0x20, 0x22,
    0x69, 0x73, 0x50, 0x72, 0x65, 0x73, 0x65, 0x72, 0x76, 0x65, 0x53, 0x69, 0x67, 0x22, 0x3A, 0x20,
    0x66, 0x61, 0x6C, 0x73, 0x65, 0x0D, 0x0A, 0x20, 0x20, 0x20, 0x20, 0x20, 0x20, 0x20, 0x20, 0x7D,
    0x2C, 0x0D, 0x0A, 0x20, 0x20, 0x20, 0x20, 0x20, 0x20, 0x20, 0x20, 0x7B, 0x0D, 0x0A, 0x20, 0x20,
    0x20, 0x20, 0x20, 0x20, 0x20, 0x20, 0x20, 0x20, 0x22, 0x6F, 0x70, 0x22, 0x3A, 0x20, 0x22, 0x6C,
    0x64, 0x74, 0x6F, 0x6B, 0x65, 0x6E, 0x22, 0x2C, 0x0D, 0x0A, 0x20, 0x20, 0x20, 0x20, 0x20, 0x20,
    0x20, 0x20, 0x20, 0x20, 0x22, 0x6F, 0x70, 0x43, 0x6F, 0x64, 0x65, 0x22, 0x3A, 0x20, 0x37, 0x30,
    0x2C, 0x0D, 0x0A, 0x20, 0x20, 0x20, 0x20, 0x20, 0x20, 0x20, 0x20, 0x20, 0x20, 0x22, 0x6F, 0x70,
    0x65, 0x72, 0x61, 0x6E, 0x64, 0x22, 0x3A, 0x20, 0x22, 0x53, 0x79, 0x73, 0x74, 0x65, 0x6D, 0x2E,
    0x50, 0x72, 0x69, 0x76, 0x61, 0x74, 0x65, 0x2E, 0x43, 0x6F, 0x72, 0x65, 0x4C, 0x69, 0x62, 0x2F,
    0x53, 0x79, 0x73, 0x74, 0x65, 0x6D, 0x2E, 0x52, 0x65, 0x66, 0x6C, 0x65, 0x63, 0x74, 0x69, 0x6F,
    0x6E, 0x2E, 0x41, 0x73, 0x73, 0x65, 0x6D, 0x62, 0x6C, 0x79, 0x44, 0x65, 0x73, 0x63, 0x72, 0x69,
    0x70, 0x74, 0x69, 0x6F, 0x6E, 0x41, 0x74, 0x74, 0x72, 0x69, 0x62, 0x75, 0x74, 0x65, 0x22, 0x2C,
    0x0D, 0x0A, 0x20, 0x20, 0x20, 0x20, 0x20, 0x20, 0x20, 0x20, 0x20, 0x20, 0x22, 0x69, 0x6C, 0x4F,
    0x66, 0x66, 0x73, 0x65, 0x74, 0x22, 0x3A, 0x20, 0x31, 0x36, 0x2C, 0x0D, 0x0A, 0x20, 0x20, 0x20,
    0x20, 0x20, 0x20, 0x20, 0x20, 0x20, 0x20, 0x22, 0x72, 0x65, 0x73, 0x75, 0x6C, 0x74, 0x54, 0x79,
    0x70, 0x65, 0x22, 0x3A, 0x20, 0x22, 0x53, 0x79, 0x73, 0x74, 0x65, 0x6D, 0x2E, 0x52, 0x75, 0x6E,
    0x74, 0x69, 0x6D, 0x65, 0x54, 0x79, 0x70, 0x65, 0x48, 0x61, 0x6E, 0x64, 0x6C, 0x65, 0x22, 0x2C,
    0x0D, 0x0A, 0x20, 0x20, 0x20, 0x20, 0x20, 0x20, 0x20, 0x20, 0x20, 0x20, 0x22, 0x72, 0x65, 0x66,
    0x65, 0x72, 0x65, 0x6E, 0x63, 0x65, 0x22, 0x3A, 0x20, 0x7B, 0x0D, 0x0A, 0x20, 0x20, 0x20, 0x20,
    0x20, 0x20, 0x20, 0x20, 0x20, 0x20, 0x20, 0x20, 0x22, 0x61, 0x73, 0x73, 0x65, 0x6D, 0x62, 0x6C,
    0x79, 0x4E, 0x61, 0x6D, 0x65, 0x22, 0x3A, 0x20, 0x22, 0x53, 0x79, 0x73, 0x74, 0x65, 0x6D, 0x2E,
    0x50, 0x72, 0x69, 0x76, 0x61, 0x74, 0x65, 0x2E, 0x43, 0x6F, 0x72, 0x65, 0x4C, 0x69, 0x62, 0x22,
    0x2C, 0x0D, 0x0A, 0x20, 0x20, 0x20, 0x20, 0x20, 0x20, 0x20, 0x20, 0x20, 0x20, 0x20, 0x20, 0x22,
    0x73, 0x75, 0x62, 0x6A, 0x65, 0x63, 0x74, 0x4B, 0x69, 0x6E, 0x64, 0x22, 0x3A, 0x20, 0x22, 0x74,
    0x79, 0x70, 0x65, 0x22, 0x2C, 0x0D, 0x0A, 0x20, 0x20, 0x20, 0x20, 0x20, 0x20, 0x20, 0x20, 0x20,
    0x20, 0x20, 0x20, 0x22, 0x73, 0x75, 0x62, 0x6A, 0x65, 0x63, 0x74, 0x49, 0x64, 0x22, 0x3A, 0x20,
    0x22, 0x53, 0x79, 0x73, 0x74, 0x65, 0x6D, 0x2E, 0x50, 0x72, 0x69, 0x76, 0x61, 0x74, 0x65, 0x2E,
    0x43, 0x6F, 0x72, 0x65, 0x4C, 0x69, 0x62, 0x2F, 0x53, 0x79, 0x73, 0x74, 0x65, 0x6D, 0x2E, 0x52,
    0x65, 0x66, 0x6C, 0x65, 0x63, 0x74, 0x69, 0x6F, 0x6E, 0x2E, 0x41, 0x73, 0x73, 0x65, 0x6D, 0x62,
    0x6C, 0x79, 0x44, 0x65, 0x73, 0x63, 0x72, 0x69, 0x70, 0x74, 0x69, 0x6F, 0x6E, 0x41, 0x74, 0x74,
    0x72, 0x69, 0x62, 0x75, 0x74, 0x65, 0x22, 0x0D, 0x0A, 0x20, 0x20, 0x20, 0x20, 0x20, 0x20, 0x20,
    0x20, 0x20, 0x20, 0x7D, 0x2C, 0x0D, 0x0A, 0x20, 0x20, 0x20, 0x20, 0x20, 0x20, 0x20, 0x20, 0x20,
    0x20, 0x22, 0x74, 0x61, 0x72, 0x67, 0x65, 0x74, 0x52, 0x65, 0x66, 0x65, 0x72, 0x65, 0x6E, 0x63,
    0x65, 0x22, 0x3A, 0x20, 0x7B, 0x0D, 0x0A, 0x20, 0x20, 0x20, 0x20, 0x20, 0x20, 0x20, 0x20, 0x20,
    0x20, 0x20, 0x20, 0x22, 0x6B, 0x69, 0x6E, 0x64, 0x22, 0x3A, 0x20, 0x31, 0x2C, 0x0D, 0x0A, 0x20,
    0x20, 0x20, 0x20, 0x20, 0x20, 0x20, 0x20, 0x20, 0x20, 0x20, 0x20, 0x22, 0x61, 0x73, 0x73, 0x65,
    0x6D, 0x62, 0x6C, 0x79, 0x4E, 0x61, 0x6D, 0x65, 0x22, 0x3A, 0x20, 0x22, 0x53, 0x79, 0x73, 0x74,
    0x65, 0x6D, 0x2E, 0x50, 0x72, 0x69, 0x76, 0x61, 0x74, 0x65, 0x2E, 0x43, 0x6F, 0x72, 0x65, 0x4C,
    0x69, 0x62, 0x22, 0x2C, 0x0D, 0x0A, 0x20, 0x20, 0x20, 0x20, 0x20, 0x20, 0x20, 0x20, 0x20, 0x20,
    0x20, 0x20, 0x22, 0x73, 0x75, 0x62, 0x6A, 0x65, 0x63, 0x74, 0x49, 0x64, 0x22, 0x3A, 0x20, 0x22,
    0x53, 0x79, 0x73, 0x74, 0x65, 0x6D, 0x2E, 0x50, 0x72, 0x69, 0x76, 0x61, 0x74, 0x65, 0x2E, 0x43,
    0x6F, 0x72, 0x65, 0x4C, 0x69, 0x62, 0x2F, 0x53, 0x79, 0x73, 0x74, 0x65, 0x6D, 0x2E, 0x52, 0x65,
    0x66, 0x6C, 0x65, 0x63, 0x74, 0x69, 0x6F, 0x6E, 0x2E, 0x41, 0x73, 0x73, 0x65, 0x6D, 0x62, 0x6C,
    0x79, 0x44, 0x65, 0x73, 0x63, 0x72, 0x69, 0x70, 0x74, 0x69, 0x6F, 0x6E, 0x41, 0x74, 0x74, 0x72,
    0x69, 0x62, 0x75, 0x74, 0x65, 0x22, 0x2C, 0x0D, 0x0A, 0x20, 0x20, 0x20, 0x20, 0x20, 0x20, 0x20,
    0x20, 0x20, 0x20, 0x20, 0x20, 0x22, 0x74, 0x79, 0x70, 0x65, 0x53, 0x68, 0x61, 0x70, 0x65, 0x22,
    0x3A, 0x20, 0x31, 0x2C, 0x0D, 0x0A, 0x20, 0x20, 0x20, 0x20, 0x20, 0x20, 0x20, 0x20, 0x20, 0x20,
    0x20, 0x20, 0x22, 0x61, 0x72, 0x72, 0x61, 0x79, 0x45, 0x6C, 0x65, 0x6D, 0x65, 0x6E, 0x74, 0x54,
    0x79, 0x70, 0x65, 0x53, 0x68, 0x61, 0x70, 0x65, 0x22, 0x3A, 0x20, 0x30, 0x2C, 0x0D, 0x0A, 0x20,
    0x20, 0x20, 0x20, 0x20, 0x20, 0x20, 0x20, 0x20, 0x20, 0x20, 0x20, 0x22, 0x69, 0x73, 0x53, 0x65,
    0x61, 0x6C, 0x65, 0x64, 0x22, 0x3A, 0x20, 0x66, 0x61, 0x6C, 0x73, 0x65, 0x2C, 0x0D, 0x0A, 0x20,
    0x20, 0x20, 0x20, 0x20, 0x20, 0x20, 0x20, 0x20, 0x20, 0x20, 0x20, 0x22, 0x69, 0x73, 0x43, 0x6F,
    0x6D, 0x49, 0x6D, 0x70, 0x6F, 0x72, 0x74, 0x22, 0x3A, 0x20, 0x66, 0x61, 0x6C, 0x73, 0x65, 0x2C,
    0x0D, 0x0A, 0x20, 0x20, 0x20, 0x20, 0x20, 0x20, 0x20, 0x20, 0x20, 0x20, 0x20, 0x20, 0x22, 0x63,
    0x6F, 0x6D, 0x49, 0x6E, 0x74, 0x65, 0x72, 0x66, 0x61, 0x63, 0x65, 0x54, 0x79, 0x70, 0x65, 0x4B,
    0x69, 0x6E, 0x64, 0x22, 0x3A, 0x20, 0x30, 0x2C, 0x0D, 0x0A, 0x20, 0x20, 0x20, 0x20, 0x20, 0x20,
    0x20, 0x20, 0x20, 0x20, 0x20, 0x20, 0x22, 0x64, 0x65, 0x63, 0x6C, 0x61, 0x72, 0x69, 0x6E, 0x67,
    0x54, 0x79, 0x70, 0x65, 0x53, 0x68, 0x61, 0x70, 0x65, 0x22, 0x3A, 0x20, 0x30, 0x0D, 0x0A, 0x20,
    0x20, 0x20, 0x20, 0x20, 0x20, 0x20, 0x20, 0x20, 0x20, 0x7D, 0x2C, 0x0D, 0x0A, 0x20, 0x20, 0x20,
    0x20, 0x20, 0x20, 0x20, 0x20, 0x20, 0x20, 0x22, 0x69, 0x73, 0x50, 0x72, 0x65, 0x73, 0x65, 0x72,
    0x76, 0x65, 0x53, 0x69, 0x67, 0x22, 0x3A, 0x20, 0x66, 0x61, 0x6C, 0x73, 0x65, 0x0D, 0x0A, 0x20,
    0x20, 0x20, 0x20, 0x20, 0x20, 0x20, 0x20, 0x7D, 0x2C, 0x0D, 0x0A, 0x20, 0x20, 0x20, 0x20, 0x20,
    0x20, 0x20, 0x20, 0x7B, 0x0D, 0x0A, 0x20, 0x20, 0x20, 0x20, 0x20, 0x20, 0x20, 0x20, 0x20, 0x20,
    0x22, 0x6F, 0x70, 0x22, 0x3A, 0x20, 0x22, 0x63, 0x61, 0x6C, 0x6C, 0x22, 0x2C, 0x0D, 0x0A, 0x20,
    0x20, 0x20, 0x20, 0x20, 0x20, 0x20, 0x20, 0x20, 0x20, 0x22, 0x6F, 0x70, 0x43, 0x6F, 0x64, 0x65,
    0x22, 0x3A, 0x20, 0x31, 0x34, 0x2C, 0x0D, 0x0A, 0x20, 0x20, 0x20, 0x20, 0x20, 0x20, 0x20, 0x20,
    0x20, 0x20, 0x22, 0x69, 0x6C, 0x4F, 0x66, 0x66, 0x73, 0x65, 0x74, 0x22, 0x3A, 0x20, 0x32, 0x31,
    0x2C, 0x0D, 0x0A, 0x20, 0x20, 0x20, 0x20, 0x20, 0x20, 0x20, 0x20, 0x20, 0x20, 0x22, 0x72, 0x65,
    0x73, 0x75, 0x6C, 0x74, 0x54, 0x79, 0x70, 0x65, 0x22, 0x3A, 0x20, 0x22, 0x53, 0x79, 0x73, 0x74,
    0x65, 0x6D, 0x2E, 0x54, 0x79, 0x70, 0x65, 0x22, 0x2C, 0x0D, 0x0A, 0x20, 0x20, 0x20, 0x20, 0x20,
    0x20, 0x20, 0x20, 0x20, 0x20, 0x22, 0x63, 0x61, 0x6C, 0x6C, 0x65, 0x65, 0x22, 0x3A, 0x20, 0x22,
    0x53, 0x79, 0x73, 0x74, 0x65, 0x6D, 0x2E, 0x50, 0x72, 0x69, 0x76, 0x61, 0x74, 0x65, 0x2E, 0x43,
    0x6F, 0x72, 0x65, 0x4C, 0x69, 0x62, 0x2F, 0x53, 0x79, 0x73, 0x74, 0x65, 0x6D, 0x2E, 0x54, 0x79,
    0x70, 0x65, 0x3A, 0x3A, 0x47, 0x65, 0x74, 0x54, 0x79, 0x70, 0x65, 0x46, 0x72, 0x6F, 0x6D, 0x48,
    0x61, 0x6E, 0x64, 0x6C, 0x65, 0x3A, 0x53, 0x79, 0x73, 0x74, 0x65, 0x6D, 0x2E, 0x54, 0x79, 0x70,
    0x65, 0x28, 0x53, 0x79, 0x73, 0x74, 0x65, 0x6D, 0x2E, 0x52, 0x75, 0x6E, 0x74, 0x69, 0x6D, 0x65,
    0x54, 0x79, 0x70, 0x65, 0x48, 0x61, 0x6E, 0x64, 0x6C, 0x65, 0x29, 0x22, 0x2C, 0x0D, 0x0A, 0x20,
    0x20, 0x20, 0x20, 0x20, 0x20, 0x20, 0x20, 0x20, 0x20, 0x22, 0x72, 0x65, 0x66, 0x65, 0x72, 0x65,
    0x6E, 0x63, 0x65, 0x22, 0x3A, 0x20, 0x7B, 0x0D, 0x0A, 0x20, 0x20, 0x20, 0x20, 0x20, 0x20, 0x20,
    0x20, 0x20, 0x20, 0x20, 0x20, 0x22, 0x61, 0x73, 0x73, 0x65, 0x6D, 0x62, 0x6C, 0x79, 0x4E, 0x61,
    0x6D, 0x65, 0x22, 0x3A, 0x20, 0x22, 0x53, 0x79, 0x73, 0x74, 0x65, 0x6D, 0x2E, 0x50, 0x72, 0x69,
    0x76, 0x61, 0x74, 0x65, 0x2E, 0x43, 0x6F, 0x72, 0x65, 0x4C, 0x69, 0x62, 0x22, 0x2C, 0x0D, 0x0A,
    0x20, 0x20, 0x20, 0x20, 0x20, 0x20, 0x20, 0x20, 0x20, 0x20, 0x20, 0x20, 0x22, 0x73, 0x75, 0x62,
    0x6A, 0x65, 0x63, 0x74, 0x4B, 0x69, 0x6E, 0x64, 0x22, 0x3A, 0x20, 0x22, 0x6D, 0x65, 0x74, 0x68,
    0x6F, 0x64, 0x22, 0x2C, 0x0D, 0x0A, 0x20, 0x20, 0x20, 0x20, 0x20, 0x20, 0x20, 0x20, 0x20, 0x20,
    0x20, 0x20, 0x22, 0x73, 0x75, 0x62, 0x6A, 0x65, 0x63, 0x74, 0x49, 0x64, 0x22, 0x3A, 0x20, 0x22,
    0x53, 0x79, 0x73, 0x74, 0x65, 0x6D, 0x2E, 0x50, 0x72, 0x69, 0x76, 0x61, 0x74, 0x65, 0x2E, 0x43,
    0x6F, 0x72, 0x65, 0x4C, 0x69, 0x62, 0x2F, 0x53, 0x79, 0x73, 0x74, 0x65, 0x6D, 0x2E, 0x54, 0x79,
    0x70, 0x65, 0x3A, 0x3A, 0x47, 0x65, 0x74, 0x54, 0x79, 0x70, 0x65, 0x46, 0x72, 0x6F, 0x6D, 0x48,
    0x61, 0x6E, 0x64, 0x6C, 0x65, 0x3A, 0x53, 0x79, 0x73, 0x74, 0x65, 0x6D, 0x2E, 0x54, 0x79, 0x70,
    0x65, 0x28, 0x53, 0x79, 0x73, 0x74, 0x65, 0x6D, 0x2E, 0x52, 0x75, 0x6E, 0x74, 0x69, 0x6D, 0x65,
    0x54, 0x79, 0x70, 0x65, 0x48, 0x61, 0x6E, 0x64, 0x6C, 0x65, 0x29, 0x22, 0x0D, 0x0A, 0x20, 0x20,
    0x20, 0x20, 0x20, 0x20, 0x20, 0x20, 0x20, 0x20, 0x7D, 0x2C, 0x0D, 0x0A, 0x20, 0x20, 0x20, 0x20,
    0x20, 0x20, 0x20, 0x20, 0x20, 0x20, 0x22, 0x74, 0x61, 0x72, 0x67, 0x65, 0x74, 0x52, 0x65, 0x66,
    0x65, 0x72, 0x65, 0x6E, 0x63, 0x65, 0x22, 0x3A, 0x20, 0x7B, 0x0D, 0x0A, 0x20, 0x20, 0x20, 0x20,
    0x20, 0x20, 0x20, 0x20, 0x20, 0x20, 0x20, 0x20, 0x22, 0x6B, 0x69, 0x6E, 0x64, 0x22, 0x3A, 0x20,
    0x33, 0x2C, 0x0D, 0x0A, 0x20, 0x20, 0x20, 0x20, 0x20, 0x20, 0x20, 0x20, 0x20, 0x20, 0x20, 0x20,
    0x22, 0x61, 0x73, 0x73, 0x65, 0x6D, 0x62, 0x6C, 0x79, 0x4E, 0x61, 0x6D, 0x65, 0x22, 0x3A, 0x20,
    0x22, 0x53, 0x79, 0x73, 0x74, 0x65, 0x6D, 0x2E, 0x50, 0x72, 0x69, 0x76, 0x61, 0x74, 0x65, 0x2E,
    0x43, 0x6F, 0x72, 0x65, 0x4C, 0x69, 0x62, 0x22, 0x2C, 0x0D, 0x0A, 0x20, 0x20, 0x20, 0x20, 0x20,
    0x20, 0x20, 0x20, 0x20, 0x20, 0x20, 0x20, 0x22, 0x73, 0x75, 0x62, 0x6A, 0x65, 0x63, 0x74, 0x49,
    0x64, 0x22, 0x3A, 0x20, 0x22, 0x53, 0x79, 0x73, 0x74, 0x65, 0x6D, 0x2E, 0x50, 0x72, 0x69, 0x76,
    0x61, 0x74, 0x65, 0x2E, 0x43, 0x6F, 0x72, 0x65, 0x4C, 0x69, 0x62, 0x2F, 0x53, 0x79, 0x73, 0x74,
    0x65, 0x6D, 0x2E, 0x54, 0x79, 0x70, 0x65, 0x3A, 0x3A, 0x47, 0x65, 0x74, 0x54, 0x79, 0x70, 0x65,
    0x46, 0x72, 0x6F, 0x6D, 0x48, 0x61, 0x6E, 0x64, 0x6C, 0x65, 0x3A, 0x53, 0x79, 0x73, 0x74, 0x65,
    0x6D, 0x2E, 0x54, 0x79, 0x70, 0x65, 0x28, 0x53, 0x79, 0x73, 0x74, 0x65, 0x6D, 0x2E, 0x52, 0x75,
    0x6E, 0x74, 0x69, 0x6D, 0x65, 0x54, 0x79, 0x70, 0x65, 0x48, 0x61, 0x6E, 0x64, 0x6C, 0x65, 0x29,
    0x22, 0x2C, 0x0D, 0x0A, 0x20, 0x20, 0x20, 0x20, 0x20, 0x20, 0x20, 0x20, 0x20, 0x20, 0x20, 0x20,
    0x22, 0x74, 0x79, 0x70, 0x65, 0x53, 0x68, 0x61, 0x70, 0x65, 0x22, 0x3A, 0x20, 0x30, 0x2C, 0x0D,
    0x0A, 0x20, 0x20, 0x20, 0x20, 0x20, 0x20, 0x20, 0x20, 0x20, 0x20, 0x20, 0x20, 0x22, 0x61, 0x72,
    0x72, 0x61, 0x79, 0x45, 0x6C, 0x65, 0x6D, 0x65, 0x6E, 0x74, 0x54, 0x79, 0x70, 0x65, 0x53, 0x68,
    0x61, 0x70, 0x65, 0x22, 0x3A, 0x20, 0x30, 0x2C, 0x0D, 0x0A, 0x20, 0x20, 0x20, 0x20, 0x20, 0x20,
    0x20, 0x20, 0x20, 0x20, 0x20, 0x20, 0x22, 0x69, 0x73, 0x53, 0x65, 0x61, 0x6C, 0x65, 0x64, 0x22,
    0x3A, 0x20, 0x66, 0x61, 0x6C, 0x73, 0x65, 0x2C, 0x0D, 0x0A, 0x20, 0x20, 0x20, 0x20, 0x20, 0x20,
    0x20, 0x20, 0x20, 0x20, 0x20, 0x20, 0x22, 0x69, 0x73, 0x43, 0x6F, 0x6D, 0x49, 0x6D, 0x70, 0x6F,
    0x72, 0x74, 0x22, 0x3A, 0x20, 0x66, 0x61, 0x6C, 0x73, 0x65, 0x2C, 0x0D, 0x0A, 0x20, 0x20, 0x20,
    0x20, 0x20, 0x20, 0x20, 0x20, 0x20, 0x20, 0x20, 0x20, 0x22, 0x63, 0x6F, 0x6D, 0x49, 0x6E, 0x74,
    0x65, 0x72, 0x66, 0x61, 0x63, 0x65, 0x54, 0x79, 0x70, 0x65, 0x4B, 0x69, 0x6E, 0x64, 0x22, 0x3A,
    0x20, 0x30, 0x2C, 0x0D, 0x0A, 0x20, 0x20, 0x20, 0x20, 0x20, 0x20, 0x20, 0x20, 0x20, 0x20, 0x20,
    0x20, 0x22, 0x64, 0x65, 0x63, 0x6C, 0x61, 0x72, 0x69, 0x6E, 0x67, 0x54, 0x79, 0x70, 0x65, 0x53,
    0x68, 0x61, 0x70, 0x65, 0x22, 0x3A, 0x20, 0x30, 0x0D, 0x0A, 0x20, 0x20, 0x20, 0x20, 0x20, 0x20,
    0x20, 0x20, 0x20, 0x20, 0x7D, 0x2C, 0x0D, 0x0A, 0x20, 0x20, 0x20, 0x20, 0x20, 0x20, 0x20, 0x20,
    0x20, 0x20, 0x22, 0x64, 0x69, 0x73, 0x70, 0x61, 0x74, 0x63, 0x68, 0x4B, 0x69, 0x6E, 0x64, 0x43,
    0x6F, 0x64, 0x65, 0x22, 0x3A, 0x20, 0x34, 0x2C, 0x0D, 0x0A, 0x20, 0x20, 0x20, 0x20, 0x20, 0x20,
    0x20, 0x20, 0x20, 0x20, 0x22, 0x69, 0x73, 0x50, 0x72, 0x65, 0x73, 0x65, 0x72, 0x76, 0x65, 0x53,
    0x69, 0x67, 0x22, 0x3A, 0x20, 0x66, 0x61, 0x6C, 0x73, 0x65, 0x0D, 0x0A, 0x20, 0x20, 0x20, 0x20,
    0x20, 0x20, 0x20, 0x20, 0x7D, 0x2C, 0x0D, 0x0A, 0x20, 0x20, 0x20, 0x20, 0x20, 0x20, 0x20, 0x20,
    0x7B, 0x0D, 0x0A, 0x20, 0x20, 0x20, 0x20, 0x20, 0x20, 0x20, 0x20, 0x20, 0x20, 0x22, 0x6F, 0x70,
    0x22, 0x3A, 0x20, 0x22, 0x63, 0x61, 0x6C, 0x6C, 0x22, 0x2C, 0x0D, 0x0A, 0x20, 0x20, 0x20, 0x20,
    0x20, 0x20, 0x20, 0x20, 0x20, 0x20, 0x22, 0x6F, 0x70, 0x43, 0x6F, 0x64, 0x65, 0x22, 0x3A, 0x20,
    0x31, 0x34, 0x2C, 0x0D, 0x0A, 0x20, 0x20, 0x20, 0x20, 0x20, 0x20, 0x20, 0x20, 0x20, 0x20, 0x22,
    0x69, 0x6C, 0x4F, 0x66, 0x66, 0x73, 0x65, 0x74, 0x22, 0x3A, 0x20, 0x32, 0x36, 0x2C, 0x0D, 0x0A,
    0x20, 0x20, 0x20, 0x20, 0x20, 0x20, 0x20, 0x20, 0x20, 0x20, 0x22, 0x72, 0x65, 0x73, 0x75, 0x6C,
    0x74, 0x54, 0x79, 0x70, 0x65, 0x22, 0x3A, 0x20, 0x22, 0x53, 0x79, 0x73, 0x74, 0x65, 0x6D, 0x2E,
    0x42, 0x6F, 0x6F, 0x6C, 0x65, 0x61, 0x6E, 0x22, 0x2C, 0x0D, 0x0A, 0x20, 0x20, 0x20, 0x20, 0x20,
    0x20, 0x20, 0x20, 0x20, 0x20, 0x22, 0x63, 0x61, 0x6C, 0x6C, 0x65, 0x65, 0x22, 0x3A, 0x20, 0x22,
    0x53, 0x79, 0x73, 0x74, 0x65, 0x6D, 0x2E, 0x50, 0x72, 0x69, 0x76, 0x61, 0x74, 0x65, 0x2E, 0x43,
    0x6F, 0x72, 0x65, 0x4C, 0x69, 0x62, 0x2F, 0x53, 0x79, 0x73, 0x74, 0x65, 0x6D, 0x2E, 0x52, 0x65,
    0x66, 0x6C, 0x65, 0x63, 0x74, 0x69, 0x6F, 0x6E, 0x2E, 0x43, 0x75, 0x73, 0x74, 0x6F, 0x6D, 0x41,
    0x74, 0x74, 0x72, 0x69, 0x62, 0x75, 0x74, 0x65, 0x45, 0x78, 0x74, 0x65, 0x6E, 0x73, 0x69, 0x6F,
    0x6E, 0x73, 0x3A, 0x3A, 0x49, 0x73, 0x44, 0x65, 0x66, 0x69, 0x6E, 0x65, 0x64, 0x3A, 0x53, 0x79,
    0x73, 0x74, 0x65, 0x6D, 0x2E, 0x42, 0x6F, 0x6F, 0x6C, 0x65, 0x61, 0x6E, 0x28, 0x53, 0x79, 0x73,
    0x74, 0x65, 0x6D, 0x2E, 0x52, 0x65, 0x66, 0x6C, 0x65, 0x63, 0x74, 0x69, 0x6F, 0x6E, 0x2E, 0x41,
    0x73, 0x73, 0x65, 0x6D, 0x62, 0x6C, 0x79, 0x2C, 0x53, 0x79, 0x73, 0x74, 0x65, 0x6D, 0x2E, 0x54,
    0x79, 0x70, 0x65, 0x29, 0x22, 0x2C, 0x0D, 0x0A, 0x20, 0x20, 0x20, 0x20, 0x20, 0x20, 0x20, 0x20,
    0x20, 0x20, 0x22, 0x72, 0x65, 0x66, 0x65, 0x72, 0x65, 0x6E, 0x63, 0x65, 0x22, 0x3A, 0x20, 0x7B,
    0x0D, 0x0A, 0x20, 0x20, 0x20, 0x20, 0x20, 0x20, 0x20, 0x20, 0x20, 0x20, 0x20, 0x20, 0x22, 0x61,
    0x73, 0x73, 0x65, 0x6D, 0x62, 0x6C, 0x79, 0x4E, 0x61, 0x6D, 0x65, 0x22, 0x3A, 0x20, 0x22, 0x53,
    0x79, 0x73, 0x74, 0x65, 0x6D, 0x2E, 0x50, 0x72, 0x69, 0x76, 0x61, 0x74, 0x65, 0x2E, 0x43, 0x6F,
    0x72, 0x65, 0x4C, 0x69, 0x62, 0x22, 0x2C, 0x0D, 0x0A, 0x20, 0x20, 0x20, 0x20, 0x20, 0x20, 0x20,
    0x20, 0x20, 0x20, 0x20, 0x20, 0x22, 0x73, 0x75, 0x62, 0x6A, 0x65, 0x63, 0x74, 0x4B, 0x69, 0x6E,
    0x64, 0x22, 0x3A, 0x20, 0x22, 0x6D, 0x65, 0x74, 0x68, 0x6F, 0x64, 0x22, 0x2C, 0x0D, 0x0A, 0x20,
    0x20, 0x20, 0x20, 0x20, 0x20, 0x20, 0x20, 0x20, 0x20, 0x20, 0x20, 0x22, 0x73, 0x75, 0x62, 0x6A,
    0x65, 0x63, 0x74, 0x49, 0x64, 0x22, 0x3A, 0x20, 0x22, 0x53, 0x79, 0x73, 0x74, 0x65, 0x6D, 0x2E,
    0x50, 0x72, 0x69, 0x76, 0x61, 0x74, 0x65, 0x2E, 0x43, 0x6F, 0x72, 0x65, 0x4C, 0x69, 0x62, 0x2F,
    0x53, 0x79, 0x73, 0x74, 0x65, 0x6D, 0x2E, 0x52, 0x65, 0x66, 0x6C, 0x65, 0x63, 0x74, 0x69, 0x6F,
    0x6E, 0x2E, 0x43, 0x75, 0x73, 0x74, 0x6F, 0x6D, 0x41, 0x74, 0x74, 0x72, 0x69, 0x62, 0x75, 0x74,
    0x65, 0x45, 0x78, 0x74, 0x65, 0x6E, 0x73, 0x69, 0x6F, 0x6E, 0x73, 0x3A, 0x3A, 0x49, 0x73, 0x44,
    0x65, 0x66, 0x69, 0x6E, 0x65, 0x64, 0x3A, 0x53, 0x79, 0x73, 0x74, 0x65, 0x6D, 0x2E, 0x42, 0x6F,
    0x6F, 0x6C, 0x65, 0x61, 0x6E, 0x28, 0x53, 0x79, 0x73, 0x74, 0x65, 0x6D, 0x2E, 0x52, 0x65, 0x66,
    0x6C, 0x65, 0x63, 0x74, 0x69, 0x6F, 0x6E, 0x2E, 0x41, 0x73, 0x73, 0x65, 0x6D, 0x62, 0x6C, 0x79,
    0x2C, 0x53, 0x79, 0x73, 0x74, 0x65, 0x6D, 0x2E, 0x54, 0x79, 0x70, 0x65, 0x29, 0x22, 0x0D, 0x0A,
    0x20, 0x20, 0x20, 0x20, 0x20, 0x20, 0x20, 0x20, 0x20, 0x20, 0x7D, 0x2C, 0x0D, 0x0A, 0x20, 0x20,
    0x20, 0x20, 0x20, 0x20, 0x20, 0x20, 0x20, 0x20, 0x22, 0x74, 0x61, 0x72, 0x67, 0x65, 0x74, 0x52,
    0x65, 0x66, 0x65, 0x72, 0x65, 0x6E, 0x63, 0x65, 0x22, 0x3A, 0x20, 0x7B, 0x0D, 0x0A, 0x20, 0x20,
    0x20, 0x20, 0x20, 0x20, 0x20, 0x20, 0x20, 0x20, 0x20, 0x20, 0x22, 0x6B, 0x69, 0x6E, 0x64, 0x22,
    0x3A, 0x20, 0x33, 0x2C, 0x0D, 0x0A, 0x20, 0x20, 0x20, 0x20, 0x20, 0x20, 0x20, 0x20, 0x20, 0x20,
    0x20, 0x20, 0x22, 0x61, 0x73, 0x73, 0x65, 0x6D, 0x62, 0x6C, 0x79, 0x4E, 0x61, 0x6D, 0x65, 0x22,
    0x3A, 0x20, 0x22, 0x53, 0x79, 0x73, 0x74, 0x65, 0x6D, 0x2E, 0x50, 0x72, 0x69, 0x76, 0x61, 0x74,
    0x65, 0x2E, 0x43, 0x6F, 0x72, 0x65, 0x4C, 0x69, 0x62, 0x22, 0x2C, 0x0D, 0x0A, 0x20, 0x20, 0x20,
    0x20, 0x20, 0x20, 0x20, 0x20, 0x20, 0x20, 0x20, 0x20, 0x22, 0x73, 0x75, 0x62, 0x6A, 0x65, 0x63,
    0x74, 0x49, 0x64, 0x22, 0x3A, 0x20, 0x22, 0x53, 0x79, 0x73, 0x74, 0x65, 0x6D, 0x2E, 0x50, 0x72,
    0x69, 0x76, 0x61, 0x74, 0x65, 0x2E, 0x43, 0x6F, 0x72, 0x65, 0x4C, 0x69, 0x62, 0x2F, 0x53, 0x79,
    0x73, 0x74, 0x65, 0x6D, 0x2E, 0x52, 0x65, 0x66, 0x6C, 0x65, 0x63, 0x74, 0x69, 0x6F, 0x6E, 0x2E,
    0x43, 0x75, 0x73, 0x74, 0x6F, 0x6D, 0x41, 0x74, 0x74, 0x72, 0x69, 0x62, 0x75, 0x74, 0x65, 0x45,
    0x78, 0x74, 0x65, 0x6E, 0x73, 0x69, 0x6F, 0x6E, 0x73, 0x3A, 0x3A, 0x49, 0x73, 0x44, 0x65, 0x66,
    0x69, 0x6E, 0x65, 0x64, 0x3A, 0x53, 0x79, 0x73, 0x74, 0x65, 0x6D, 0x2E, 0x42, 0x6F, 0x6F, 0x6C,
    0x65, 0x61, 0x6E, 0x28, 0x53, 0x79, 0x73, 0x74, 0x65, 0x6D, 0x2E, 0x52, 0x65, 0x66, 0x6C, 0x65,
    0x63, 0x74, 0x69, 0x6F, 0x6E, 0x2E, 0x41, 0x73, 0x73, 0x65, 0x6D, 0x62, 0x6C, 0x79, 0x2C, 0x53,
    0x79, 0x73, 0x74, 0x65, 0x6D, 0x2E, 0x54, 0x79, 0x70, 0x65, 0x29, 0x22, 0x2C, 0x0D, 0x0A, 0x20,
    0x20, 0x20, 0x20, 0x20, 0x20, 0x20, 0x20, 0x20, 0x20, 0x20, 0x20, 0x22, 0x74, 0x79, 0x70, 0x65,
    0x53, 0x68, 0x61, 0x70, 0x65, 0x22, 0x3A, 0x20, 0x30, 0x2C, 0x0D, 0x0A, 0x20, 0x20, 0x20, 0x20,
    0x20, 0x20, 0x20, 0x20, 0x20, 0x20, 0x20, 0x20, 0x22, 0x61, 0x72, 0x72, 0x61, 0x79, 0x45, 0x6C,
    0x65, 0x6D, 0x65, 0x6E, 0x74, 0x54, 0x79, 0x70, 0x65, 0x53, 0x68, 0x61, 0x70, 0x65, 0x22, 0x3A,
    0x20, 0x30, 0x2C, 0x0D, 0x0A, 0x20, 0x20, 0x20, 0x20, 0x20, 0x20, 0x20, 0x20, 0x20, 0x20, 0x20,
    0x20, 0x22, 0x69, 0x73, 0x53, 0x65, 0x61, 0x6C, 0x65, 0x64, 0x22, 0x3A, 0x20, 0x66, 0x61, 0x6C,
    0x73, 0x65, 0x2C, 0x0D, 0x0A, 0x20, 0x20, 0x20, 0x20, 0x20, 0x20, 0x20, 0x20, 0x20, 0x20, 0x20,
    0x20, 0x22, 0x69, 0x73, 0x43, 0x6F, 0x6D, 0x49, 0x6D, 0x70, 0x6F, 0x72, 0x74, 0x22, 0x3A, 0x20,
    0x66, 0x61, 0x6C, 0x73, 0x65, 0x2C, 0x0D, 0x0A, 0x20, 0x20, 0x20, 0x20, 0x20, 0x20, 0x20, 0x20,
    0x20, 0x20, 0x20, 0x20, 0x22, 0x63, 0x6F, 0x6D, 0x49, 0x6E, 0x74, 0x65, 0x72, 0x66, 0x61, 0x63,
    0x65, 0x54, 0x79, 0x70, 0x65, 0x4B, 0x69, 0x6E, 0x64, 0x22, 0x3A, 0x20, 0x30, 0x2C, 0x0D, 0x0A,
    0x20, 0x20, 0x20, 0x20, 0x20, 0x20, 0x20, 0x20, 0x20, 0x20, 0x20, 0x20, 0x22, 0x64, 0x65, 0x63,
    0x6C, 0x61, 0x72, 0x69, 0x6E, 0x67, 0x54, 0x79, 0x70, 0x65, 0x53, 0x68, 0x61, 0x70, 0x65, 0x22,
    0x3A, 0x20, 0x30, 0x0D, 0x0A, 0x20, 0x20, 0x20, 0x20, 0x20, 0x20, 0x20, 0x20, 0x20, 0x20, 0x7D,
    0x2C, 0x0D, 0x0A, 0x20, 0x20, 0x20, 0x20, 0x20, 0x20, 0x20, 0x20, 0x20, 0x20, 0x22, 0x64, 0x69,
    0x73, 0x70, 0x61, 0x74, 0x63, 0x68, 0x4B, 0x69, 0x6E, 0x64, 0x43, 0x6F, 0x64, 0x65, 0x22, 0x3A,
    0x20, 0x34, 0x2C, 0x0D, 0x0A, 0x20, 0x20, 0x20, 0x20, 0x20, 0x20, 0x20, 0x20, 0x20, 0x20, 0x22,
    0x69, 0x73, 0x50, 0x72, 0x65, 0x73, 0x65, 0x72, 0x76, 0x65, 0x53, 0x69, 0x67, 0x22, 0x3A, 0x20,
    0x66, 0x61, 0x6C, 0x73, 0x65, 0x0D, 0x0A, 0x20, 0x20, 0x20, 0x20, 0x20, 0x20, 0x20, 0x20, 0x7D,
    0x2C, 0x0D, 0x0A, 0x20, 0x20, 0x20, 0x20, 0x20, 0x20, 0x20, 0x20, 0x7B, 0x0D, 0x0A, 0x20, 0x20,
    0x20, 0x20, 0x20, 0x20, 0x20, 0x20, 0x20, 0x20, 0x22, 0x6F, 0x70, 0x22, 0x3A, 0x20, 0x22, 0x62,
    0x72, 0x74, 0x72, 0x75, 0x65, 0x22, 0x2C, 0x0D, 0x0A, 0x20, 0x20, 0x20, 0x20, 0x20, 0x20, 0x20,
    0x20, 0x20, 0x20, 0x22, 0x6F, 0x70, 0x43, 0x6F, 0x64, 0x65, 0x22, 0x3A, 0x20, 0x31, 0x38, 0x2C,
    0x0D, 0x0A, 0x20, 0x20, 0x20, 0x20, 0x20, 0x20, 0x20, 0x20, 0x20, 0x20, 0x22, 0x6F, 0x70, 0x65,
    0x72, 0x61, 0x6E, 0x64, 0x22, 0x3A, 0x20, 0x33, 0x36, 0x2C, 0x0D, 0x0A, 0x20, 0x20, 0x20, 0x20,
    0x20, 0x20, 0x20, 0x20, 0x20, 0x20, 0x22, 0x69, 0x6C, 0x4F, 0x66, 0x66, 0x73, 0x65, 0x74, 0x22,
    0x3A, 0x20, 0x33, 0x31, 0x2C, 0x0D, 0x0A, 0x20, 0x20, 0x20, 0x20, 0x20, 0x20, 0x20, 0x20, 0x20,
    0x20, 0x22, 0x72, 0x65, 0x73, 0x75, 0x6C, 0x74, 0x54, 0x79, 0x70, 0x65, 0x22, 0x3A, 0x20, 0x22,
    0x53, 0x79, 0x73, 0x74, 0x65, 0x6D, 0x2E, 0x56, 0x6F, 0x69, 0x64, 0x22, 0x2C, 0x0D, 0x0A, 0x20,
    0x20, 0x20, 0x20, 0x20, 0x20, 0x20, 0x20, 0x20, 0x20, 0x22, 0x69, 0x73, 0x50, 0x72, 0x65, 0x73,
    0x65, 0x72, 0x76, 0x65, 0x53, 0x69, 0x67, 0x22, 0x3A, 0x20, 0x66, 0x61, 0x6C, 0x73, 0x65, 0x0D,
    0x0A, 0x20, 0x20, 0x20, 0x20, 0x20, 0x20, 0x20, 0x20, 0x7D, 0x2C, 0x0D, 0x0A, 0x20, 0x20, 0x20,
    0x20, 0x20, 0x20, 0x20, 0x20, 0x7B, 0x0D, 0x0A, 0x20, 0x20, 0x20, 0x20, 0x20, 0x20, 0x20, 0x20,
    0x20, 0x20, 0x22, 0x6F, 0x70, 0x22, 0x3A, 0x20, 0x22, 0x6C, 0x64, 0x63, 0x2E, 0x69, 0x34, 0x22,
    0x2C, 0x0D, 0x0A, 0x20, 0x20, 0x20, 0x20, 0x20, 0x20, 0x20, 0x20, 0x20, 0x20, 0x22, 0x6F, 0x70,
    0x43, 0x6F, 0x64, 0x65, 0x22, 0x3A, 0x20, 0x30, 0x2C, 0x0D, 0x0A, 0x20, 0x20, 0x20, 0x20, 0x20,
    0x20, 0x20, 0x20, 0x20, 0x20, 0x22, 0x6F, 0x70, 0x65, 0x72, 0x61, 0x6E, 0x64, 0x22, 0x3A, 0x20,
    0x30, 0x2C, 0x0D, 0x0A, 0x20, 0x20, 0x20, 0x20, 0x20, 0x20, 0x20, 0x20, 0x20, 0x20, 0x22, 0x69,
    0x6C, 0x4F, 0x66, 0x66, 0x73, 0x65, 0x74, 0x22, 0x3A, 0x20, 0x33, 0x33, 0x2C, 0x0D, 0x0A, 0x20,
    0x20, 0x20, 0x20, 0x20, 0x20, 0x20, 0x20, 0x20, 0x20, 0x22, 0x72, 0x65, 0x73, 0x75, 0x6C, 0x74,
    0x54, 0x79, 0x70, 0x65, 0x22, 0x3A, 0x20, 0x22, 0x53, 0x79, 0x73, 0x74, 0x65, 0x6D, 0x2E, 0x49,
    0x6E, 0x74, 0x33, 0x32, 0x22, 0x2C, 0x0D, 0x0A, 0x20, 0x20, 0x20, 0x20, 0x20, 0x20, 0x20, 0x20,
    0x20, 0x20, 0x22, 0x69, 0x73, 0x50, 0x72, 0x65, 0x73, 0x65, 0x72, 0x76, 0x65, 0x53, 0x69, 0x67,
    0x22, 0x3A, 0x20, 0x66, 0x61, 0x6C, 0x73, 0x65, 0x0D, 0x0A, 0x20, 0x20, 0x20, 0x20, 0x20, 0x20,
    0x20, 0x20, 0x7D, 0x2C, 0x0D, 0x0A, 0x20, 0x20, 0x20, 0x20, 0x20, 0x20, 0x20, 0x20, 0x7B, 0x0D,
    0x0A, 0x20, 0x20, 0x20, 0x20, 0x20, 0x20, 0x20, 0x20, 0x20, 0x20, 0x22, 0x6F, 0x70, 0x22, 0x3A,
    0x20, 0x22, 0x62, 0x72, 0x22, 0x2C, 0x0D, 0x0A, 0x20, 0x20, 0x20, 0x20, 0x20, 0x20, 0x20, 0x20,
    0x20, 0x20, 0x22, 0x6F, 0x70, 0x43, 0x6F, 0x64, 0x65, 0x22, 0x3A, 0x20, 0x31, 0x37, 0x2C, 0x0D,
    0x0A, 0x20, 0x20, 0x20, 0x20, 0x20, 0x20, 0x20, 0x20, 0x20, 0x20, 0x22, 0x6F, 0x70, 0x65, 0x72,
    0x61, 0x6E, 0x64, 0x22, 0x3A, 0x20, 0x33, 0x37, 0x2C, 0x0D, 0x0A, 0x20, 0x20, 0x20, 0x20, 0x20,
    0x20, 0x20, 0x20, 0x20, 0x20, 0x22, 0x69, 0x6C, 0x4F, 0x66, 0x66, 0x73, 0x65, 0x74, 0x22, 0x3A,
    0x20, 0x33, 0x34, 0x2C, 0x0D, 0x0A, 0x20, 0x20, 0x20, 0x20, 0x20, 0x20, 0x20, 0x20, 0x20, 0x20,
    0x22, 0x72, 0x65, 0x73, 0x75, 0x6C, 0x74, 0x54, 0x79, 0x70, 0x65, 0x22, 0x3A, 0x20, 0x22, 0x53,
    0x79, 0x73, 0x74, 0x65, 0x6D, 0x2E, 0x56, 0x6F, 0x69, 0x64, 0x22, 0x2C, 0x0D, 0x0A, 0x20, 0x20,
    0x20, 0x20, 0x20, 0x20, 0x20, 0x20, 0x20, 0x20, 0x22, 0x69, 0x73, 0x50, 0x72, 0x65, 0x73, 0x65,
    0x72, 0x76, 0x65, 0x53, 0x69, 0x67, 0x22, 0x3A, 0x20, 0x66, 0x61, 0x6C, 0x73, 0x65, 0x0D, 0x0A,
    0x20, 0x20, 0x20, 0x20, 0x20, 0x20, 0x20, 0x20, 0x7D, 0x2C, 0x0D, 0x0A, 0x20, 0x20, 0x20, 0x20,
    0x20, 0x20, 0x20, 0x20, 0x7B, 0x0D, 0x0A, 0x20, 0x20, 0x20, 0x20, 0x20, 0x20, 0x20, 0x20, 0x20,
    0x20, 0x22, 0x6F, 0x70, 0x22, 0x3A, 0x20, 0x22, 0x6C, 0x64, 0x63, 0x2E, 0x69, 0x34, 0x22, 0x2C,
    0x0D, 0x0A, 0x20, 0x20, 0x20, 0x20, 0x20, 0x20, 0x20, 0x20, 0x20, 0x20, 0x22, 0x6F, 0x70, 0x43,
    0x6F, 0x64, 0x65, 0x22, 0x3A, 0x20, 0x30, 0x2C, 0x0D, 0x0A, 0x20, 0x20, 0x20, 0x20, 0x20, 0x20,
    0x20, 0x20, 0x20, 0x20, 0x22, 0x6F, 0x70, 0x65, 0x72, 0x61, 0x6E, 0x64, 0x22, 0x3A, 0x20, 0x31,
    0x2C, 0x0D, 0x0A, 0x20, 0x20, 0x20, 0x20, 0x20, 0x20, 0x20, 0x20, 0x20, 0x20, 0x22, 0x69, 0x6C,
    0x4F, 0x66, 0x66, 0x73, 0x65, 0x74, 0x22, 0x3A, 0x20, 0x33, 0x36, 0x2C, 0x0D, 0x0A, 0x20, 0x20,
    0x20, 0x20, 0x20, 0x20, 0x20, 0x20, 0x20, 0x20, 0x22, 0x72, 0x65, 0x73, 0x75, 0x6C, 0x74, 0x54,
    0x79, 0x70, 0x65, 0x22, 0x3A, 0x20, 0x22, 0x53, 0x79, 0x73, 0x74, 0x65, 0x6D, 0x2E, 0x49, 0x6E,
    0x74, 0x33, 0x32, 0x22, 0x2C, 0x0D, 0x0A, 0x20, 0x20, 0x20, 0x20, 0x20, 0x20, 0x20, 0x20, 0x20,
    0x20, 0x22, 0x69, 0x73, 0x50, 0x72, 0x65, 0x73, 0x65, 0x72, 0x76, 0x65, 0x53, 0x69, 0x67, 0x22,
    0x3A, 0x20, 0x66, 0x61, 0x6C, 0x73, 0x65, 0x0D, 0x0A, 0x20, 0x20, 0x20, 0x20, 0x20, 0x20, 0x20,
    0x20, 0x7D, 0x2C, 0x0D, 0x0A, 0x20, 0x20, 0x20, 0x20, 0x20, 0x20, 0x20, 0x20, 0x7B, 0x0D, 0x0A,
    0x20, 0x20, 0x20, 0x20, 0x20, 0x20, 0x20, 0x20, 0x20, 0x20, 0x22, 0x6F, 0x70, 0x22, 0x3A, 0x20,
    0x22, 0x6C, 0x64, 0x63, 0x2E, 0x69, 0x34, 0x22, 0x2C, 0x0D, 0x0A, 0x20, 0x20, 0x20, 0x20, 0x20,
    0x20, 0x20, 0x20, 0x20, 0x20, 0x22, 0x6F, 0x70, 0x43, 0x6F, 0x64, 0x65, 0x22, 0x3A, 0x20, 0x30,
    0x2C, 0x0D, 0x0A, 0x20, 0x20, 0x20, 0x20, 0x20, 0x20, 0x20, 0x20, 0x20, 0x20, 0x22, 0x6F, 0x70,
    0x65, 0x72, 0x61, 0x6E, 0x64, 0x22, 0x3A, 0x20, 0x31, 0x2C, 0x0D, 0x0A, 0x20, 0x20, 0x20, 0x20,
    0x20, 0x20, 0x20, 0x20, 0x20, 0x20, 0x22, 0x69, 0x6C, 0x4F, 0x66, 0x66, 0x73, 0x65, 0x74, 0x22,
    0x3A, 0x20, 0x33, 0x37, 0x2C, 0x0D, 0x0A, 0x20, 0x20, 0x20, 0x20, 0x20, 0x20, 0x20, 0x20, 0x20,
    0x20, 0x22, 0x72, 0x65, 0x73, 0x75, 0x6C, 0x74, 0x54, 0x79, 0x70, 0x65, 0x22, 0x3A, 0x20, 0x22,
    0x53, 0x79, 0x73, 0x74, 0x65, 0x6D, 0x2E, 0x49, 0x6E, 0x74, 0x33, 0x32, 0x22, 0x2C, 0x0D, 0x0A,
    0x20, 0x20, 0x20, 0x20, 0x20, 0x20, 0x20, 0x20, 0x20, 0x20, 0x22, 0x69, 0x73, 0x50, 0x72, 0x65,
    0x73, 0x65, 0x72, 0x76, 0x65, 0x53, 0x69, 0x67, 0x22, 0x3A, 0x20, 0x66, 0x61, 0x6C, 0x73, 0x65,
    0x0D, 0x0A, 0x20, 0x20, 0x20, 0x20, 0x20, 0x20, 0x20, 0x20, 0x7D, 0x2C, 0x0D, 0x0A, 0x20, 0x20,
    0x20, 0x20, 0x20, 0x20, 0x20, 0x20, 0x7B, 0x0D, 0x0A, 0x20, 0x20, 0x20, 0x20, 0x20, 0x20, 0x20,
    0x20, 0x20, 0x20, 0x22, 0x6F, 0x70, 0x22, 0x3A, 0x20, 0x22, 0x63, 0x65, 0x71, 0x22, 0x2C, 0x0D,
    0x0A, 0x20, 0x20, 0x20, 0x20, 0x20, 0x20, 0x20, 0x20, 0x20, 0x20, 0x22, 0x6F, 0x70, 0x43, 0x6F,
    0x64, 0x65, 0x22, 0x3A, 0x20, 0x33, 0x31, 0x2C, 0x0D, 0x0A, 0x20, 0x20, 0x20, 0x20, 0x20, 0x20,
    0x20, 0x20, 0x20, 0x20, 0x22, 0x69, 0x6C, 0x4F, 0x66, 0x66, 0x73, 0x65, 0x74, 0x22, 0x3A, 0x20,
    0x33, 0x38, 0x2C, 0x0D, 0x0A, 0x20, 0x20, 0x20, 0x20, 0x20, 0x20, 0x20, 0x20, 0x20, 0x20, 0x22,
    0x72, 0x65, 0x73, 0x75, 0x6C, 0x74, 0x54, 0x79, 0x70, 0x65, 0x22, 0x3A, 0x20, 0x22, 0x53, 0x79,
    0x73, 0x74, 0x65, 0x6D, 0x2E, 0x49, 0x6E, 0x74, 0x33, 0x32, 0x22, 0x2C, 0x0D, 0x0A, 0x20, 0x20,
    0x20, 0x20, 0x20, 0x20, 0x20, 0x20, 0x20, 0x20, 0x22, 0x69, 0x73, 0x50, 0x72, 0x65, 0x73, 0x65,
    0x72, 0x76, 0x65, 0x53, 0x69, 0x67, 0x22, 0x3A, 0x20, 0x66, 0x61, 0x6C, 0x73, 0x65, 0x0D, 0x0A,
    0x20, 0x20, 0x20, 0x20, 0x20, 0x20, 0x20, 0x20, 0x7D, 0x2C, 0x0D, 0x0A, 0x20, 0x20, 0x20, 0x20,
    0x20, 0x20, 0x20, 0x20, 0x7B, 0x0D, 0x0A, 0x20, 0x20, 0x20, 0x20, 0x20, 0x20, 0x20, 0x20, 0x20,
    0x20, 0x22, 0x6F, 0x70, 0x22, 0x3A, 0x20, 0x22, 0x6C, 0x64, 0x63, 0x2E, 0x69, 0x34, 0x22, 0x2C,
    0x0D, 0x0A, 0x20, 0x20, 0x20, 0x20, 0x20, 0x20, 0x20, 0x20, 0x20, 0x20, 0x22, 0x6F, 0x70, 0x43,
    0x6F, 0x64, 0x65, 0x22, 0x3A, 0x20, 0x30, 0x2C, 0x0D, 0x0A, 0x20, 0x20, 0x20, 0x20, 0x20, 0x20,
    0x20, 0x20, 0x20, 0x20, 0x22, 0x6F, 0x70, 0x65, 0x72, 0x61, 0x6E, 0x64, 0x22, 0x3A, 0x20, 0x30,
    0x2C, 0x0D, 0x0A, 0x20, 0x20, 0x20, 0x20, 0x20, 0x20, 0x20, 0x20, 0x20, 0x20, 0x22, 0x69, 0x6C,
    0x4F, 0x66, 0x66, 0x73, 0x65, 0x74, 0x22, 0x3A, 0x20, 0x34, 0x30, 0x2C, 0x0D, 0x0A, 0x20, 0x20,
    0x20, 0x20, 0x20, 0x20, 0x20, 0x20, 0x20, 0x20, 0x22, 0x72, 0x65, 0x73, 0x75, 0x6C, 0x74, 0x54,
    0x79, 0x70, 0x65, 0x22, 0x3A, 0x20, 0x22, 0x53, 0x79, 0x73, 0x74, 0x65, 0x6D, 0x2E, 0x49, 0x6E,
    0x74, 0x33, 0x32, 0x22, 0x2C, 0x0D, 0x0A, 0x20, 0x20, 0x20, 0x20, 0x20, 0x20, 0x20, 0x20, 0x20,
    0x20, 0x22, 0x69, 0x73, 0x50, 0x72, 0x65, 0x73, 0x65, 0x72, 0x76, 0x65, 0x53, 0x69, 0x67, 0x22,
    0x3A, 0x20, 0x66, 0x61, 0x6C, 0x73, 0x65, 0x0D, 0x0A, 0x20, 0x20, 0x20, 0x20, 0x20, 0x20, 0x20,
    0x20, 0x7D, 0x2C, 0x0D, 0x0A, 0x20, 0x20, 0x20, 0x20, 0x20, 0x20, 0x20, 0x20, 0x7B, 0x0D, 0x0A,
    0x20, 0x20, 0x20, 0x20, 0x20, 0x20, 0x20, 0x20, 0x20, 0x20, 0x22, 0x6F, 0x70, 0x22, 0x3A, 0x20,
    0x22, 0x63, 0x65, 0x71, 0x22, 0x2C, 0x0D, 0x0A, 0x20, 0x20, 0x20, 0x20, 0x20, 0x20, 0x20, 0x20,
    0x20, 0x20, 0x22, 0x6F, 0x70, 0x43, 0x6F, 0x64, 0x65, 0x22, 0x3A, 0x20, 0x33, 0x31, 0x2C, 0x0D,
    0x0A, 0x20, 0x20, 0x20, 0x20, 0x20, 0x20, 0x20, 0x20, 0x20, 0x20, 0x22, 0x69, 0x6C, 0x4F, 0x66,
    0x66, 0x73, 0x65, 0x74, 0x22, 0x3A, 0x20, 0x34, 0x31, 0x2C, 0x0D, 0x0A, 0x20, 0x20, 0x20, 0x20,
    0x20, 0x20, 0x20, 0x20, 0x20, 0x20, 0x22, 0x72, 0x65, 0x73, 0x75, 0x6C, 0x74, 0x54, 0x79, 0x70,
    0x65, 0x22, 0x3A, 0x20, 0x22, 0x53, 0x79, 0x73, 0x74, 0x65, 0x6D, 0x2E, 0x49, 0x6E, 0x74, 0x33,
    0x32, 0x22, 0x2C, 0x0D, 0x0A, 0x20, 0x20, 0x20, 0x20, 0x20, 0x20, 0x20, 0x20, 0x20, 0x20, 0x22,
    0x69, 0x73, 0x50, 0x72, 0x65, 0x73, 0x65, 0x72, 0x76, 0x65, 0x53, 0x69, 0x67, 0x22, 0x3A, 0x20,
    0x66, 0x61, 0x6C, 0x73, 0x65, 0x0D, 0x0A, 0x20, 0x20, 0x20, 0x20, 0x20, 0x20, 0x20, 0x20, 0x7D,
    0x2C, 0x0D, 0x0A, 0x20, 0x20, 0x20, 0x20, 0x20, 0x20, 0x20, 0x20, 0x7B, 0x0D, 0x0A, 0x20, 0x20,
    0x20, 0x20, 0x20, 0x20, 0x20, 0x20, 0x20, 0x20, 0x22, 0x6F, 0x70, 0x22, 0x3A, 0x20, 0x22, 0x73,
    0x74, 0x6C, 0x6F, 0x63, 0x22, 0x2C, 0x0D, 0x0A, 0x20, 0x20, 0x20, 0x20, 0x20, 0x20, 0x20, 0x20,
    0x20, 0x20, 0x22, 0x6F, 0x70, 0x43, 0x6F, 0x64, 0x65, 0x22, 0x3A, 0x20, 0x38, 0x2C, 0x0D, 0x0A,
    0x20, 0x20, 0x20, 0x20, 0x20, 0x20, 0x20, 0x20, 0x20, 0x20, 0x22, 0x6F, 0x70, 0x65, 0x72, 0x61,
    0x6E, 0x64, 0x22, 0x3A, 0x20, 0x30, 0x2C, 0x0D, 0x0A, 0x20, 0x20, 0x20, 0x20, 0x20, 0x20, 0x20,
    0x20, 0x20, 0x20, 0x22, 0x69, 0x6C, 0x4F, 0x66, 0x66, 0x73, 0x65, 0x74, 0x22, 0x3A, 0x20, 0x34,
    0x33, 0x2C, 0x0D, 0x0A, 0x20, 0x20, 0x20, 0x20, 0x20, 0x20, 0x20, 0x20, 0x20, 0x20, 0x22, 0x72,
    0x65, 0x73, 0x75, 0x6C, 0x74, 0x54, 0x79, 0x70, 0x65, 0x22, 0x3A, 0x20, 0x22, 0x53, 0x79, 0x73,
    0x74, 0x65, 0x6D, 0x2E, 0x56, 0x6F, 0x69, 0x64, 0x22, 0x2C, 0x0D, 0x0A, 0x20, 0x20, 0x20, 0x20,
    0x20, 0x20, 0x20, 0x20, 0x20, 0x20, 0x22, 0x69, 0x73, 0x50, 0x72, 0x65, 0x73, 0x65, 0x72, 0x76,
    0x65, 0x53, 0x69, 0x67, 0x22, 0x3A, 0x20, 0x66, 0x61, 0x6C, 0x73, 0x65, 0x0D, 0x0A, 0x20, 0x20,
    0x20, 0x20, 0x20, 0x20, 0x20, 0x20, 0x7D, 0x2C, 0x0D, 0x0A, 0x20, 0x20, 0x20, 0x20, 0x20, 0x20,
    0x20, 0x20, 0x7B, 0x0D, 0x0A, 0x20, 0x20, 0x20, 0x20, 0x20, 0x20, 0x20, 0x20, 0x20, 0x20, 0x22,
    0x6F, 0x70, 0x22, 0x3A, 0x20, 0x22, 0x6C, 0x64, 0x6C, 0x6F, 0x63, 0x22, 0x2C, 0x0D, 0x0A, 0x20,
    0x20, 0x20, 0x20, 0x20, 0x20, 0x20, 0x20, 0x20, 0x20, 0x22, 0x6F, 0x70, 0x43, 0x6F, 0x64, 0x65,
    0x22, 0x3A, 0x20, 0x37, 0x2C, 0x0D, 0x0A, 0x20, 0x20, 0x20, 0x20, 0x20, 0x20, 0x20, 0x20, 0x20,
    0x20, 0x22, 0x6F, 0x70, 0x65, 0x72, 0x61, 0x6E, 0x64, 0x22, 0x3A, 0x20, 0x30, 0x2C, 0x0D, 0x0A,
    0x20, 0x20, 0x20, 0x20, 0x20, 0x20, 0x20, 0x20, 0x20, 0x20, 0x22, 0x69, 0x6C, 0x4F, 0x66, 0x66,
    0x73, 0x65, 0x74, 0x22, 0x3A, 0x20, 0x34, 0x34, 0x2C, 0x0D, 0x0A, 0x20, 0x20, 0x20, 0x20, 0x20,
    0x20, 0x20, 0x20, 0x20, 0x20, 0x22, 0x69, 0x73, 0x50, 0x72, 0x65, 0x73, 0x65, 0x72, 0x76, 0x65,
    0x53, 0x69, 0x67, 0x22, 0x3A, 0x20, 0x66, 0x61, 0x6C, 0x73, 0x65, 0x0D, 0x0A, 0x20, 0x20, 0x20,
    0x20, 0x20, 0x20, 0x20, 0x20, 0x7D, 0x2C, 0x0D, 0x0A, 0x20, 0x20, 0x20, 0x20, 0x20, 0x20, 0x20,
    0x20, 0x7B, 0x0D, 0x0A, 0x20, 0x20, 0x20, 0x20, 0x20, 0x20, 0x20, 0x20, 0x20, 0x20, 0x22, 0x6F,
    0x70, 0x22, 0x3A, 0x20, 0x22, 0x62, 0x72, 0x66, 0x61, 0x6C, 0x73, 0x65, 0x22, 0x2C, 0x0D, 0x0A,
    0x20, 0x20, 0x20, 0x20, 0x20, 0x20, 0x20, 0x20, 0x20, 0x20, 0x22, 0x6F, 0x70, 0x43, 0x6F, 0x64,
    0x65, 0x22, 0x3A, 0x20, 0x31, 0x39, 0x2C, 0x0D, 0x0A, 0x20, 0x20, 0x20, 0x20, 0x20, 0x20, 0x20,
    0x20, 0x20, 0x20, 0x22, 0x6F, 0x70, 0x65, 0x72, 0x61, 0x6E, 0x64, 0x22, 0x3A, 0x20, 0x35, 0x33,
    0x2C, 0x0D, 0x0A, 0x20, 0x20, 0x20, 0x20, 0x20, 0x20, 0x20, 0x20, 0x20, 0x20, 0x22, 0x69, 0x6C,
    0x4F, 0x66, 0x66, 0x73, 0x65, 0x74, 0x22, 0x3A, 0x20, 0x34, 0x35, 0x2C, 0x0D, 0x0A, 0x20, 0x20,
    0x20, 0x20, 0x20, 0x20, 0x20, 0x20, 0x20, 0x20, 0x22, 0x72, 0x65, 0x73, 0x75, 0x6C, 0x74, 0x54,
    0x79, 0x70, 0x65, 0x22, 0x3A, 0x20, 0x22, 0x53, 0x79, 0x73, 0x74, 0x65, 0x6D, 0x2E, 0x56, 0x6F,
    0x69, 0x64, 0x22, 0x2C, 0x0D, 0x0A, 0x20, 0x20, 0x20, 0x20, 0x20, 0x20, 0x20, 0x20, 0x20, 0x20,
    0x22, 0x69, 0x73, 0x50, 0x72, 0x65, 0x73, 0x65, 0x72, 0x76, 0x65, 0x53, 0x69, 0x67, 0x22, 0x3A,
    0x20, 0x66, 0x61, 0x6C, 0x73, 0x65, 0x0D, 0x0A, 0x20, 0x20, 0x20, 0x20, 0x20, 0x20, 0x20, 0x20,
    0x7D, 0x2C, 0x0D, 0x0A, 0x20, 0x20, 0x20, 0x20, 0x20, 0x20, 0x20, 0x20, 0x7B, 0x0D, 0x0A, 0x20,
    0x20, 0x20, 0x20, 0x20, 0x20, 0x20, 0x20, 0x20, 0x20, 0x22, 0x6F, 0x70, 0x22, 0x3A, 0x20, 0x22,
    0x6C, 0x64, 0x63, 0x2E, 0x69, 0x34, 0x22, 0x2C, 0x0D, 0x0A, 0x20, 0x20, 0x20, 0x20, 0x20, 0x20,
    0x20, 0x20, 0x20, 0x20, 0x22, 0x6F, 0x70, 0x43, 0x6F, 0x64, 0x65, 0x22, 0x3A, 0x20, 0x30, 0x2C,
    0x0D, 0x0A, 0x20, 0x20, 0x20, 0x20, 0x20, 0x20, 0x20, 0x20, 0x20, 0x20, 0x22, 0x6F, 0x70, 0x65,
    0x72, 0x61, 0x6E, 0x64, 0x22, 0x3A, 0x20, 0x31, 0x2C, 0x0D, 0x0A, 0x20, 0x20, 0x20, 0x20, 0x20,
    0x20, 0x20, 0x20, 0x20, 0x20, 0x22, 0x69, 0x6C, 0x4F, 0x66, 0x66, 0x73, 0x65, 0x74, 0x22, 0x3A,
    0x20, 0x34, 0x37, 0x2C, 0x0D, 0x0A, 0x20, 0x20, 0x20, 0x20, 0x20, 0x20, 0x20, 0x20, 0x20, 0x20,
    0x22, 0x72, 0x65, 0x73, 0x75, 0x6C, 0x74, 0x54, 0x79, 0x70, 0x65, 0x22, 0x3A, 0x20, 0x22, 0x53,
    0x79, 0x73, 0x74, 0x65, 0x6D, 0x2E, 0x49, 0x6E, 0x74, 0x33, 0x32, 0x22, 0x2C, 0x0D, 0x0A, 0x20,
    0x20, 0x20, 0x20, 0x20, 0x20, 0x20, 0x20, 0x20, 0x20, 0x22, 0x69, 0x73, 0x50, 0x72, 0x65, 0x73,
    0x65, 0x72, 0x76, 0x65, 0x53, 0x69, 0x67, 0x22, 0x3A, 0x20, 0x66, 0x61, 0x6C, 0x73, 0x65, 0x0D,
    0x0A, 0x20, 0x20, 0x20, 0x20, 0x20, 0x20, 0x20, 0x20, 0x7D, 0x2C, 0x0D, 0x0A, 0x20, 0x20, 0x20,
    0x20, 0x20, 0x20, 0x20, 0x20, 0x7B, 0x0D, 0x0A, 0x20, 0x20, 0x20, 0x20, 0x20, 0x20, 0x20, 0x20,
    0x20, 0x20, 0x22, 0x6F, 0x70, 0x22, 0x3A, 0x20, 0x22, 0x73, 0x74, 0x73, 0x66, 0x6C, 0x64, 0x22,
    0x2C, 0x0D, 0x0A, 0x20, 0x20, 0x20, 0x20, 0x20, 0x20, 0x20, 0x20, 0x20, 0x20, 0x22, 0x6F, 0x70,
    0x43, 0x6F, 0x64, 0x65, 0x22, 0x3A, 0x20, 0x31, 0x33, 0x2C, 0x0D, 0x0A, 0x20, 0x20, 0x20, 0x20,
    0x20, 0x20, 0x20, 0x20, 0x20, 0x20, 0x22, 0x6F, 0x70, 0x65, 0x72, 0x61, 0x6E, 0x64, 0x22, 0x3A,
    0x20, 0x22, 0x41, 0x74, 0x74, 0x72, 0x69, 0x62, 0x75, 0x74, 0x65, 0x73, 0x43, 0x75, 0x73, 0x74,
    0x6F, 0x6D, 0x4D, 0x65, 0x74, 0x61, 0x64, 0x61, 0x74, 0x61, 0x53, 0x75, 0x62, 0x6A, 0x65, 0x63,
    0x74, 0x73, 0x2F, 0x41, 0x74, 0x74, 0x72, 0x69, 0x62, 0x75, 0x74, 0x65, 0x73, 0x43, 0x75, 0x73,
    0x74, 0x6F, 0x6D, 0x4D, 0x65, 0x74, 0x61, 0x64, 0x61, 0x74, 0x61, 0x53, 0x75, 0x62, 0x6A, 0x65,
    0x63, 0x74, 0x73, 0x3A, 0x3A, 0x5F, 0x65, 0x78, 0x69, 0x74, 0x43, 0x6F, 0x64, 0x65, 0x22, 0x2C,
    0x0D, 0x0A, 0x20, 0x20, 0x20, 0x20, 0x20, 0x20, 0x20, 0x20, 0x20, 0x20, 0x22, 0x69, 0x6C, 0x4F,
    0x66, 0x66, 0x73, 0x65, 0x74, 0x22, 0x3A, 0x20, 0x34, 0x38, 0x2C, 0x0D, 0x0A, 0x20, 0x20, 0x20,
    0x20, 0x20, 0x20, 0x20, 0x20, 0x20, 0x20, 0x22, 0x72, 0x65, 0x73, 0x75, 0x6C, 0x74, 0x54, 0x79,
    0x70, 0x65, 0x22, 0x3A, 0x20, 0x22, 0x53, 0x79, 0x73, 0x74, 0x65, 0x6D, 0x2E, 0x56, 0x6F, 0x69,
    0x64, 0x22, 0x2C, 0x0D, 0x0A, 0x20, 0x20, 0x20, 0x20, 0x20, 0x20, 0x20, 0x20, 0x20, 0x20, 0x22,
    0x72, 0x65, 0x66, 0x65, 0x72, 0x65, 0x6E, 0x63, 0x65, 0x22, 0x3A, 0x20, 0x7B, 0x0D, 0x0A, 0x20,
    0x20, 0x20, 0x20, 0x20, 0x20, 0x20, 0x20, 0x20, 0x20, 0x20, 0x20, 0x22, 0x61, 0x73, 0x73, 0x65,
    0x6D, 0x62, 0x6C, 0x79, 0x4E, 0x61, 0x6D, 0x65, 0x22, 0x3A, 0x20, 0x22, 0x41, 0x74, 0x74, 0x72,
    0x69, 0x62, 0x75, 0x74, 0x65, 0x73, 0x43, 0x75, 0x73, 0x74, 0x6F, 0x6D, 0x4D, 0x65, 0x74, 0x61,
    0x64, 0x61, 0x74, 0x61, 0x53, 0x75, 0x62, 0x6A, 0x65, 0x63, 0x74, 0x73, 0x22, 0x2C, 0x0D, 0x0A,
    0x20, 0x20, 0x20, 0x20, 0x20, 0x20, 0x20, 0x20, 0x20, 0x20, 0x20, 0x20, 0x22, 0x73, 0x75, 0x62,
    0x6A, 0x65, 0x63, 0x74, 0x4B, 0x69, 0x6E, 0x64, 0x22, 0x3A, 0x20, 0x22, 0x66, 0x69, 0x65, 0x6C,
    0x64, 0x22, 0x2C, 0x0D, 0x0A, 0x20, 0x20, 0x20, 0x20, 0x20, 0x20, 0x20, 0x20, 0x20, 0x20, 0x20,
    0x20, 0x22, 0x73, 0x75, 0x62, 0x6A, 0x65, 0x63, 0x74, 0x49, 0x64, 0x22, 0x3A, 0x20, 0x22, 0x41,
    0x74, 0x74, 0x72, 0x69, 0x62, 0x75, 0x74, 0x65, 0x73, 0x43, 0x75, 0x73, 0x74, 0x6F, 0x6D, 0x4D,
    0x65, 0x74, 0x61, 0x64, 0x61, 0x74, 0x61, 0x53, 0x75, 0x62, 0x6A, 0x65, 0x63, 0x74, 0x73, 0x2F,
    0x41, 0x74, 0x74, 0x72, 0x69, 0x62, 0x75, 0x74, 0x65, 0x73, 0x43, 0x75, 0x73, 0x74, 0x6F, 0x6D,
    0x4D, 0x65, 0x74, 0x61, 0x64, 0x61, 0x74, 0x61, 0x53, 0x75, 0x62, 0x6A, 0x65, 0x63, 0x74, 0x73,
    0x3A, 0x3A, 0x5F, 0x65, 0x78, 0x69, 0x74, 0x43, 0x6F, 0x64, 0x65, 0x22, 0x0D, 0x0A, 0x20, 0x20,
    0x20, 0x20, 0x20, 0x20, 0x20, 0x20, 0x20, 0x20, 0x7D, 0x2C, 0x0D, 0x0A, 0x20, 0x20, 0x20, 0x20,
    0x20, 0x20, 0x20, 0x20, 0x20, 0x20, 0x22, 0x74, 0x61, 0x72, 0x67, 0x65, 0x74, 0x52, 0x65, 0x66,
    0x65, 0x72, 0x65, 0x6E, 0x63, 0x65, 0x22, 0x3A, 0x20, 0x7B, 0x0D, 0x0A, 0x20, 0x20, 0x20, 0x20,
    0x20, 0x20, 0x20, 0x20, 0x20, 0x20, 0x20, 0x20, 0x22, 0x6B, 0x69, 0x6E, 0x64, 0x22, 0x3A, 0x20,
    0x32, 0x2C, 0x0D, 0x0A, 0x20, 0x20, 0x20, 0x20, 0x20, 0x20, 0x20, 0x20, 0x20, 0x20, 0x20, 0x20,
    0x22, 0x61, 0x73, 0x73, 0x65, 0x6D, 0x62, 0x6C, 0x79, 0x4E, 0x61, 0x6D, 0x65, 0x22, 0x3A, 0x20,
    0x22, 0x41, 0x74, 0x74, 0x72, 0x69, 0x62, 0x75, 0x74, 0x65, 0x73, 0x43, 0x75, 0x73, 0x74, 0x6F,
    0x6D, 0x4D, 0x65, 0x74, 0x61, 0x64, 0x61, 0x74, 0x61, 0x53, 0x75, 0x62, 0x6A, 0x65, 0x63, 0x74,
    0x73, 0x22, 0x2C, 0x0D, 0x0A, 0x20, 0x20, 0x20, 0x20, 0x20, 0x20, 0x20, 0x20, 0x20, 0x20, 0x20,
    0x20, 0x22, 0x73, 0x75, 0x62, 0x6A, 0x65, 0x63, 0x74, 0x49, 0x64, 0x22, 0x3A, 0x20, 0x22, 0x41,
    0x74, 0x74, 0x72, 0x69, 0x62, 0x75, 0x74, 0x65, 0x73, 0x43, 0x75, 0x73, 0x74, 0x6F, 0x6D, 0x4D,
    0x65, 0x74, 0x61, 0x64, 0x61, 0x74, 0x61, 0x53, 0x75, 0x62, 0x6A, 0x65, 0x63, 0x74, 0x73, 0x2F,
    0x41, 0x74, 0x74, 0x72, 0x69, 0x62, 0x75, 0x74, 0x65, 0x73, 0x43, 0x75, 0x73, 0x74, 0x6F, 0x6D,
    0x4D, 0x65, 0x74, 0x61, 0x64, 0x61, 0x74, 0x61, 0x53, 0x75, 0x62, 0x6A, 0x65, 0x63, 0x74, 0x73,
    0x3A, 0x3A, 0x5F, 0x65, 0x78, 0x69, 0x74, 0x43, 0x6F, 0x64, 0x65, 0x22, 0x2C, 0x0D, 0x0A, 0x20,
    0x20, 0x20, 0x20, 0x20, 0x20, 0x20, 0x20, 0x20, 0x20, 0x20, 0x20, 0x22, 0x74, 0x79, 0x70, 0x65,
    0x53, 0x68, 0x61, 0x70, 0x65, 0x22, 0x3A, 0x20, 0x30, 0x2C, 0x0D, 0x0A, 0x20, 0x20, 0x20, 0x20,
    0x20, 0x20, 0x20, 0x20, 0x20, 0x20, 0x20, 0x20, 0x22, 0x61, 0x72, 0x72, 0x61, 0x79, 0x45, 0x6C,
    0x65, 0x6D, 0x65, 0x6E, 0x74, 0x54, 0x79, 0x70, 0x65, 0x53, 0x68, 0x61, 0x70, 0x65, 0x22, 0x3A,
    0x20, 0x30, 0x2C, 0x0D, 0x0A, 0x20, 0x20, 0x20, 0x20, 0x20, 0x20, 0x20, 0x20, 0x20, 0x20, 0x20,
    0x20, 0x22, 0x69, 0x73, 0x53, 0x65, 0x61, 0x6C, 0x65, 0x64, 0x22, 0x3A, 0x20, 0x66, 0x61, 0x6C,
    0x73, 0x65, 0x2C, 0x0D, 0x0A, 0x20, 0x20, 0x20, 0x20, 0x20, 0x20, 0x20, 0x20, 0x20, 0x20, 0x20,
    0x20, 0x22, 0x69, 0x73, 0x43, 0x6F, 0x6D, 0x49, 0x6D, 0x70, 0x6F, 0x72, 0x74, 0x22, 0x3A, 0x20,
    0x66, 0x61, 0x6C, 0x73, 0x65, 0x2C, 0x0D, 0x0A, 0x20, 0x20, 0x20, 0x20, 0x20, 0x20, 0x20, 0x20,
    0x20, 0x20, 0x20, 0x20, 0x22, 0x63, 0x6F, 0x6D, 0x49, 0x6E, 0x74, 0x65, 0x72, 0x66, 0x61, 0x63,
    0x65, 0x54, 0x79, 0x70, 0x65, 0x4B, 0x69, 0x6E, 0x64, 0x22, 0x3A, 0x20, 0x30, 0x2C, 0x0D, 0x0A,
    0x20, 0x20, 0x20, 0x20, 0x20, 0x20, 0x20, 0x20, 0x20, 0x20, 0x20, 0x20, 0x22, 0x64, 0x65, 0x63,
    0x6C, 0x61, 0x72, 0x69, 0x6E, 0x67, 0x54, 0x79, 0x70, 0x65, 0x53, 0x75, 0x62, 0x6A, 0x65, 0x63,
    0x74, 0x49, 0x64, 0x22, 0x3A, 0x20, 0x22, 0x41, 0x74, 0x74, 0x72, 0x69, 0x62, 0x75, 0x74, 0x65,
    0x73, 0x43, 0x75, 0x73, 0x74, 0x6F, 0x6D, 0x4D, 0x65, 0x74, 0x61, 0x64, 0x61, 0x74, 0x61, 0x53,
    0x75, 0x62, 0x6A, 0x65, 0x63, 0x74, 0x73, 0x2F, 0x41, 0x74, 0x74, 0x72, 0x69, 0x62, 0x75, 0x74,
    0x65, 0x73, 0x43, 0x75, 0x73, 0x74, 0x6F, 0x6D, 0x4D, 0x65, 0x74, 0x61, 0x64, 0x61, 0x74, 0x61,
    0x53, 0x75, 0x62, 0x6A, 0x65, 0x63, 0x74, 0x73, 0x22, 0x2C, 0x0D, 0x0A, 0x20, 0x20, 0x20, 0x20,
    0x20, 0x20, 0x20, 0x20, 0x20, 0x20, 0x20, 0x20, 0x22, 0x64, 0x65, 0x63, 0x6C, 0x61, 0x72, 0x69,
    0x6E, 0x67, 0x54, 0x79, 0x70, 0x65, 0x53, 0x68, 0x61, 0x70, 0x65, 0x22, 0x3A, 0x20, 0x31, 0x2C,
    0x0D, 0x0A, 0x20, 0x20, 0x20, 0x20, 0x20, 0x20, 0x20, 0x20, 0x20, 0x20, 0x20, 0x20, 0x22, 0x66,
    0x69, 0x65, 0x6C, 0x64, 0x54, 0x79, 0x70, 0x65, 0x53, 0x75, 0x62, 0x6A, 0x65, 0x63, 0x74, 0x49,
    0x64, 0x22, 0x3A, 0x20, 0x22, 0x53, 0x79, 0x73, 0x74, 0x65, 0x6D, 0x2E, 0x49, 0x6E, 0x74, 0x33,
    0x32, 0x22, 0x0D, 0x0A, 0x20, 0x20, 0x20, 0x20, 0x20, 0x20, 0x20, 0x20, 0x20, 0x20, 0x7D, 0x2C,
    0x0D, 0x0A, 0x20, 0x20, 0x20, 0x20, 0x20, 0x20, 0x20, 0x20, 0x20, 0x20, 0x22, 0x72, 0x75, 0x6E,
    0x74, 0x69, 0x6D, 0x65, 0x53, 0x65, 0x72, 0x76, 0x69, 0x63, 0x65, 0x4B, 0x69, 0x6E, 0x64, 0x22,
    0x3A, 0x20, 0x35, 0x2C, 0x0D, 0x0A, 0x20, 0x20, 0x20, 0x20, 0x20, 0x20, 0x20, 0x20, 0x20, 0x20,
    0x22, 0x69, 0x73, 0x50, 0x72, 0x65, 0x73, 0x65, 0x72, 0x76, 0x65, 0x53, 0x69, 0x67, 0x22, 0x3A,
    0x20, 0x66, 0x61, 0x6C, 0x73, 0x65, 0x0D, 0x0A, 0x20, 0x20, 0x20, 0x20, 0x20, 0x20, 0x20, 0x20,
    0x7D, 0x2C, 0x0D, 0x0A, 0x20, 0x20, 0x20, 0x20, 0x20, 0x20, 0x20, 0x20, 0x7B, 0x0D, 0x0A, 0x20,
    0x20, 0x20, 0x20, 0x20, 0x20, 0x20, 0x20, 0x20, 0x20, 0x22, 0x6F, 0x70, 0x22, 0x3A, 0x20, 0x22,
    0x72, 0x65, 0x74, 0x22, 0x2C, 0x0D, 0x0A, 0x20, 0x20, 0x20, 0x20, 0x20, 0x20, 0x20, 0x20, 0x20,
    0x20, 0x22, 0x6F, 0x70, 0x43, 0x6F, 0x64, 0x65, 0x22, 0x3A, 0x20, 0x35, 0x33, 0x2C, 0x0D, 0x0A,
    0x20, 0x20, 0x20, 0x20, 0x20, 0x20, 0x20, 0x20, 0x20, 0x20, 0x22, 0x69, 0x6C, 0x4F, 0x66, 0x66,
    0x73, 0x65, 0x74, 0x22, 0x3A, 0x20, 0x35, 0x33, 0x2C, 0x0D, 0x0A, 0x20, 0x20, 0x20, 0x20, 0x20,
    0x20, 0x20, 0x20, 0x20, 0x20, 0x22, 0x69, 0x73, 0x50, 0x72, 0x65, 0x73, 0x65, 0x72, 0x76, 0x65,
    0x53, 0x69, 0x67, 0x22, 0x3A, 0x20, 0x66, 0x61, 0x6C, 0x73, 0x65, 0x0D, 0x0A, 0x20, 0x20, 0x20,
    0x20, 0x20, 0x20, 0x20, 0x20, 0x7D, 0x0D, 0x0A, 0x20, 0x20, 0x20, 0x20, 0x20, 0x20, 0x5D, 0x2C,
    0x0D, 0x0A, 0x20, 0x20, 0x20, 0x20, 0x20, 0x20, 0x22, 0x69, 0x73, 0x50, 0x49, 0x6E, 0x76, 0x6F,
    0x6B, 0x65, 0x22, 0x3A, 0x20, 0x66, 0x61, 0x6C, 0x73, 0x65, 0x2C, 0x0D, 0x0A, 0x20, 0x20, 0x20,
    0x20, 0x20, 0x20, 0x22, 0x69, 0x73, 0x55, 0x6E, 0x6D, 0x61, 0x6E, 0x61, 0x67, 0x65, 0x64, 0x43,
    0x61, 0x6C, 0x6C, 0x65, 0x72, 0x73, 0x4F, 0x6E, 0x6C, 0x79, 0x22, 0x3A, 0x20, 0x66, 0x61, 0x6C,
    0x73, 0x65, 0x2C, 0x0D, 0x0A, 0x20, 0x20, 0x20, 0x20, 0x20, 0x20, 0x22, 0x69, 0x6D, 0x70, 0x6F,
    0x72, 0x74, 0x43, 0x61, 0x6C, 0x6C, 0x69, 0x6E, 0x67, 0x43, 0x6F, 0x6E, 0x76, 0x65, 0x6E, 0x74,
    0x69, 0x6F, 0x6E, 0x22, 0x3A, 0x20, 0x30, 0x2C, 0x0D, 0x0A, 0x20, 0x20, 0x20, 0x20, 0x20, 0x20,
    0x22, 0x69, 0x6D, 0x70, 0x6F, 0x72, 0x74, 0x43, 0x68, 0x61, 0x72, 0x53, 0x65, 0x74, 0x22, 0x3A,
    0x20, 0x30, 0x2C, 0x0D, 0x0A, 0x20, 0x20, 0x20, 0x20, 0x20, 0x20, 0x22, 0x69, 0x6D, 0x70, 0x6F,
    0x72, 0x74, 0x53, 0x65, 0x74, 0x4C, 0x61, 0x73, 0x74, 0x45, 0x72, 0x72, 0x6F, 0x72, 0x22, 0x3A,
    0x20, 0x66, 0x61, 0x6C, 0x73, 0x65, 0x2C, 0x0D, 0x0A, 0x20, 0x20, 0x20, 0x20, 0x20, 0x20, 0x22,
    0x69, 0x73, 0x49, 0x6E, 0x74, 0x65, 0x72, 0x6E, 0x61, 0x6C, 0x4C, 0x69, 0x6E, 0x6B, 0x22, 0x3A,
    0x20, 0x66, 0x61, 0x6C, 0x73, 0x65, 0x2C, 0x0D, 0x0A, 0x20, 0x20, 0x20, 0x20, 0x20, 0x20, 0x22,
    0x69, 0x73, 0x53, 0x75, 0x70, 0x70, 0x72, 0x65, 0x73, 0x73, 0x47, 0x43, 0x54, 0x72, 0x61, 0x6E,
    0x73, 0x69, 0x74, 0x69, 0x6F, 0x6E, 0x22, 0x3A, 0x20, 0x66, 0x61, 0x6C, 0x73, 0x65, 0x2C, 0x0D,
    0x0A, 0x20, 0x20, 0x20, 0x20, 0x20, 0x20, 0x22, 0x68, 0x61, 0x73, 0x42, 0x6C, 0x69, 0x74, 0x74,
    0x61, 0x62, 0x6C, 0x65, 0x53, 0x74, 0x72, 0x75, 0x63, 0x74, 0x52, 0x65, 0x74, 0x75, 0x72, 0x6E,
    0x22, 0x3A, 0x20, 0x66, 0x61, 0x6C, 0x73, 0x65, 0x2C, 0x0D, 0x0A, 0x20, 0x20, 0x20, 0x20, 0x20,
    0x20, 0x22, 0x64, 0x65, 0x63, 0x6C, 0x61, 0x72, 0x69, 0x6E, 0x67, 0x41, 0x73, 0x73, 0x65, 0x6D,
    0x62, 0x6C, 0x79, 0x4E, 0x61, 0x6D, 0x65, 0x22, 0x3A, 0x20, 0x22, 0x41, 0x74, 0x74, 0x72, 0x69,
    0x62, 0x75, 0x74, 0x65, 0x73, 0x43, 0x75, 0x73, 0x74, 0x6F, 0x6D, 0x4D, 0x65, 0x74, 0x61, 0x64,
    0x61, 0x74, 0x61, 0x53, 0x75, 0x62, 0x6A, 0x65, 0x63, 0x74, 0x73, 0x22, 0x0D, 0x0A, 0x20, 0x20,
    0x20, 0x20, 0x7D, 0x00, 0x7B, 0x0D, 0x0A, 0x20, 0x20, 0x20, 0x20, 0x20, 0x20, 0x22, 0x6D, 0x65,
    0x74, 0x68, 0x6F, 0x64, 0x49, 0x64, 0x22, 0x3A, 0x20, 0x22, 0x61, 0x74, 0x74, 0x72, 0x69, 0x62,
    0x75, 0x74, 0x65, 0x73, 0x2D, 0x63, 0x75, 0x73, 0x74, 0x6F, 0x6D, 0x2D, 0x6D, 0x65, 0x74, 0x61,
    0x64, 0x61, 0x74, 0x61, 0x2D, 0x73, 0x75, 0x62, 0x6A, 0x65, 0x63, 0x74, 0x73, 0x2E, 0x61, 0x74,
    0x74, 0x72, 0x69, 0x62, 0x75, 0x74, 0x65, 0x73, 0x2D, 0x63, 0x75, 0x73, 0x74, 0x6F, 0x6D, 0x2D,
    0x6D, 0x65, 0x74, 0x61, 0x64, 0x61, 0x74, 0x61, 0x2D, 0x73, 0x75, 0x62, 0x6A, 0x65, 0x63, 0x74,
    0x73, 0x2E, 0x73, 0x75, 0x62, 0x6A, 0x65, 0x63, 0x74, 0x2D, 0x38, 0x22, 0x2C, 0x0D, 0x0A, 0x20,
    0x20, 0x20, 0x20, 0x20, 0x20, 0x22, 0x73, 0x75, 0x62, 0x6A, 0x65, 0x63, 0x74, 0x49, 0x64, 0x22,
    0x3A, 0x20, 0x22, 0x41, 0x74, 0x74, 0x72, 0x69, 0x62, 0x75, 0x74, 0x65, 0x73, 0x43, 0x75, 0x73,
    0x74, 0x6F, 0x6D, 0x4D, 0x65, 0x74, 0x61, 0x64, 0x61, 0x74, 0x61, 0x53, 0x75, 0x62, 0x6A, 0x65,
    0x63, 0x74, 0x73, 0x2F, 0x41, 0x74, 0x74, 0x72, 0x69, 0x62, 0x75, 0x74, 0x65, 0x73, 0x43, 0x75,
    0x73, 0x74, 0x6F, 0x6D, 0x4D, 0x65, 0x74, 0x61, 0x64, 0x61, 0x74, 0x61, 0x53, 0x75, 0x62, 0x6A,
    0x65, 0x63, 0x74, 0x73, 0x3A, 0x3A, 0x53, 0x75, 0x62, 0x6A, 0x65, 0x63, 0x74, 0x5F, 0x38, 0x3A,
    0x53, 0x79, 0x73, 0x74, 0x65, 0x6D, 0x2E, 0x56, 0x6F, 0x69, 0x64, 0x28, 0x29, 0x22, 0x2C, 0x0D,
    0x0A, 0x20, 0x20, 0x20, 0x20, 0x20, 0x20, 0x22, 0x73, 0x69, 0x67, 0x6E, 0x61, 0x74, 0x75, 0x72,
    0x65, 0x22, 0x3A, 0x20, 0x22, 0x53, 0x79, 0x73, 0x74, 0x65, 0x6D, 0x2E, 0x56, 0x6F, 0x69, 0x64,
    0x20, 0x41, 0x74, 0x74, 0x72, 0x69, 0x62, 0x75, 0x74, 0x65, 0x73, 0x43, 0x75, 0x73, 0x74, 0x6F,
    0x6D, 0x4D, 0x65, 0x74, 0x61, 0x64, 0x61, 0x74, 0x61, 0x53, 0x75, 0x62, 0x6A, 0x65, 0x63, 0x74,
    0x73, 0x3A, 0x3A, 0x53, 0x75, 0x62, 0x6A, 0x65, 0x63, 0x74, 0x5F, 0x38, 0x28, 0x29, 0x22, 0x2C,
    0x0D, 0x0A, 0x20, 0x20, 0x20, 0x20, 0x20, 0x20, 0x22, 0x69, 0x64, 0x65, 0x6E, 0x74, 0x69, 0x74,
    0x79, 0x22, 0x3A, 0x20, 0x7B, 0x0D, 0x0A, 0x20, 0x20, 0x20, 0x20, 0x20, 0x20, 0x20, 0x20, 0x22,
    0x61, 0x73, 0x73, 0x65, 0x6D, 0x62, 0x6C, 0x79, 0x4E, 0x61, 0x6D, 0x65, 0x22, 0x3A, 0x20, 0x22,
    0x41, 0x74, 0x74, 0x72, 0x69, 0x62, 0x75, 0x74, 0x65, 0x73, 0x43, 0x75, 0x73, 0x74, 0x6F, 0x6D,
    0x4D, 0x65, 0x74, 0x61, 0x64, 0x61, 0x74, 0x61, 0x53, 0x75, 0x62, 0x6A, 0x65, 0x63, 0x74, 0x73,
    0x22, 0x2C, 0x0D, 0x0A, 0x20, 0x20, 0x20, 0x20, 0x20, 0x20, 0x20, 0x20, 0x22, 0x64, 0x65, 0x63,
    0x6C, 0x61, 0x72, 0x69, 0x6E, 0x67, 0x54, 0x79, 0x70, 0x65, 0x53, 0x75, 0x62, 0x6A, 0x65, 0x63,
    0x74, 0x49, 0x64, 0x22, 0x3A, 0x20, 0x22, 0x41, 0x74, 0x74, 0x72, 0x69, 0x62, 0x75, 0x74, 0x65,
    0x73, 0x43, 0x75, 0x73, 0x74, 0x6F, 0x6D, 0x4D, 0x65, 0x74, 0x61, 0x64, 0x61, 0x74, 0x61, 0x53,
    0x75, 0x62, 0x6A, 0x65, 0x63, 0x74, 0x73, 0x2F, 0x41, 0x74, 0x74, 0x72, 0x69, 0x62, 0x75, 0x74,
    0x65, 0x73, 0x43, 0x75, 0x73, 0x74, 0x6F, 0x6D, 0x4D, 0x65, 0x74, 0x61, 0x64, 0x61, 0x74, 0x61,
    0x53, 0x75, 0x62, 0x6A, 0x65, 0x63, 0x74, 0x73, 0x22, 0x2C, 0x0D, 0x0A, 0x20, 0x20, 0x20, 0x20,
    0x20, 0x20, 0x20, 0x20, 0x22, 0x64, 0x65, 0x66, 0x69, 0x6E, 0x69, 0x74, 0x69, 0x6F, 0x6E, 0x53,
    0x75, 0x62, 0x6A, 0x65, 0x63, 0x74, 0x49, 0x64, 0x22, 0x3A, 0x20, 0x22, 0x41, 0x74, 0x74, 0x72,
    0x69, 0x62, 0x75, 0x74, 0x65, 0x73, 0x43, 0x75, 0x73, 0x74, 0x6F, 0x6D, 0x4D, 0x65, 0x74, 0x61,
    0x64, 0x61, 0x74, 0x61, 0x53, 0x75, 0x62, 0x6A, 0x65, 0x63, 0x74, 0x73, 0x2F, 0x41, 0x74, 0x74,
    0x72, 0x69, 0x62, 0x75, 0x74, 0x65, 0x73, 0x43, 0x75, 0x73, 0x74, 0x6F, 0x6D, 0x4D, 0x65, 0x74,
    0x61, 0x64, 0x61, 0x74, 0x61, 0x53, 0x75, 0x62, 0x6A, 0x65, 0x63, 0x74, 0x73, 0x3A, 0x3A, 0x53,
    0x75, 0x62, 0x6A, 0x65, 0x63, 0x74, 0x5F, 0x38, 0x3A, 0x53, 0x79, 0x73, 0x74, 0x65, 0x6D, 0x2E,
    0x56, 0x6F, 0x69, 0x64, 0x28, 0x29, 0x22, 0x2C, 0x0D, 0x0A, 0x20, 0x20, 0x20, 0x20, 0x20, 0x20,
    0x20, 0x20, 0x22, 0x73, 0x75, 0x62, 0x6A, 0x65, 0x63, 0x74, 0x49, 0x64, 0x22, 0x3A, 0x20, 0x22,
    0x41, 0x74, 0x74, 0x72, 0x69, 0x62, 0x75, 0x74, 0x65, 0x73, 0x43, 0x75, 0x73, 0x74, 0x6F, 0x6D,
    0x4D, 0x65, 0x74, 0x61, 0x64, 0x61, 0x74, 0x61, 0x53, 0x75, 0x62, 0x6A, 0x65, 0x63, 0x74, 0x73,
    0x2F, 0x41, 0x74, 0x74, 0x72, 0x69, 0x62, 0x75, 0x74, 0x65, 0x73, 0x43, 0x75, 0x73, 0x74, 0x6F,
    0x6D, 0x4D, 0x65, 0x74, 0x61, 0x64, 0x61, 0x74, 0x61, 0x53, 0x75, 0x62, 0x6A, 0x65, 0x63, 0x74,
    0x73, 0x3A, 0x3A, 0x53, 0x75, 0x62, 0x6A, 0x65, 0x63, 0x74, 0x5F, 0x38, 0x3A, 0x53, 0x79, 0x73,
    0x74, 0x65, 0x6D, 0x2E, 0x56, 0x6F, 0x69, 0x64, 0x28, 0x29, 0x22, 0x2C, 0x0D, 0x0A, 0x20, 0x20,
    0x20, 0x20, 0x20, 0x20, 0x20, 0x20, 0x22, 0x6D, 0x65, 0x74, 0x68, 0x6F, 0x64, 0x49, 0x64, 0x22,
    0x3A, 0x20, 0x22, 0x61, 0x74, 0x74, 0x72, 0x69, 0x62, 0x75, 0x74, 0x65, 0x73, 0x2D, 0x63, 0x75,
    0x73, 0x74, 0x6F, 0x6D, 0x2D, 0x6D, 0x65, 0x74, 0x61, 0x64, 0x61, 0x74, 0x61, 0x2D, 0x73, 0x75,
    0x62, 0x6A, 0x65, 0x63, 0x74, 0x73, 0x2E, 0x61, 0x74, 0x74, 0x72, 0x69, 0x62, 0x75, 0x74, 0x65,
    0x73, 0x2D, 0x63, 0x75, 0x73, 0x74, 0x6F, 0x6D, 0x2D, 0x6D, 0x65, 0x74, 0x61, 0x64, 0x61, 0x74,
    0x61, 0x2D, 0x73, 0x75, 0x62, 0x6A, 0x65, 0x63, 0x74, 0x73, 0x2E, 0x73, 0x75, 0x62, 0x6A, 0x65,
    0x63, 0x74, 0x2D, 0x38, 0x22, 0x2C, 0x0D, 0x0A, 0x20, 0x20, 0x20, 0x20, 0x20, 0x20, 0x20, 0x20,
    0x22, 0x73, 0x69, 0x67, 0x6E, 0x61, 0x74, 0x75, 0x72, 0x65, 0x22, 0x3A, 0x20, 0x22, 0x53, 0x79,
    0x73, 0x74, 0x65, 0x6D, 0x2E, 0x56, 0x6F, 0x69, 0x64, 0x20, 0x41, 0x74, 0x74, 0x72, 0x69, 0x62,
    0x75, 0x74, 0x65, 0x73, 0x43, 0x75, 0x73, 0x74, 0x6F, 0x6D, 0x4D, 0x65, 0x74, 0x61, 0x64, 0x61,
    0x74, 0x61, 0x53, 0x75, 0x62, 0x6A, 0x65, 0x63, 0x74, 0x73, 0x3A, 0x3A, 0x53, 0x75, 0x62, 0x6A,
    0x65, 0x63, 0x74, 0x5F, 0x38, 0x28, 0x29, 0x22, 0x0D, 0x0A, 0x20, 0x20, 0x20, 0x20, 0x20, 0x20,
    0x7D, 0x2C, 0x0D, 0x0A, 0x20, 0x20, 0x20, 0x20, 0x20, 0x20, 0x22, 0x6E, 0x61, 0x74, 0x69, 0x76,
    0x65, 0x53, 0x79, 0x6D, 0x62, 0x6F, 0x6C, 0x22, 0x3A, 0x20, 0x22, 0x41, 0x74, 0x74, 0x72, 0x69,
    0x62, 0x75, 0x74, 0x65, 0x73, 0x43, 0x75, 0x73, 0x74, 0x6F, 0x6D, 0x4D, 0x65, 0x74, 0x61, 0x64,
    0x61, 0x74, 0x61, 0x53, 0x75, 0x62, 0x6A, 0x65, 0x63, 0x74, 0x73, 0x5F, 0x41, 0x74, 0x74, 0x72,
    0x69, 0x62, 0x75, 0x74, 0x65, 0x73, 0x43, 0x75, 0x73, 0x74, 0x6F, 0x6D, 0x4D, 0x65, 0x74, 0x61,
    0x64, 0x61, 0x74, 0x61, 0x53, 0x75, 0x62, 0x6A, 0x65, 0x63, 0x74, 0x73, 0x5F, 0x53, 0x75, 0x62,
    0x6A, 0x65, 0x63, 0x74, 0x5F, 0x38, 0x22, 0x2C, 0x0D, 0x0A, 0x20, 0x20, 0x20, 0x20, 0x20, 0x20,
    0x22, 0x69, 0x73, 0x53, 0x74, 0x61, 0x74, 0x69, 0x63, 0x22, 0x3A, 0x20, 0x74, 0x72, 0x75, 0x65,
    0x2C, 0x0D, 0x0A, 0x20, 0x20, 0x20, 0x20, 0x20, 0x20, 0x22, 0x72, 0x65, 0x74, 0x75, 0x72, 0x6E,
    0x54, 0x79, 0x70, 0x65, 0x22, 0x3A, 0x20, 0x22, 0x53, 0x79, 0x73, 0x74, 0x65, 0x6D, 0x2E, 0x56,
    0x6F, 0x69, 0x64, 0x22, 0x2C, 0x0D, 0x0A, 0x20, 0x20, 0x20, 0x20, 0x20, 0x20, 0x22, 0x72, 0x65,
    0x74, 0x75, 0x72, 0x6E, 0x41, 0x62, 0x69, 0x22, 0x3A, 0x20, 0x7B, 0x0D, 0x0A, 0x20, 0x20, 0x20,
    0x20, 0x20, 0x20, 0x20, 0x20, 0x22, 0x63, 0x61, 0x72, 0x72, 0x69, 0x65, 0x72, 0x4B, 0x69, 0x6E,
    0x64, 0x43, 0x6F, 0x64, 0x65, 0x22, 0x3A, 0x20, 0x30, 0x2C, 0x0D, 0x0A, 0x20, 0x20, 0x20, 0x20,
    0x20, 0x20, 0x20, 0x20, 0x22, 0x74, 0x79, 0x70, 0x65, 0x53, 0x68, 0x61, 0x70, 0x65, 0x22, 0x3A,
    0x20, 0x31, 0x0D, 0x0A, 0x20, 0x20, 0x20, 0x20, 0x20, 0x20, 0x7D, 0x2C, 0x0D, 0x0A, 0x20, 0x20,
    0x20, 0x20, 0x20, 0x20, 0x22, 0x70, 0x61, 0x72, 0x61, 0x6D, 0x65, 0x74, 0x65, 0x72, 0x43, 0x6F,
    0x75, 0x6E, 0x74, 0x22, 0x3A, 0x20, 0x30, 0x2C, 0x0D, 0x0A, 0x20, 0x20, 0x20, 0x20, 0x20, 0x20,
    0x22, 0x70, 0x61, 0x72, 0x61, 0x6D, 0x65, 0x74, 0x65, 0x72, 0x41, 0x62, 0x69, 0x73, 0x22, 0x3A,
    0x20, 0x5B, 0x5D, 0x2C, 0x0D, 0x0A, 0x20, 0x20, 0x20, 0x20, 0x20, 0x20, 0x22, 0x6C, 0x6F, 0x63,
    0x61, 0x6C, 0x43, 0x6F, 0x75, 0x6E, 0x74, 0x22, 0x3A, 0x20, 0x30, 0x2C, 0x0D, 0x0A, 0x20, 0x20,
    0x20, 0x20, 0x20, 0x20, 0x22, 0x65, 0x78, 0x63, 0x65, 0x70, 0x74, 0x69, 0x6F, 0x6E, 0x52, 0x65,
    0x67, 0x69, 0x6F, 0x6E, 0x43, 0x6F, 0x75, 0x6E, 0x74, 0x22, 0x3A, 0x20, 0x30, 0x2C, 0x0D, 0x0A,
    0x20, 0x20, 0x20, 0x20, 0x20, 0x20, 0x22, 0x65, 0x78, 0x63, 0x65, 0x70, 0x74, 0x69, 0x6F, 0x6E,
    0x52, 0x65, 0x67, 0x69, 0x6F, 0x6E, 0x73, 0x22, 0x3A, 0x20, 0x5B, 0x5D, 0x2C, 0x0D, 0x0A, 0x20,
    0x20, 0x20, 0x20, 0x20, 0x20, 0x22, 0x69, 0x6E, 0x73, 0x74, 0x72, 0x75, 0x63, 0x74, 0x69, 0x6F,
    0x6E, 0x73, 0x22, 0x3A, 0x20, 0x5B, 0x0D, 0x0A, 0x20, 0x20, 0x20, 0x20, 0x20, 0x20, 0x20, 0x20,
    0x7B, 0x0D, 0x0A, 0x20, 0x20, 0x20, 0x20, 0x20, 0x20, 0x20, 0x20, 0x20, 0x20, 0x22, 0x6F, 0x70,
    0x22, 0x3A, 0x20, 0x22, 0x72, 0x65, 0x74, 0x22, 0x2C, 0x0D, 0x0A, 0x20, 0x20, 0x20, 0x20, 0x20,
    0x20, 0x20, 0x20, 0x20, 0x20, 0x22, 0x6F, 0x70, 0x43, 0x6F, 0x64, 0x65, 0x22, 0x3A, 0x20, 0x35,
    0x33, 0x2C, 0x0D, 0x0A, 0x20, 0x20, 0x20, 0x20, 0x20, 0x20, 0x20, 0x20, 0x20, 0x20, 0x22, 0x69,
    0x6C, 0x4F, 0x66, 0x66, 0x73, 0x65, 0x74, 0x22, 0x3A, 0x20, 0x31, 0x2C, 0x0D, 0x0A, 0x20, 0x20,
    0x20, 0x20, 0x20, 0x20, 0x20, 0x20, 0x20, 0x20, 0x22, 0x69, 0x73, 0x50, 0x72, 0x65, 0x73, 0x65,
    0x72, 0x76, 0x65, 0x53, 0x69, 0x67, 0x22, 0x3A, 0x20, 0x66, 0x61, 0x6C, 0x73, 0x65, 0x0D, 0x0A,
    0x20, 0x20, 0x20, 0x20, 0x20, 0x20, 0x20, 0x20, 0x7D, 0x0D, 0x0A, 0x20, 0x20, 0x20, 0x20, 0x20,
    0x20, 0x5D, 0x2C, 0x0D, 0x0A, 0x20, 0x20, 0x20, 0x20, 0x20, 0x20, 0x22, 0x69, 0x73, 0x50, 0x49,
    0x6E, 0x76, 0x6F, 0x6B, 0x65, 0x22, 0x3A, 0x20, 0x66, 0x61, 0x6C, 0x73, 0x65, 0x2C, 0x0D, 0x0A,
    0x20, 0x20, 0x20, 0x20, 0x20, 0x20, 0x22, 0x69, 0x73, 0x55, 0x6E, 0x6D, 0x61, 0x6E, 0x61, 0x67,
    0x65, 0x64, 0x43, 0x61, 0x6C, 0x6C, 0x65, 0x72, 0x73, 0x4F, 0x6E, 0x6C, 0x79, 0x22, 0x3A, 0x20,
    0x66, 0x61, 0x6C, 0x73, 0x65, 0x2C, 0x0D, 0x0A, 0x20, 0x20, 0x20, 0x20, 0x20, 0x20, 0x22, 0x69,
    0x6D, 0x70, 0x6F, 0x72, 0x74, 0x43, 0x61, 0x6C, 0x6C, 0x69, 0x6E, 0x67, 0x43, 0x6F, 0x6E, 0x76,
    0x65, 0x6E, 0x74, 0x69, 0x6F, 0x6E, 0x22, 0x3A, 0x20, 0x30, 0x2C, 0x0D, 0x0A, 0x20, 0x20, 0x20,
    0x20, 0x20, 0x20, 0x22, 0x69, 0x6D, 0x70, 0x6F, 0x72, 0x74, 0x43, 0x68, 0x61, 0x72, 0x53, 0x65,
    0x74, 0x22, 0x3A, 0x20, 0x30, 0x2C, 0x0D, 0x0A, 0x20, 0x20, 0x20, 0x20, 0x20, 0x20, 0x22, 0x69,
    0x6D, 0x70, 0x6F, 0x72, 0x74, 0x53, 0x65, 0x74, 0x4C, 0x61, 0x73, 0x74, 0x45, 0x72, 0x72, 0x6F,
    0x72, 0x22, 0x3A, 0x20, 0x66, 0x61, 0x6C, 0x73, 0x65, 0x2C, 0x0D, 0x0A, 0x20, 0x20, 0x20, 0x20,
    0x20, 0x20, 0x22, 0x69, 0x73, 0x49, 0x6E, 0x74, 0x65, 0x72, 0x6E, 0x61, 0x6C, 0x4C, 0x69, 0x6E,
    0x6B, 0x22, 0x3A, 0x20, 0x66, 0x61, 0x6C, 0x73, 0x65, 0x2C, 0x0D, 0x0A, 0x20, 0x20, 0x20, 0x20,
    0x20, 0x20, 0x22, 0x69, 0x73, 0x53, 0x75, 0x70, 0x70, 0x72, 0x65, 0x73, 0x73, 0x47, 0x43, 0x54,
    0x72, 0x61, 0x6E, 0x73, 0x69, 0x74, 0x69, 0x6F, 0x6E, 0x22, 0x3A, 0x20, 0x66, 0x61, 0x6C, 0x73,
    0x65, 0x2C, 0x0D, 0x0A, 0x20, 0x20, 0x20, 0x20, 0x20, 0x20, 0x22, 0x68, 0x61, 0x73, 0x42, 0x6C,
    0x69, 0x74, 0x74, 0x61, 0x62, 0x6C, 0x65, 0x53, 0x74, 0x72, 0x75, 0x63, 0x74, 0x52, 0x65, 0x74,
    0x75, 0x72, 0x6E, 0x22, 0x3A, 0x20, 0x66, 0x61, 0x6C, 0x73, 0x65, 0x2C, 0x0D, 0x0A, 0x20, 0x20,
    0x20, 0x20, 0x20, 0x20, 0x22, 0x64, 0x65, 0x63, 0x6C, 0x61, 0x72, 0x69, 0x6E, 0x67, 0x41, 0x73,
    0x73, 0x65, 0x6D, 0x62, 0x6C, 0x79, 0x4E, 0x61, 0x6D, 0x65, 0x22, 0x3A, 0x20, 0x22, 0x41, 0x74,
    0x74, 0x72, 0x69, 0x62, 0x75, 0x74, 0x65, 0x73, 0x43, 0x75, 0x73, 0x74, 0x6F, 0x6D, 0x4D, 0x65,
    0x74, 0x61, 0x64, 0x61, 0x74, 0x61, 0x53, 0x75, 0x62, 0x6A, 0x65, 0x63, 0x74, 0x73, 0x22, 0x0D,
    0x0A, 0x20, 0x20, 0x20, 0x20, 0x7D, 0x00, 0x00,
};
extern const size_t kPatchDataSize;
extern const size_t kPatchDataSize = 122776u;
